# Blender 4.1.1
# www.blender.org
mtllib Title.mtl
o テキスト
v -1.152157 0.205040 -0.100000
v -1.152115 0.201678 -0.100000
v -1.151988 0.198210 -0.100000
v -1.151775 0.194635 -0.100000
v -1.151479 0.190955 -0.100000
v -1.151097 0.187169 -0.100000
v -1.150630 0.183276 -0.100000
v -1.150078 0.179277 -0.100000
v -1.149442 0.175173 -0.100000
v -1.148721 0.170962 -0.100000
v -1.147915 0.166645 -0.100000
v -1.147024 0.162223 -0.100000
v -1.146048 0.157694 -0.100000
v -0.819206 0.157694 -0.100000
v -0.819023 0.155761 -0.100000
v -0.818856 0.153907 -0.100000
v -0.818705 0.152133 -0.100000
v -0.818569 0.150439 -0.100000
v -0.818450 0.148824 -0.100000
v -0.818347 0.147289 -0.100000
v -0.818259 0.145833 -0.100000
v -0.818188 0.144457 -0.100000
v -0.818132 0.143161 -0.100000
v -0.818092 0.141943 -0.100000
v -0.818068 0.140806 -0.100000
v -0.818060 0.139748 -0.100000
v -0.818307 0.131157 -0.100000
v -0.819047 0.122820 -0.100000
v -0.820280 0.114738 -0.100000
v -0.822006 0.106911 -0.100000
v -0.824225 0.099338 -0.100000
v -0.826938 0.092020 -0.100000
v -0.830144 0.084956 -0.100000
v -0.833842 0.078147 -0.100000
v -0.838035 0.071592 -0.100000
v -0.842720 0.065292 -0.100000
v -0.847898 0.059247 -0.100000
v -0.853570 0.053456 -0.100000
v -0.859663 0.048028 -0.100000
v -0.866107 0.043072 -0.100000
v -0.872900 0.038588 -0.100000
v -0.880043 0.034576 -0.100000
v -0.887537 0.031037 -0.100000
v -0.895380 0.027969 -0.100000
v -0.903573 0.025373 -0.100000
v -0.912117 0.023249 -0.100000
v -0.921010 0.021597 -0.100000
v -0.930253 0.020417 -0.100000
v -0.939847 0.019709 -0.100000
v -0.949790 0.019473 -0.100000
v -0.955751 0.019554 -0.100000
v -0.961796 0.019797 -0.100000
v -0.967927 0.020201 -0.100000
v -0.974142 0.020767 -0.100000
v -0.980442 0.021495 -0.100000
v -0.986827 0.022384 -0.100000
v -0.993297 0.023436 -0.100000
v -0.999851 0.024649 -0.100000
v -1.006491 0.026024 -0.100000
v -1.013215 0.027560 -0.100000
v -1.020025 0.029259 -0.100000
v -1.026919 0.031119 -0.100000
v -1.033773 0.033117 -0.100000
v -1.040463 0.035229 -0.100000
v -1.046988 0.037455 -0.100000
v -1.053349 0.039795 -0.100000
v -1.059546 0.042249 -0.100000
v -1.065579 0.044817 -0.100000
v -1.071447 0.047499 -0.100000
v -1.077150 0.050295 -0.100000
v -1.082689 0.053205 -0.100000
v -1.088064 0.056229 -0.100000
v -1.093274 0.059367 -0.100000
v -1.098320 0.062619 -0.100000
v -1.099760 0.063534 -0.100000
v -1.101152 0.064369 -0.100000
v -1.102496 0.065125 -0.100000
v -1.103793 0.065801 -0.100000
v -1.105042 0.066398 -0.100000
v -1.106243 0.066915 -0.100000
v -1.107396 0.067352 -0.100000
v -1.108502 0.067710 -0.100000
v -1.109560 0.067989 -0.100000
v -1.110570 0.068188 -0.100000
v -1.111533 0.068307 -0.100000
v -1.112448 0.068347 -0.100000
v -1.113264 0.068321 -0.100000
v -1.114060 0.068246 -0.100000
v -1.114834 0.068120 -0.100000
v -1.115587 0.067944 -0.100000
v -1.116319 0.067717 -0.100000
v -1.117029 0.067440 -0.100000
v -1.117719 0.067112 -0.100000
v -1.118387 0.066735 -0.100000
v -1.119034 0.066306 -0.100000
v -1.119660 0.065828 -0.100000
v -1.120264 0.065299 -0.100000
v -1.120848 0.064719 -0.100000
v -1.121397 0.064100 -0.100000
v -1.121898 0.063452 -0.100000
v -1.122351 0.062774 -0.100000
v -1.122757 0.062068 -0.100000
v -1.123115 0.061332 -0.100000
v -1.123425 0.060567 -0.100000
v -1.123687 0.059773 -0.100000
v -1.123902 0.058950 -0.100000
v -1.124069 0.058097 -0.100000
v -1.124189 0.057215 -0.100000
v -1.124260 0.056305 -0.100000
v -1.124284 0.055365 -0.100000
v -1.124242 0.054224 -0.100000
v -1.124114 0.053095 -0.100000
v -1.123902 0.051976 -0.100000
v -1.123605 0.050868 -0.100000
v -1.123223 0.049770 -0.100000
v -1.122757 0.048683 -0.100000
v -1.122205 0.047606 -0.100000
v -1.121569 0.046540 -0.100000
v -1.120848 0.045485 -0.100000
v -1.120041 0.044440 -0.100000
v -1.119151 0.043406 -0.100000
v -1.118175 0.042383 -0.100000
v -1.115004 0.039268 -0.100000
v -1.111344 0.036162 -0.100000
v -1.107197 0.033064 -0.100000
v -1.102562 0.029973 -0.100000
v -1.097440 0.026891 -0.100000
v -1.091829 0.023816 -0.100000
v -1.085730 0.020750 -0.100000
v -1.079144 0.017691 -0.100000
v -1.072070 0.014641 -0.100000
v -1.064507 0.011598 -0.100000
v -1.056457 0.008563 -0.100000
v -1.047919 0.005536 -0.100000
v -1.039127 0.002640 -0.100000
v -1.030313 -0.000005 -0.100000
v -1.021478 -0.002398 -0.100000
v -1.012622 -0.004539 -0.100000
v -1.003744 -0.006429 -0.100000
v -0.994846 -0.008066 -0.100000
v -0.985926 -0.009451 -0.100000
v -0.976985 -0.010585 -0.100000
v -0.968022 -0.011467 -0.100000
v -0.959039 -0.012096 -0.100000
v -0.950034 -0.012474 -0.100000
v -0.941008 -0.012600 -0.100000
v -0.929491 -0.012311 -0.100000
v -0.918358 -0.011444 -0.100000
v -0.907610 -0.009999 -0.100000
v -0.897247 -0.007976 -0.100000
v -0.887267 -0.005375 -0.100000
v -0.877673 -0.002196 -0.100000
v -0.868463 0.001562 -0.100000
v -0.859637 0.005897 -0.100000
v -0.851196 0.010810 -0.100000
v -0.843139 0.016302 -0.100000
v -0.835467 0.022371 -0.100000
v -0.828179 0.029019 -0.100000
v -0.821379 0.036112 -0.100000
v -0.815170 0.043517 -0.100000
v -0.809553 0.051236 -0.100000
v -0.804527 0.059268 -0.100000
v -0.800092 0.067612 -0.100000
v -0.796249 0.076270 -0.100000
v -0.792996 0.085240 -0.100000
v -0.790336 0.094523 -0.100000
v -0.788266 0.104119 -0.100000
v -0.786788 0.114028 -0.100000
v -0.785901 0.124250 -0.100000
v -0.785605 0.134784 -0.100000
v -0.785732 0.141815 -0.100000
v -0.786114 0.148779 -0.100000
v -0.786751 0.155677 -0.100000
v -0.787642 0.162509 -0.100000
v -0.788787 0.169274 -0.100000
v -0.790187 0.175974 -0.100000
v -0.791842 0.182607 -0.100000
v -0.793751 0.189173 -0.100000
v -0.795914 0.195673 -0.100000
v -0.798333 0.202107 -0.100000
v -0.801005 0.208475 -0.100000
v -0.803933 0.214777 -0.100000
v -0.807068 0.220973 -0.100000
v -0.810365 0.227027 -0.100000
v -0.813824 0.232937 -0.100000
v -0.817445 0.238704 -0.100000
v -0.821228 0.244328 -0.100000
v -0.825172 0.249809 -0.100000
v -0.829278 0.255147 -0.100000
v -0.833545 0.260341 -0.100000
v -0.837975 0.265392 -0.100000
v -0.842566 0.270300 -0.100000
v -0.847319 0.275065 -0.100000
v -0.852234 0.279687 -0.100000
v -0.857293 0.284169 -0.100000
v -0.862479 0.288517 -0.100000
v -0.867793 0.292729 -0.100000
v -0.873234 0.296805 -0.100000
v -0.878802 0.300747 -0.100000
v -0.884498 0.304553 -0.100000
v -0.890321 0.308224 -0.100000
v -0.896271 0.311760 -0.100000
v -0.902348 0.315161 -0.100000
v -0.908553 0.318426 -0.100000
v -0.914885 0.321556 -0.100000
v -0.921344 0.324551 -0.100000
v -0.927916 0.327357 -0.100000
v -0.934586 0.329918 -0.100000
v -0.941354 0.332236 -0.100000
v -0.948220 0.334309 -0.100000
v -0.955185 0.336139 -0.100000
v -0.962247 0.337724 -0.100000
v -0.969408 0.339066 -0.100000
v -0.976666 0.340164 -0.100000
v -0.984023 0.341018 -0.100000
v -0.991478 0.341627 -0.100000
v -0.999031 0.341993 -0.100000
v -1.006682 0.342115 -0.100000
v -1.017449 0.341848 -0.100000
v -1.027857 0.341044 -0.100000
v -1.037908 0.339705 -0.100000
v -1.047601 0.337830 -0.100000
v -1.056936 0.335420 -0.100000
v -1.065912 0.332474 -0.100000
v -1.074531 0.328993 -0.100000
v -1.082792 0.324976 -0.100000
v -1.090695 0.320423 -0.100000
v -1.098240 0.315334 -0.100000
v -1.105427 0.309711 -0.100000
v -1.112257 0.303551 -0.100000
v -1.118630 0.296975 -0.100000
v -1.124448 0.290102 -0.100000
v -1.129713 0.282932 -0.100000
v -1.134424 0.275466 -0.100000
v -1.138580 0.267702 -0.100000
v -1.142182 0.259641 -0.100000
v -1.145230 0.251283 -0.100000
v -1.147724 0.242629 -0.100000
v -1.149664 0.233677 -0.100000
v -1.151049 0.224428 -0.100000
v -1.151880 0.214883 -0.100000
v -0.826079 0.190149 -0.100000
v -1.120084 0.190149 -0.100000
v -1.120158 0.198798 -0.100000
v -1.119745 0.207183 -0.100000
v -1.118843 0.215302 -0.100000
v -1.117454 0.223156 -0.100000
v -1.115576 0.230744 -0.100000
v -1.113211 0.238068 -0.100000
v -1.110358 0.245126 -0.100000
v -1.107017 0.251920 -0.100000
v -1.103188 0.258448 -0.100000
v -1.098872 0.264711 -0.100000
v -1.094067 0.270709 -0.100000
v -1.088774 0.276441 -0.100000
v -1.083015 0.281747 -0.100000
v -1.076938 0.286592 -0.100000
v -1.070542 0.290975 -0.100000
v -1.063828 0.294896 -0.100000
v -1.056796 0.298357 -0.100000
v -1.049446 0.301355 -0.100000
v -1.041778 0.303893 -0.100000
v -1.033791 0.305969 -0.100000
v -1.025487 0.307584 -0.100000
v -1.016864 0.308737 -0.100000
v -1.007923 0.309429 -0.100000
v -0.998664 0.309660 -0.100000
v -0.989550 0.309435 -0.100000
v -0.980538 0.308759 -0.100000
v -0.971626 0.307632 -0.100000
v -0.962814 0.306054 -0.100000
v -0.954104 0.304026 -0.100000
v -0.945494 0.301546 -0.100000
v -0.936986 0.298616 -0.100000
v -0.928577 0.295236 -0.100000
v -0.920270 0.291404 -0.100000
v -0.912063 0.287122 -0.100000
v -0.903958 0.282389 -0.100000
v -0.895953 0.277205 -0.100000
v -0.888176 0.271642 -0.100000
v -0.880754 0.265771 -0.100000
v -0.873687 0.259593 -0.100000
v -0.866976 0.253108 -0.100000
v -0.860620 0.246314 -0.100000
v -0.854620 0.239213 -0.100000
v -0.848975 0.231805 -0.100000
v -0.843685 0.224089 -0.100000
v -0.838750 0.216065 -0.100000
v -0.834171 0.207734 -0.100000
v -0.829947 0.199095 -0.100000
v -0.462963 0.479191 -0.100000
v -0.587820 0.479191 -0.100000
v -0.492745 0.032073 -0.100000
v -0.618748 0.032073 -0.100000
v -0.620482 0.032051 -0.100000
v -0.622120 0.031983 -0.100000
v -0.623664 0.031870 -0.100000
v -0.625111 0.031713 -0.100000
v -0.626464 0.031510 -0.100000
v -0.627720 0.031262 -0.100000
v -0.628882 0.030969 -0.100000
v -0.629948 0.030631 -0.100000
v -0.630918 0.030248 -0.100000
v -0.631793 0.029819 -0.100000
v -0.632573 0.029346 -0.100000
v -0.633257 0.028828 -0.100000
v -0.633867 0.028267 -0.100000
v -0.634424 0.027666 -0.100000
v -0.634927 0.027026 -0.100000
v -0.635378 0.026346 -0.100000
v -0.635776 0.025626 -0.100000
v -0.636121 0.024866 -0.100000
v -0.636412 0.024067 -0.100000
v -0.636651 0.023228 -0.100000
v -0.636837 0.022349 -0.100000
v -0.636969 0.021430 -0.100000
v -0.637049 0.020471 -0.100000
v -0.637075 0.019473 -0.100000
v -0.637031 0.018153 -0.100000
v -0.636900 0.016864 -0.100000
v -0.636681 0.015607 -0.100000
v -0.636375 0.014382 -0.100000
v -0.635981 0.013189 -0.100000
v -0.635500 0.012027 -0.100000
v -0.634931 0.010898 -0.100000
v -0.634275 0.009800 -0.100000
v -0.633531 0.008734 -0.100000
v -0.632700 0.007700 -0.100000
v -0.631781 0.006698 -0.100000
v -0.630775 0.005727 -0.100000
v -0.629681 0.004813 -0.100000
v -0.628500 0.003977 -0.100000
v -0.627231 0.003222 -0.100000
v -0.625875 0.002545 -0.100000
v -0.624431 0.001949 -0.100000
v -0.622900 0.001432 -0.100000
v -0.621281 0.000994 -0.100000
v -0.619575 0.000636 -0.100000
v -0.617781 0.000358 -0.100000
v -0.615900 0.000159 -0.100000
v -0.613931 0.000040 -0.100000
v -0.611875 -0.000000 -0.100000
v -0.327797 -0.000000 -0.100000
v -0.326063 0.000024 -0.100000
v -0.324424 0.000095 -0.100000
v -0.322881 0.000215 -0.100000
v -0.321433 0.000382 -0.100000
v -0.320081 0.000597 -0.100000
v -0.318824 0.000859 -0.100000
v -0.317663 0.001169 -0.100000
v -0.316597 0.001527 -0.100000
v -0.315626 0.001933 -0.100000
v -0.314751 0.002386 -0.100000
v -0.313971 0.002888 -0.100000
v -0.313287 0.003436 -0.100000
v -0.312678 0.004028 -0.100000
v -0.312121 0.004656 -0.100000
v -0.311617 0.005322 -0.100000
v -0.311166 0.006024 -0.100000
v -0.310769 0.006764 -0.100000
v -0.310424 0.007541 -0.100000
v -0.310132 0.008355 -0.100000
v -0.309894 0.009206 -0.100000
v -0.309708 0.010094 -0.100000
v -0.309575 0.011020 -0.100000
v -0.309496 0.011982 -0.100000
v -0.309469 0.012982 -0.100000
v -0.309513 0.014242 -0.100000
v -0.309644 0.015475 -0.100000
v -0.309863 0.016681 -0.100000
v -0.310169 0.017861 -0.100000
v -0.310563 0.019014 -0.100000
v -0.311044 0.020141 -0.100000
v -0.311613 0.021242 -0.100000
v -0.312269 0.022316 -0.100000
v -0.313013 0.023363 -0.100000
v -0.313844 0.024384 -0.100000
v -0.314763 0.025378 -0.100000
v -0.315769 0.026346 -0.100000
v -0.316863 0.027261 -0.100000
v -0.318044 0.028096 -0.100000
v -0.319313 0.028852 -0.100000
v -0.320669 0.029528 -0.100000
v -0.322113 0.030124 -0.100000
v -0.323645 0.030641 -0.100000
v -0.325263 0.031079 -0.100000
v -0.326970 0.031437 -0.100000
v -0.328763 0.031715 -0.100000
v -0.330645 0.031914 -0.100000
v -0.332613 0.032034 -0.100000
v -0.334670 0.032073 -0.100000
v -0.460672 0.032073 -0.100000
v -0.548874 0.446735 -0.100000
v -0.456090 0.446735 -0.100000
v -0.454356 0.446759 -0.100000
v -0.452717 0.446831 -0.100000
v -0.451174 0.446950 -0.100000
v -0.449726 0.447117 -0.100000
v -0.448374 0.447332 -0.100000
v -0.447117 0.447594 -0.100000
v -0.445956 0.447905 -0.100000
v -0.444890 0.448263 -0.100000
v -0.443919 0.448668 -0.100000
v -0.443044 0.449122 -0.100000
v -0.442265 0.449623 -0.100000
v -0.441581 0.450172 -0.100000
v -0.440971 0.450763 -0.100000
v -0.440414 0.451392 -0.100000
v -0.439910 0.452057 -0.100000
v -0.439459 0.452760 -0.100000
v -0.439062 0.453500 -0.100000
v -0.438717 0.454276 -0.100000
v -0.438425 0.455090 -0.100000
v -0.438187 0.455942 -0.100000
v -0.438001 0.456830 -0.100000
v -0.437869 0.457755 -0.100000
v -0.437789 0.458718 -0.100000
v -0.437762 0.459717 -0.100000
v -0.437806 0.460978 -0.100000
v -0.437937 0.462215 -0.100000
v -0.438156 0.463428 -0.100000
v -0.438462 0.464618 -0.100000
v -0.438856 0.465783 -0.100000
v -0.439337 0.466924 -0.100000
v -0.439906 0.468042 -0.100000
v -0.440563 0.469136 -0.100000
v -0.441306 0.470206 -0.100000
v -0.442138 0.471252 -0.100000
v -0.443056 0.472274 -0.100000
v -0.444063 0.473272 -0.100000
v -0.445156 0.474218 -0.100000
v -0.446338 0.475081 -0.100000
v -0.447606 0.475861 -0.100000
v -0.448963 0.476560 -0.100000
v -0.450406 0.477177 -0.100000
v -0.451938 0.477711 -0.100000
v -0.453557 0.478163 -0.100000
v -0.455263 0.478533 -0.100000
v -0.457057 0.478821 -0.100000
v -0.458938 0.479026 -0.100000
v -0.460907 0.479149 -0.100000
v -0.025773 0.425353 -0.100000
v -0.005918 0.330661 -0.100000
v -0.180031 0.330661 -0.100000
v -0.181824 0.330639 -0.100000
v -0.183515 0.330576 -0.100000
v -0.185102 0.330470 -0.100000
v -0.186585 0.330321 -0.100000
v -0.187965 0.330130 -0.100000
v -0.189242 0.329897 -0.100000
v -0.190415 0.329621 -0.100000
v -0.191485 0.329303 -0.100000
v -0.192452 0.328942 -0.100000
v -0.193315 0.328539 -0.100000
v -0.194075 0.328094 -0.100000
v -0.194731 0.327606 -0.100000
v -0.195310 0.327073 -0.100000
v -0.195839 0.326492 -0.100000
v -0.196318 0.325864 -0.100000
v -0.196746 0.325188 -0.100000
v -0.197124 0.324464 -0.100000
v -0.197451 0.323692 -0.100000
v -0.197728 0.322873 -0.100000
v -0.197955 0.322006 -0.100000
v -0.198131 0.321091 -0.100000
v -0.198257 0.320129 -0.100000
v -0.198333 0.319118 -0.100000
v -0.198358 0.318060 -0.100000
v -0.198340 0.316932 -0.100000
v -0.198284 0.315838 -0.100000
v -0.198191 0.314779 -0.100000
v -0.198061 0.313754 -0.100000
v -0.197894 0.312764 -0.100000
v -0.197690 0.311808 -0.100000
v -0.197449 0.310887 -0.100000
v -0.197170 0.310000 -0.100000
v -0.196855 0.309147 -0.100000
v -0.196502 0.308329 -0.100000
v -0.196112 0.307546 -0.100000
v -0.195685 0.306796 -0.100000
v -0.195232 0.306082 -0.100000
v -0.194763 0.305402 -0.100000
v -0.194277 0.304756 -0.100000
v -0.193776 0.304145 -0.100000
v -0.193259 0.303568 -0.100000
v -0.192726 0.303026 -0.100000
v -0.192177 0.302518 -0.100000
v -0.191613 0.302045 -0.100000
v -0.191032 0.301606 -0.100000
v -0.190435 0.301202 -0.100000
v -0.189823 0.300832 -0.100000
v -0.189194 0.300496 -0.100000
v -0.188325 0.300130 -0.100000
v -0.187370 0.299796 -0.100000
v -0.186331 0.299494 -0.100000
v -0.185206 0.299224 -0.100000
v -0.183997 0.298985 -0.100000
v -0.182703 0.298778 -0.100000
v -0.181325 0.298603 -0.100000
v -0.179861 0.298460 -0.100000
v -0.178312 0.298349 -0.100000
v -0.176679 0.298269 -0.100000
v -0.174961 0.298221 -0.100000
v -0.173158 0.298205 -0.100000
v 0.000955 0.298205 -0.100000
v 0.046392 0.084765 -0.100000
v 0.046697 0.083248 -0.100000
v 0.046975 0.081753 -0.100000
v 0.047227 0.080279 -0.100000
v 0.047452 0.078826 -0.100000
v 0.047651 0.077394 -0.100000
v 0.047824 0.075983 -0.100000
v 0.047969 0.074594 -0.100000
v 0.048089 0.073226 -0.100000
v 0.048182 0.071879 -0.100000
v 0.048248 0.070553 -0.100000
v 0.048288 0.069248 -0.100000
v 0.048301 0.067965 -0.100000
v 0.048170 0.064933 -0.100000
v 0.047776 0.061946 -0.100000
v 0.047120 0.059004 -0.100000
v 0.046201 0.056107 -0.100000
v 0.045020 0.053255 -0.100000
v 0.043576 0.050449 -0.100000
v 0.041870 0.047687 -0.100000
v 0.039901 0.044971 -0.100000
v 0.037669 0.042299 -0.100000
v 0.035176 0.039673 -0.100000
v 0.032419 0.037091 -0.100000
v 0.029401 0.034555 -0.100000
v 0.026130 0.032146 -0.100000
v 0.022618 0.029947 -0.100000
v 0.018865 0.027957 -0.100000
v 0.014870 0.026176 -0.100000
v 0.010634 0.024605 -0.100000
v 0.006157 0.023244 -0.100000
v 0.001438 0.022091 -0.100000
v -0.003521 0.021149 -0.100000
v -0.008722 0.020416 -0.100000
v -0.014165 0.019892 -0.100000
v -0.019848 0.019578 -0.100000
v -0.025773 0.019473 -0.100000
v -0.031478 0.019539 -0.100000
v -0.037265 0.019738 -0.100000
v -0.043134 0.020070 -0.100000
v -0.049086 0.020534 -0.100000
v -0.055119 0.021130 -0.100000
v -0.061235 0.021859 -0.100000
v -0.067433 0.022721 -0.100000
v -0.073713 0.023716 -0.100000
v -0.080076 0.024842 -0.100000
v -0.086521 0.026102 -0.100000
v -0.093047 0.027494 -0.100000
v -0.099656 0.029019 -0.100000
v -0.106194 0.030631 -0.100000
v -0.112506 0.032285 -0.100000
v -0.118592 0.033982 -0.100000
v -0.124454 0.035722 -0.100000
v -0.130090 0.037504 -0.100000
v -0.135500 0.039328 -0.100000
v -0.140685 0.041195 -0.100000
v -0.145645 0.043104 -0.100000
v -0.150379 0.045055 -0.100000
v -0.154888 0.047049 -0.100000
v -0.159172 0.049086 -0.100000
v -0.163230 0.051165 -0.100000
v -0.164667 0.051957 -0.100000
v -0.166052 0.052681 -0.100000
v -0.167383 0.053336 -0.100000
v -0.168661 0.053922 -0.100000
v -0.169886 0.054439 -0.100000
v -0.171058 0.054887 -0.100000
v -0.172177 0.055267 -0.100000
v -0.173243 0.055577 -0.100000
v -0.174255 0.055818 -0.100000
v -0.175215 0.055990 -0.100000
v -0.176122 0.056094 -0.100000
v -0.176976 0.056128 -0.100000
v -0.177854 0.056103 -0.100000
v -0.178705 0.056028 -0.100000
v -0.179529 0.055902 -0.100000
v -0.180328 0.055725 -0.100000
v -0.181099 0.055499 -0.100000
v -0.181844 0.055221 -0.100000
v -0.182563 0.054894 -0.100000
v -0.183255 0.054516 -0.100000
v -0.183920 0.054088 -0.100000
v -0.184559 0.053609 -0.100000
v -0.185172 0.053080 -0.100000
v -0.185758 0.052501 -0.100000
v -0.186307 0.051879 -0.100000
v -0.186808 0.051223 -0.100000
v -0.187261 0.050532 -0.100000
v -0.187667 0.049807 -0.100000
v -0.188025 0.049047 -0.100000
v -0.188335 0.048253 -0.100000
v -0.188598 0.047425 -0.100000
v -0.188812 0.046561 -0.100000
v -0.188980 0.045664 -0.100000
v -0.189099 0.044732 -0.100000
v -0.189170 0.043765 -0.100000
v -0.189194 0.042764 -0.100000
v -0.189128 0.041436 -0.100000
v -0.188929 0.040123 -0.100000
v -0.188598 0.038827 -0.100000
v -0.188134 0.037546 -0.100000
v -0.187537 0.036281 -0.100000
v -0.186808 0.035032 -0.100000
v -0.185946 0.033799 -0.100000
v -0.184952 0.032582 -0.100000
v -0.183825 0.031381 -0.100000
v -0.182565 0.030196 -0.100000
v -0.181173 0.029027 -0.100000
v -0.179649 0.027873 -0.100000
v -0.175520 0.025094 -0.100000
v -0.170899 0.022358 -0.100000
v -0.165784 0.019664 -0.100000
v -0.160176 0.017012 -0.100000
v -0.154074 0.014403 -0.100000
v -0.147480 0.011837 -0.100000
v -0.140392 0.009312 -0.100000
v -0.132812 0.006830 -0.100000
v -0.124737 0.004391 -0.100000
v -0.116170 0.001994 -0.100000
v -0.107110 -0.000361 -0.100000
v -0.097556 -0.002673 -0.100000
v -0.090535 -0.004258 -0.100000
v -0.083598 -0.005706 -0.100000
v -0.076747 -0.007016 -0.100000
v -0.069980 -0.008188 -0.100000
v -0.063298 -0.009222 -0.100000
v -0.056701 -0.010118 -0.100000
v -0.050189 -0.010877 -0.100000
v -0.043761 -0.011497 -0.100000
v -0.037419 -0.011980 -0.100000
v -0.031161 -0.012324 -0.100000
v -0.024988 -0.012531 -0.100000
v -0.018900 -0.012600 -0.100000
v -0.011095 -0.012446 -0.100000
v -0.003590 -0.011985 -0.100000
v 0.003615 -0.011216 -0.100000
v 0.010521 -0.010140 -0.100000
v 0.017128 -0.008755 -0.100000
v 0.023435 -0.007064 -0.100000
v 0.029442 -0.005064 -0.100000
v 0.035149 -0.002758 -0.100000
v 0.040557 -0.000143 -0.100000
v 0.045665 0.002779 -0.100000
v 0.050474 0.006008 -0.100000
v 0.054983 0.009546 -0.100000
v 0.059160 0.013300 -0.100000
v 0.062975 0.017182 -0.100000
v 0.066426 0.021191 -0.100000
v 0.069513 0.025328 -0.100000
v 0.072238 0.029591 -0.100000
v 0.074599 0.033982 -0.100000
v 0.076597 0.038501 -0.100000
v 0.078232 0.043146 -0.100000
v 0.079503 0.047919 -0.100000
v 0.080411 0.052819 -0.100000
v 0.080956 0.057846 -0.100000
v 0.081138 0.063001 -0.100000
v 0.081122 0.064669 -0.100000
v 0.081074 0.066363 -0.100000
v 0.080995 0.068084 -0.100000
v 0.080883 0.069832 -0.100000
v 0.080740 0.071605 -0.100000
v 0.080565 0.073406 -0.100000
v 0.080358 0.075233 -0.100000
v 0.080120 0.077086 -0.100000
v 0.079849 0.078966 -0.100000
v 0.079547 0.080873 -0.100000
v 0.079213 0.082806 -0.100000
v 0.078847 0.084765 -0.100000
v 0.033410 0.298205 -0.100000
v 0.092593 0.298205 -0.100000
v 0.094327 0.298229 -0.100000
v 0.095965 0.298301 -0.100000
v 0.097509 0.298420 -0.100000
v 0.098956 0.298587 -0.100000
v 0.100309 0.298802 -0.100000
v 0.101565 0.299065 -0.100000
v 0.102727 0.299375 -0.100000
v 0.103793 0.299733 -0.100000
v 0.104763 0.300138 -0.100000
v 0.105638 0.300592 -0.100000
v 0.106418 0.301093 -0.100000
v 0.107102 0.301642 -0.100000
v 0.107712 0.302233 -0.100000
v 0.108269 0.302862 -0.100000
v 0.108772 0.303527 -0.100000
v 0.109223 0.304230 -0.100000
v 0.109621 0.304970 -0.100000
v 0.109966 0.305746 -0.100000
v 0.110257 0.306560 -0.100000
v 0.110496 0.307412 -0.100000
v 0.110682 0.308300 -0.100000
v 0.110814 0.309225 -0.100000
v 0.110894 0.310188 -0.100000
v 0.110920 0.311187 -0.100000
v 0.110876 0.312448 -0.100000
v 0.110745 0.313685 -0.100000
v 0.110526 0.314898 -0.100000
v 0.110220 0.316088 -0.100000
v 0.109826 0.317253 -0.100000
v 0.109345 0.318394 -0.100000
v 0.108776 0.319512 -0.100000
v 0.108120 0.320606 -0.100000
v 0.107376 0.321676 -0.100000
v 0.106545 0.322722 -0.100000
v 0.105626 0.323744 -0.100000
v 0.104620 0.324742 -0.100000
v 0.103526 0.325688 -0.100000
v 0.102345 0.326551 -0.100000
v 0.101076 0.327331 -0.100000
v 0.099720 0.328030 -0.100000
v 0.098276 0.328647 -0.100000
v 0.096745 0.329181 -0.100000
v 0.095126 0.329633 -0.100000
v 0.093420 0.330003 -0.100000
v 0.091626 0.330291 -0.100000
v 0.089745 0.330496 -0.100000
v 0.087776 0.330619 -0.100000
v 0.085720 0.330661 -0.100000
v 0.026537 0.330661 -0.100000
v 0.006300 0.425353 -0.100000
v 0.005894 0.427217 -0.100000
v 0.005441 0.428991 -0.100000
v 0.004940 0.430675 -0.100000
v 0.004391 0.432268 -0.100000
v 0.003794 0.433772 -0.100000
v 0.003150 0.435185 -0.100000
v 0.002458 0.436508 -0.100000
v 0.001718 0.437741 -0.100000
v 0.000931 0.438884 -0.100000
v 0.000095 0.439937 -0.100000
v -0.000788 0.440899 -0.100000
v -0.001718 0.441772 -0.100000
v -0.002683 0.442564 -0.100000
v -0.003670 0.443288 -0.100000
v -0.004677 0.443943 -0.100000
v -0.005706 0.444529 -0.100000
v -0.006756 0.445046 -0.100000
v -0.007827 0.445494 -0.100000
v -0.008920 0.445874 -0.100000
v -0.010034 0.446184 -0.100000
v -0.011168 0.446425 -0.100000
v -0.012324 0.446597 -0.100000
v -0.013502 0.446701 -0.100000
v -0.014700 0.446735 -0.100000
v -0.015579 0.446712 -0.100000
v -0.016434 0.446640 -0.100000
v -0.017266 0.446521 -0.100000
v -0.018073 0.446354 -0.100000
v -0.018857 0.446139 -0.100000
v -0.019616 0.445876 -0.100000
v -0.020352 0.445566 -0.100000
v -0.021064 0.445208 -0.100000
v -0.021752 0.444802 -0.100000
v -0.022416 0.444349 -0.100000
v -0.023057 0.443848 -0.100000
v -0.023673 0.443299 -0.100000
v -0.024253 0.442716 -0.100000
v -0.024782 0.442111 -0.100000
v -0.025260 0.441485 -0.100000
v -0.025688 0.440838 -0.100000
v -0.026066 0.440170 -0.100000
v -0.026394 0.439481 -0.100000
v -0.026671 0.438770 -0.100000
v -0.026897 0.438038 -0.100000
v -0.027074 0.437285 -0.100000
v -0.027200 0.436511 -0.100000
v -0.027275 0.435715 -0.100000
v -0.027300 0.434899 -0.100000
v -0.027290 0.434366 -0.100000
v -0.027258 0.433785 -0.100000
v -0.027205 0.433157 -0.100000
v -0.027131 0.432481 -0.100000
v -0.027035 0.431757 -0.100000
v -0.026919 0.430985 -0.100000
v -0.026781 0.430166 -0.100000
v -0.026622 0.429299 -0.100000
v -0.026441 0.428384 -0.100000
v -0.026240 0.427421 -0.100000
v -0.026017 0.426411 -0.100000
v 0.507636 0.330661 -0.100000
v 0.382016 0.330661 -0.100000
v 0.445399 0.032073 -0.100000
v 0.319397 0.032073 -0.100000
v 0.317663 0.032051 -0.100000
v 0.316024 0.031983 -0.100000
v 0.314481 0.031870 -0.100000
v 0.313033 0.031713 -0.100000
v 0.311681 0.031510 -0.100000
v 0.310424 0.031262 -0.100000
v 0.309262 0.030969 -0.100000
v 0.308196 0.030631 -0.100000
v 0.307226 0.030248 -0.100000
v 0.306351 0.029819 -0.100000
v 0.305571 0.029346 -0.100000
v 0.304887 0.028828 -0.100000
v 0.304278 0.028267 -0.100000
v 0.303721 0.027666 -0.100000
v 0.303217 0.027026 -0.100000
v 0.302766 0.026346 -0.100000
v 0.302368 0.025626 -0.100000
v 0.302024 0.024866 -0.100000
v 0.301732 0.024067 -0.100000
v 0.301493 0.023228 -0.100000
v 0.301308 0.022349 -0.100000
v 0.301175 0.021430 -0.100000
v 0.301096 0.020471 -0.100000
v 0.301069 0.019473 -0.100000
v 0.301113 0.018153 -0.100000
v 0.301244 0.016864 -0.100000
v 0.301463 0.015607 -0.100000
v 0.301769 0.014382 -0.100000
v 0.302163 0.013189 -0.100000
v 0.302644 0.012027 -0.100000
v 0.303213 0.010898 -0.100000
v 0.303869 0.009800 -0.100000
v 0.304613 0.008734 -0.100000
v 0.305444 0.007700 -0.100000
v 0.306363 0.006698 -0.100000
v 0.307369 0.005727 -0.100000
v 0.308463 0.004813 -0.100000
v 0.309644 0.003977 -0.100000
v 0.310913 0.003222 -0.100000
v 0.312269 0.002545 -0.100000
v 0.313713 0.001949 -0.100000
v 0.315244 0.001432 -0.100000
v 0.316863 0.000994 -0.100000
v 0.318569 0.000636 -0.100000
v 0.320363 0.000358 -0.100000
v 0.322244 0.000159 -0.100000
v 0.324213 0.000040 -0.100000
v 0.326270 -0.000000 -0.100000
v 0.610347 -0.000000 -0.100000
v 0.612082 0.000024 -0.100000
v 0.613720 0.000095 -0.100000
v 0.615263 0.000215 -0.100000
v 0.616711 0.000382 -0.100000
v 0.618064 0.000597 -0.100000
v 0.619320 0.000859 -0.100000
v 0.620482 0.001169 -0.100000
v 0.621548 0.001527 -0.100000
v 0.622518 0.001933 -0.100000
v 0.623393 0.002386 -0.100000
v 0.624173 0.002888 -0.100000
v 0.624857 0.003436 -0.100000
v 0.625467 0.004028 -0.100000
v 0.626024 0.004656 -0.100000
v 0.626527 0.005322 -0.100000
v 0.626978 0.006024 -0.100000
v 0.627376 0.006764 -0.100000
v 0.627721 0.007541 -0.100000
v 0.628012 0.008355 -0.100000
v 0.628251 0.009206 -0.100000
v 0.628436 0.010094 -0.100000
v 0.628569 0.011020 -0.100000
v 0.628649 0.011982 -0.100000
v 0.628675 0.012982 -0.100000
v 0.628631 0.014242 -0.100000
v 0.628500 0.015475 -0.100000
v 0.628281 0.016681 -0.100000
v 0.627975 0.017861 -0.100000
v 0.627581 0.019014 -0.100000
v 0.627100 0.020141 -0.100000
v 0.626531 0.021242 -0.100000
v 0.625875 0.022316 -0.100000
v 0.625131 0.023363 -0.100000
v 0.624300 0.024384 -0.100000
v 0.623381 0.025378 -0.100000
v 0.622375 0.026346 -0.100000
v 0.621281 0.027261 -0.100000
v 0.620100 0.028096 -0.100000
v 0.618831 0.028852 -0.100000
v 0.617475 0.029528 -0.100000
v 0.616031 0.030124 -0.100000
v 0.614500 0.030641 -0.100000
v 0.612881 0.031079 -0.100000
v 0.611175 0.031437 -0.100000
v 0.609381 0.031715 -0.100000
v 0.607499 0.031914 -0.100000
v 0.605531 0.032034 -0.100000
v 0.603475 0.032073 -0.100000
v 0.477472 0.032073 -0.100000
v 0.420962 0.298205 -0.100000
v 0.514509 0.298205 -0.100000
v 0.516245 0.298229 -0.100000
v 0.517887 0.298301 -0.100000
v 0.519437 0.298420 -0.100000
v 0.520894 0.298587 -0.100000
v 0.522259 0.298802 -0.100000
v 0.523530 0.299065 -0.100000
v 0.524709 0.299375 -0.100000
v 0.525794 0.299733 -0.100000
v 0.526787 0.300138 -0.100000
v 0.527688 0.300592 -0.100000
v 0.528495 0.301093 -0.100000
v 0.529210 0.301642 -0.100000
v 0.529850 0.302233 -0.100000
v 0.530435 0.302862 -0.100000
v 0.530964 0.303527 -0.100000
v 0.531437 0.304230 -0.100000
v 0.531855 0.304970 -0.100000
v 0.532216 0.305746 -0.100000
v 0.532523 0.306560 -0.100000
v 0.532773 0.307412 -0.100000
v 0.532968 0.308300 -0.100000
v 0.533107 0.309225 -0.100000
v 0.533191 0.310188 -0.100000
v 0.533219 0.311187 -0.100000
v 0.533174 0.312448 -0.100000
v 0.533038 0.313685 -0.100000
v 0.532813 0.314898 -0.100000
v 0.532498 0.316088 -0.100000
v 0.532092 0.317253 -0.100000
v 0.531596 0.318394 -0.100000
v 0.531010 0.319512 -0.100000
v 0.530334 0.320606 -0.100000
v 0.529568 0.321676 -0.100000
v 0.528711 0.322722 -0.100000
v 0.527765 0.323744 -0.100000
v 0.526728 0.324742 -0.100000
v 0.525604 0.325688 -0.100000
v 0.524394 0.326551 -0.100000
v 0.523100 0.327331 -0.100000
v 0.521722 0.328030 -0.100000
v 0.520258 0.328647 -0.100000
v 0.518709 0.329181 -0.100000
v 0.517076 0.329633 -0.100000
v 0.515358 0.330003 -0.100000
v 0.513555 0.330291 -0.100000
v 0.511667 0.330496 -0.100000
v 0.509694 0.330619 -0.100000
v 0.395380 0.495227 -0.100000
v 0.348415 0.495227 -0.100000
v 0.365979 0.412371 -0.100000
v 0.412944 0.412371 -0.100000
v 0.703131 0.414662 -0.100000
v 0.834479 0.414662 -0.100000
v 0.915808 0.032073 -0.100000
v 0.832570 0.032073 -0.100000
v 0.830836 0.032051 -0.100000
v 0.829197 0.031983 -0.100000
v 0.827654 0.031870 -0.100000
v 0.826206 0.031713 -0.100000
v 0.824854 0.031510 -0.100000
v 0.823597 0.031262 -0.100000
v 0.822435 0.030969 -0.100000
v 0.821370 0.030631 -0.100000
v 0.820399 0.030248 -0.100000
v 0.819524 0.029819 -0.100000
v 0.818744 0.029346 -0.100000
v 0.818060 0.028828 -0.100000
v 0.817450 0.028267 -0.100000
v 0.816894 0.027666 -0.100000
v 0.816390 0.027026 -0.100000
v 0.815939 0.026346 -0.100000
v 0.815541 0.025626 -0.100000
v 0.815197 0.024866 -0.100000
v 0.814905 0.024067 -0.100000
v 0.814666 0.023228 -0.100000
v 0.814481 0.022349 -0.100000
v 0.814348 0.021430 -0.100000
v 0.814269 0.020471 -0.100000
v 0.814242 0.019473 -0.100000
v 0.814286 0.018153 -0.100000
v 0.814417 0.016864 -0.100000
v 0.814636 0.015607 -0.100000
v 0.814942 0.014382 -0.100000
v 0.815336 0.013189 -0.100000
v 0.815817 0.012027 -0.100000
v 0.816386 0.010898 -0.100000
v 0.817042 0.009800 -0.100000
v 0.817786 0.008734 -0.100000
v 0.818617 0.007700 -0.100000
v 0.819536 0.006698 -0.100000
v 0.820542 0.005727 -0.100000
v 0.821636 0.004813 -0.100000
v 0.822817 0.003977 -0.100000
v 0.824086 0.003222 -0.100000
v 0.825442 0.002545 -0.100000
v 0.826886 0.001949 -0.100000
v 0.828417 0.001432 -0.100000
v 0.830036 0.000994 -0.100000
v 0.831743 0.000636 -0.100000
v 0.833536 0.000358 -0.100000
v 0.835418 0.000159 -0.100000
v 0.837386 0.000040 -0.100000
v 0.839443 -0.000000 -0.100000
v 1.038373 -0.000000 -0.100000
v 1.040108 0.000024 -0.100000
v 1.041746 0.000095 -0.100000
v 1.043289 0.000215 -0.100000
v 1.044737 0.000382 -0.100000
v 1.046090 0.000597 -0.100000
v 1.047346 0.000859 -0.100000
v 1.048508 0.001169 -0.100000
v 1.049574 0.001527 -0.100000
v 1.050544 0.001933 -0.100000
v 1.051419 0.002386 -0.100000
v 1.052199 0.002888 -0.100000
v 1.052883 0.003436 -0.100000
v 1.053493 0.004028 -0.100000
v 1.054049 0.004656 -0.100000
v 1.054553 0.005322 -0.100000
v 1.055004 0.006024 -0.100000
v 1.055402 0.006764 -0.100000
v 1.055746 0.007541 -0.100000
v 1.056038 0.008355 -0.100000
v 1.056277 0.009206 -0.100000
v 1.056462 0.010094 -0.100000
v 1.056595 0.011020 -0.100000
v 1.056674 0.011982 -0.100000
v 1.056701 0.012982 -0.100000
v 1.056657 0.014242 -0.100000
v 1.056526 0.015475 -0.100000
v 1.056307 0.016681 -0.100000
v 1.056001 0.017861 -0.100000
v 1.055607 0.019014 -0.100000
v 1.055126 0.020141 -0.100000
v 1.054557 0.021242 -0.100000
v 1.053901 0.022316 -0.100000
v 1.053157 0.023363 -0.100000
v 1.052326 0.024384 -0.100000
v 1.051407 0.025378 -0.100000
v 1.050401 0.026346 -0.100000
v 1.049307 0.027261 -0.100000
v 1.048126 0.028096 -0.100000
v 1.046857 0.028852 -0.100000
v 1.045501 0.029528 -0.100000
v 1.044057 0.030124 -0.100000
v 1.042526 0.030641 -0.100000
v 1.040907 0.031079 -0.100000
v 1.039201 0.031437 -0.100000
v 1.037407 0.031715 -0.100000
v 1.035526 0.031914 -0.100000
v 1.033557 0.032034 -0.100000
v 1.031501 0.032073 -0.100000
v 0.948263 0.032073 -0.100000
v 0.866934 0.414662 -0.100000
v 0.998282 0.414662 -0.100000
v 1.021955 0.303551 -0.100000
v 1.022359 0.301626 -0.100000
v 1.022809 0.299796 -0.100000
v 1.023303 0.298062 -0.100000
v 1.023843 0.296424 -0.100000
v 1.024427 0.294880 -0.100000
v 1.025057 0.293433 -0.100000
v 1.025732 0.292080 -0.100000
v 1.026452 0.290824 -0.100000
v 1.027217 0.289662 -0.100000
v 1.028027 0.288596 -0.100000
v 1.028882 0.287626 -0.100000
v 1.029782 0.286751 -0.100000
v 1.030717 0.285958 -0.100000
v 1.031676 0.285234 -0.100000
v 1.032658 0.284579 -0.100000
v 1.033664 0.283993 -0.100000
v 1.034694 0.283476 -0.100000
v 1.035748 0.283028 -0.100000
v 1.036826 0.282649 -0.100000
v 1.037928 0.282338 -0.100000
v 1.039054 0.282097 -0.100000
v 1.040203 0.281925 -0.100000
v 1.041376 0.281821 -0.100000
v 1.042573 0.281787 -0.100000
v 1.043513 0.281812 -0.100000
v 1.044424 0.281888 -0.100000
v 1.045306 0.282014 -0.100000
v 1.046158 0.282190 -0.100000
v 1.046982 0.282417 -0.100000
v 1.047776 0.282694 -0.100000
v 1.048541 0.283021 -0.100000
v 1.049276 0.283399 -0.100000
v 1.049983 0.283827 -0.100000
v 1.050661 0.284306 -0.100000
v 1.051309 0.284835 -0.100000
v 1.051928 0.285414 -0.100000
v 1.052508 0.286025 -0.100000
v 1.053037 0.286650 -0.100000
v 1.053515 0.287288 -0.100000
v 1.053943 0.287939 -0.100000
v 1.054321 0.288603 -0.100000
v 1.054649 0.289280 -0.100000
v 1.054926 0.289971 -0.100000
v 1.055153 0.290675 -0.100000
v 1.055329 0.291392 -0.100000
v 1.055455 0.292123 -0.100000
v 1.055530 0.292866 -0.100000
v 1.055556 0.293624 -0.100000
v 1.055545 0.294217 -0.100000
v 1.055513 0.294854 -0.100000
v 1.055460 0.295533 -0.100000
v 1.055386 0.296254 -0.100000
v 1.055290 0.297018 -0.100000
v 1.055174 0.297824 -0.100000
v 1.055036 0.298672 -0.100000
v 1.054877 0.299563 -0.100000
v 1.054696 0.300496 -0.100000
v 1.054495 0.301472 -0.100000
v 1.054272 0.302490 -0.100000
v 1.054028 0.303551 -0.100000
v 1.023482 0.446735 -0.100000
v 0.664185 0.446735 -0.100000
v 0.694731 0.303551 -0.100000
v 0.695136 0.301626 -0.100000
v 0.695590 0.299796 -0.100000
v 0.696091 0.298062 -0.100000
v 0.696640 0.296424 -0.100000
v 0.697236 0.294880 -0.100000
v 0.697881 0.293433 -0.100000
v 0.698573 0.292080 -0.100000
v 0.699313 0.290824 -0.100000
v 0.700100 0.289662 -0.100000
v 0.700935 0.288596 -0.100000
v 0.701818 0.287626 -0.100000
v 0.702749 0.286751 -0.100000
v 0.703714 0.285958 -0.100000
v 0.704701 0.285234 -0.100000
v 0.705708 0.284579 -0.100000
v 0.706737 0.283993 -0.100000
v 0.707787 0.283476 -0.100000
v 0.708858 0.283028 -0.100000
v 0.709951 0.282649 -0.100000
v 0.711064 0.282338 -0.100000
v 0.712199 0.282097 -0.100000
v 0.713355 0.281925 -0.100000
v 0.714533 0.281821 -0.100000
v 0.715731 0.281787 -0.100000
v 0.716610 0.281812 -0.100000
v 0.717465 0.281888 -0.100000
v 0.718297 0.282014 -0.100000
v 0.719104 0.282190 -0.100000
v 0.719888 0.282417 -0.100000
v 0.720647 0.282694 -0.100000
v 0.721383 0.283021 -0.100000
v 0.722095 0.283399 -0.100000
v 0.722783 0.283827 -0.100000
v 0.723447 0.284306 -0.100000
v 0.724088 0.284835 -0.100000
v 0.724704 0.285414 -0.100000
v 0.725283 0.286025 -0.100000
v 0.725812 0.286650 -0.100000
v 0.726291 0.287288 -0.100000
v 0.726719 0.287939 -0.100000
v 0.727097 0.288603 -0.100000
v 0.727425 0.289280 -0.100000
v 0.727702 0.289971 -0.100000
v 0.727928 0.290675 -0.100000
v 0.728105 0.291392 -0.100000
v 0.728231 0.292123 -0.100000
v 0.728306 0.292866 -0.100000
v 0.728331 0.293624 -0.100000
v 0.728321 0.294217 -0.100000
v 0.728289 0.294854 -0.100000
v 0.728236 0.295533 -0.100000
v 0.728162 0.296254 -0.100000
v 0.728066 0.297018 -0.100000
v 0.727950 0.297824 -0.100000
v 0.727812 0.298672 -0.100000
v 0.727653 0.299563 -0.100000
v 0.727472 0.300496 -0.100000
v 0.727271 0.301472 -0.100000
v 0.727048 0.302490 -0.100000
v 0.726804 0.303551 -0.100000
v -1.152157 0.205040 0.100000
v -1.152115 0.201678 0.100000
v -1.151988 0.198210 0.100000
v -1.151775 0.194635 0.100000
v -1.151479 0.190955 0.100000
v -1.151097 0.187169 0.100000
v -1.150630 0.183276 0.100000
v -1.150078 0.179277 0.100000
v -1.149442 0.175173 0.100000
v -1.148721 0.170962 0.100000
v -1.147915 0.166645 0.100000
v -1.147024 0.162223 0.100000
v -1.146048 0.157694 0.100000
v -0.819206 0.157694 0.100000
v -0.819023 0.155761 0.100000
v -0.818856 0.153907 0.100000
v -0.818705 0.152133 0.100000
v -0.818569 0.150439 0.100000
v -0.818450 0.148824 0.100000
v -0.818347 0.147289 0.100000
v -0.818259 0.145833 0.100000
v -0.818188 0.144457 0.100000
v -0.818132 0.143161 0.100000
v -0.818092 0.141943 0.100000
v -0.818068 0.140806 0.100000
v -0.818060 0.139748 0.100000
v -0.818307 0.131157 0.100000
v -0.819047 0.122820 0.100000
v -0.820280 0.114738 0.100000
v -0.822006 0.106911 0.100000
v -0.824225 0.099338 0.100000
v -0.826938 0.092020 0.100000
v -0.830144 0.084956 0.100000
v -0.833842 0.078147 0.100000
v -0.838035 0.071592 0.100000
v -0.842720 0.065292 0.100000
v -0.847898 0.059247 0.100000
v -0.853570 0.053456 0.100000
v -0.859663 0.048028 0.100000
v -0.866107 0.043072 0.100000
v -0.872900 0.038588 0.100000
v -0.880043 0.034576 0.100000
v -0.887537 0.031037 0.100000
v -0.895380 0.027969 0.100000
v -0.903573 0.025373 0.100000
v -0.912117 0.023249 0.100000
v -0.921010 0.021597 0.100000
v -0.930253 0.020417 0.100000
v -0.939847 0.019709 0.100000
v -0.949790 0.019473 0.100000
v -0.955751 0.019554 0.100000
v -0.961796 0.019797 0.100000
v -0.967927 0.020201 0.100000
v -0.974142 0.020767 0.100000
v -0.980442 0.021495 0.100000
v -0.986827 0.022385 0.100000
v -0.993297 0.023436 0.100000
v -0.999851 0.024649 0.100000
v -1.006491 0.026024 0.100000
v -1.013215 0.027560 0.100000
v -1.020025 0.029259 0.100000
v -1.026919 0.031119 0.100000
v -1.033773 0.033117 0.100000
v -1.040463 0.035229 0.100000
v -1.046988 0.037455 0.100000
v -1.053349 0.039795 0.100000
v -1.059546 0.042249 0.100000
v -1.065579 0.044817 0.100000
v -1.071447 0.047499 0.100000
v -1.077150 0.050295 0.100000
v -1.082689 0.053205 0.100000
v -1.088064 0.056229 0.100000
v -1.093274 0.059367 0.100000
v -1.098320 0.062619 0.100000
v -1.099760 0.063534 0.100000
v -1.101152 0.064369 0.100000
v -1.102496 0.065125 0.100000
v -1.103793 0.065801 0.100000
v -1.105042 0.066398 0.100000
v -1.106243 0.066915 0.100000
v -1.107396 0.067352 0.100000
v -1.108502 0.067710 0.100000
v -1.109560 0.067989 0.100000
v -1.110570 0.068188 0.100000
v -1.111533 0.068307 0.100000
v -1.112448 0.068347 0.100000
v -1.113264 0.068322 0.100000
v -1.114060 0.068246 0.100000
v -1.114834 0.068120 0.100000
v -1.115587 0.067944 0.100000
v -1.116319 0.067717 0.100000
v -1.117029 0.067440 0.100000
v -1.117719 0.067112 0.100000
v -1.118387 0.066735 0.100000
v -1.119034 0.066306 0.100000
v -1.119660 0.065828 0.100000
v -1.120264 0.065299 0.100000
v -1.120848 0.064719 0.100000
v -1.121397 0.064100 0.100000
v -1.121898 0.063452 0.100000
v -1.122351 0.062774 0.100000
v -1.122757 0.062068 0.100000
v -1.123115 0.061332 0.100000
v -1.123425 0.060567 0.100000
v -1.123687 0.059773 0.100000
v -1.123902 0.058950 0.100000
v -1.124069 0.058097 0.100000
v -1.124189 0.057215 0.100000
v -1.124260 0.056305 0.100000
v -1.124284 0.055365 0.100000
v -1.124242 0.054224 0.100000
v -1.124114 0.053095 0.100000
v -1.123902 0.051976 0.100000
v -1.123605 0.050868 0.100000
v -1.123223 0.049770 0.100000
v -1.122757 0.048683 0.100000
v -1.122205 0.047606 0.100000
v -1.121569 0.046540 0.100000
v -1.120848 0.045485 0.100000
v -1.120041 0.044440 0.100000
v -1.119151 0.043406 0.100000
v -1.118175 0.042383 0.100000
v -1.115004 0.039268 0.100000
v -1.111344 0.036162 0.100000
v -1.107197 0.033064 0.100000
v -1.102562 0.029973 0.100000
v -1.097440 0.026891 0.100000
v -1.091829 0.023816 0.100000
v -1.085730 0.020750 0.100000
v -1.079144 0.017691 0.100000
v -1.072070 0.014641 0.100000
v -1.064507 0.011598 0.100000
v -1.056457 0.008563 0.100000
v -1.047919 0.005536 0.100000
v -1.039127 0.002640 0.100000
v -1.030313 -0.000005 0.100000
v -1.021478 -0.002398 0.100000
v -1.012622 -0.004539 0.100000
v -1.003744 -0.006429 0.100000
v -0.994846 -0.008066 0.100000
v -0.985926 -0.009451 0.100000
v -0.976985 -0.010585 0.100000
v -0.968022 -0.011467 0.100000
v -0.959039 -0.012096 0.100000
v -0.950034 -0.012474 0.100000
v -0.941008 -0.012600 0.100000
v -0.929491 -0.012311 0.100000
v -0.918358 -0.011444 0.100000
v -0.907610 -0.009999 0.100000
v -0.897247 -0.007976 0.100000
v -0.887267 -0.005375 0.100000
v -0.877673 -0.002195 0.100000
v -0.868463 0.001562 0.100000
v -0.859637 0.005897 0.100000
v -0.851196 0.010810 0.100000
v -0.843139 0.016302 0.100000
v -0.835467 0.022371 0.100000
v -0.828179 0.029019 0.100000
v -0.821379 0.036112 0.100000
v -0.815170 0.043517 0.100000
v -0.809553 0.051236 0.100000
v -0.804527 0.059268 0.100000
v -0.800092 0.067612 0.100000
v -0.796249 0.076270 0.100000
v -0.792996 0.085240 0.100000
v -0.790336 0.094523 0.100000
v -0.788266 0.104119 0.100000
v -0.786788 0.114028 0.100000
v -0.785901 0.124250 0.100000
v -0.785605 0.134784 0.100000
v -0.785732 0.141815 0.100000
v -0.786114 0.148779 0.100000
v -0.786751 0.155677 0.100000
v -0.787642 0.162509 0.100000
v -0.788787 0.169274 0.100000
v -0.790187 0.175974 0.100000
v -0.791842 0.182607 0.100000
v -0.793751 0.189173 0.100000
v -0.795914 0.195673 0.100000
v -0.798333 0.202107 0.100000
v -0.801005 0.208475 0.100000
v -0.803933 0.214777 0.100000
v -0.807068 0.220973 0.100000
v -0.810365 0.227027 0.100000
v -0.813824 0.232937 0.100000
v -0.817445 0.238704 0.100000
v -0.821228 0.244328 0.100000
v -0.825172 0.249809 0.100000
v -0.829278 0.255147 0.100000
v -0.833545 0.260341 0.100000
v -0.837975 0.265392 0.100000
v -0.842566 0.270300 0.100000
v -0.847319 0.275065 0.100000
v -0.852234 0.279687 0.100000
v -0.857293 0.284169 0.100000
v -0.862479 0.288517 0.100000
v -0.867793 0.292729 0.100000
v -0.873234 0.296805 0.100000
v -0.878802 0.300747 0.100000
v -0.884498 0.304553 0.100000
v -0.890321 0.308224 0.100000
v -0.896271 0.311760 0.100000
v -0.902348 0.315161 0.100000
v -0.908553 0.318426 0.100000
v -0.914885 0.321556 0.100000
v -0.921344 0.324551 0.100000
v -0.927916 0.327357 0.100000
v -0.934586 0.329918 0.100000
v -0.941354 0.332236 0.100000
v -0.948220 0.334309 0.100000
v -0.955185 0.336139 0.100000
v -0.962247 0.337724 0.100000
v -0.969408 0.339066 0.100000
v -0.976666 0.340164 0.100000
v -0.984023 0.341018 0.100000
v -0.991478 0.341627 0.100000
v -0.999031 0.341993 0.100000
v -1.006682 0.342115 0.100000
v -1.017449 0.341848 0.100000
v -1.027857 0.341044 0.100000
v -1.037908 0.339705 0.100000
v -1.047601 0.337830 0.100000
v -1.056936 0.335420 0.100000
v -1.065912 0.332474 0.100000
v -1.074531 0.328993 0.100000
v -1.082792 0.324976 0.100000
v -1.090695 0.320423 0.100000
v -1.098240 0.315334 0.100000
v -1.105427 0.309711 0.100000
v -1.112257 0.303551 0.100000
v -1.118630 0.296975 0.100000
v -1.124448 0.290102 0.100000
v -1.129713 0.282932 0.100000
v -1.134424 0.275466 0.100000
v -1.138580 0.267702 0.100000
v -1.142182 0.259641 0.100000
v -1.145230 0.251283 0.100000
v -1.147724 0.242629 0.100000
v -1.149664 0.233677 0.100000
v -1.151049 0.224428 0.100000
v -1.151880 0.214883 0.100000
v -0.826079 0.190149 0.100000
v -1.120084 0.190149 0.100000
v -1.120158 0.198798 0.100000
v -1.119745 0.207183 0.100000
v -1.118843 0.215302 0.100000
v -1.117454 0.223156 0.100000
v -1.115576 0.230744 0.100000
v -1.113211 0.238068 0.100000
v -1.110358 0.245126 0.100000
v -1.107017 0.251920 0.100000
v -1.103188 0.258448 0.100000
v -1.098872 0.264711 0.100000
v -1.094067 0.270709 0.100000
v -1.088774 0.276441 0.100000
v -1.083015 0.281747 0.100000
v -1.076938 0.286592 0.100000
v -1.070542 0.290975 0.100000
v -1.063828 0.294896 0.100000
v -1.056796 0.298357 0.100000
v -1.049446 0.301355 0.100000
v -1.041778 0.303893 0.100000
v -1.033791 0.305969 0.100000
v -1.025487 0.307584 0.100000
v -1.016864 0.308737 0.100000
v -1.007923 0.309429 0.100000
v -0.998664 0.309660 0.100000
v -0.989550 0.309435 0.100000
v -0.980538 0.308759 0.100000
v -0.971626 0.307632 0.100000
v -0.962814 0.306054 0.100000
v -0.954104 0.304026 0.100000
v -0.945494 0.301546 0.100000
v -0.936986 0.298616 0.100000
v -0.928577 0.295236 0.100000
v -0.920270 0.291404 0.100000
v -0.912063 0.287122 0.100000
v -0.903958 0.282389 0.100000
v -0.895953 0.277205 0.100000
v -0.888176 0.271642 0.100000
v -0.880754 0.265771 0.100000
v -0.873687 0.259593 0.100000
v -0.866976 0.253108 0.100000
v -0.860620 0.246314 0.100000
v -0.854620 0.239213 0.100000
v -0.848975 0.231805 0.100000
v -0.843685 0.224089 0.100000
v -0.838750 0.216065 0.100000
v -0.834171 0.207734 0.100000
v -0.829947 0.199095 0.100000
v -0.462963 0.479191 0.100000
v -0.587820 0.479191 0.100000
v -0.492745 0.032073 0.100000
v -0.618748 0.032073 0.100000
v -0.620482 0.032051 0.100000
v -0.622120 0.031983 0.100000
v -0.623664 0.031870 0.100000
v -0.625111 0.031713 0.100000
v -0.626464 0.031510 0.100000
v -0.627720 0.031262 0.100000
v -0.628882 0.030969 0.100000
v -0.629948 0.030631 0.100000
v -0.630918 0.030248 0.100000
v -0.631793 0.029819 0.100000
v -0.632573 0.029346 0.100000
v -0.633257 0.028828 0.100000
v -0.633867 0.028267 0.100000
v -0.634424 0.027666 0.100000
v -0.634927 0.027026 0.100000
v -0.635378 0.026346 0.100000
v -0.635776 0.025626 0.100000
v -0.636121 0.024866 0.100000
v -0.636412 0.024067 0.100000
v -0.636651 0.023228 0.100000
v -0.636837 0.022349 0.100000
v -0.636969 0.021430 0.100000
v -0.637049 0.020471 0.100000
v -0.637075 0.019473 0.100000
v -0.637031 0.018153 0.100000
v -0.636900 0.016864 0.100000
v -0.636681 0.015607 0.100000
v -0.636375 0.014382 0.100000
v -0.635981 0.013189 0.100000
v -0.635500 0.012027 0.100000
v -0.634931 0.010898 0.100000
v -0.634275 0.009800 0.100000
v -0.633531 0.008734 0.100000
v -0.632700 0.007700 0.100000
v -0.631781 0.006698 0.100000
v -0.630775 0.005727 0.100000
v -0.629681 0.004813 0.100000
v -0.628500 0.003977 0.100000
v -0.627231 0.003222 0.100000
v -0.625875 0.002546 0.100000
v -0.624431 0.001949 0.100000
v -0.622900 0.001432 0.100000
v -0.621281 0.000994 0.100000
v -0.619575 0.000636 0.100000
v -0.617781 0.000358 0.100000
v -0.615900 0.000159 0.100000
v -0.613931 0.000040 0.100000
v -0.611875 0.000000 0.100000
v -0.327797 0.000000 0.100000
v -0.326063 0.000024 0.100000
v -0.324424 0.000095 0.100000
v -0.322881 0.000215 0.100000
v -0.321433 0.000382 0.100000
v -0.320081 0.000597 0.100000
v -0.318824 0.000859 0.100000
v -0.317663 0.001169 0.100000
v -0.316597 0.001527 0.100000
v -0.315626 0.001933 0.100000
v -0.314751 0.002386 0.100000
v -0.313971 0.002888 0.100000
v -0.313287 0.003436 0.100000
v -0.312678 0.004028 0.100000
v -0.312121 0.004656 0.100000
v -0.311617 0.005322 0.100000
v -0.311166 0.006024 0.100000
v -0.310769 0.006764 0.100000
v -0.310424 0.007541 0.100000
v -0.310132 0.008355 0.100000
v -0.309894 0.009206 0.100000
v -0.309708 0.010095 0.100000
v -0.309575 0.011020 0.100000
v -0.309496 0.011982 0.100000
v -0.309469 0.012982 0.100000
v -0.309513 0.014242 0.100000
v -0.309644 0.015475 0.100000
v -0.309863 0.016681 0.100000
v -0.310169 0.017861 0.100000
v -0.310563 0.019014 0.100000
v -0.311044 0.020141 0.100000
v -0.311613 0.021242 0.100000
v -0.312269 0.022316 0.100000
v -0.313013 0.023363 0.100000
v -0.313844 0.024384 0.100000
v -0.314763 0.025378 0.100000
v -0.315769 0.026346 0.100000
v -0.316863 0.027261 0.100000
v -0.318044 0.028096 0.100000
v -0.319313 0.028852 0.100000
v -0.320669 0.029528 0.100000
v -0.322113 0.030124 0.100000
v -0.323645 0.030641 0.100000
v -0.325263 0.031079 0.100000
v -0.326970 0.031437 0.100000
v -0.328763 0.031715 0.100000
v -0.330645 0.031914 0.100000
v -0.332613 0.032034 0.100000
v -0.334670 0.032073 0.100000
v -0.460672 0.032073 0.100000
v -0.548874 0.446735 0.100000
v -0.456090 0.446735 0.100000
v -0.454356 0.446759 0.100000
v -0.452717 0.446831 0.100000
v -0.451174 0.446950 0.100000
v -0.449726 0.447117 0.100000
v -0.448374 0.447332 0.100000
v -0.447117 0.447594 0.100000
v -0.445956 0.447905 0.100000
v -0.444890 0.448263 0.100000
v -0.443919 0.448668 0.100000
v -0.443044 0.449122 0.100000
v -0.442265 0.449623 0.100000
v -0.441581 0.450172 0.100000
v -0.440971 0.450763 0.100000
v -0.440414 0.451392 0.100000
v -0.439910 0.452057 0.100000
v -0.439459 0.452760 0.100000
v -0.439062 0.453500 0.100000
v -0.438717 0.454276 0.100000
v -0.438425 0.455090 0.100000
v -0.438187 0.455942 0.100000
v -0.438001 0.456830 0.100000
v -0.437869 0.457755 0.100000
v -0.437789 0.458718 0.100000
v -0.437762 0.459717 0.100000
v -0.437806 0.460978 0.100000
v -0.437937 0.462215 0.100000
v -0.438156 0.463428 0.100000
v -0.438462 0.464618 0.100000
v -0.438856 0.465783 0.100000
v -0.439337 0.466924 0.100000
v -0.439906 0.468042 0.100000
v -0.440563 0.469136 0.100000
v -0.441306 0.470206 0.100000
v -0.442138 0.471252 0.100000
v -0.443056 0.472274 0.100000
v -0.444063 0.473272 0.100000
v -0.445156 0.474218 0.100000
v -0.446338 0.475081 0.100000
v -0.447606 0.475861 0.100000
v -0.448963 0.476560 0.100000
v -0.450406 0.477177 0.100000
v -0.451938 0.477711 0.100000
v -0.453557 0.478163 0.100000
v -0.455263 0.478533 0.100000
v -0.457057 0.478821 0.100000
v -0.458938 0.479026 0.100000
v -0.460907 0.479149 0.100000
v -0.025773 0.425353 0.100000
v -0.005918 0.330661 0.100000
v -0.180031 0.330661 0.100000
v -0.181824 0.330639 0.100000
v -0.183515 0.330576 0.100000
v -0.185102 0.330470 0.100000
v -0.186585 0.330321 0.100000
v -0.187965 0.330130 0.100000
v -0.189242 0.329897 0.100000
v -0.190415 0.329621 0.100000
v -0.191485 0.329303 0.100000
v -0.192452 0.328942 0.100000
v -0.193315 0.328539 0.100000
v -0.194075 0.328094 0.100000
v -0.194731 0.327606 0.100000
v -0.195310 0.327073 0.100000
v -0.195839 0.326492 0.100000
v -0.196318 0.325864 0.100000
v -0.196746 0.325188 0.100000
v -0.197124 0.324464 0.100000
v -0.197451 0.323692 0.100000
v -0.197728 0.322873 0.100000
v -0.197955 0.322006 0.100000
v -0.198131 0.321091 0.100000
v -0.198257 0.320129 0.100000
v -0.198333 0.319118 0.100000
v -0.198358 0.318060 0.100000
v -0.198340 0.316932 0.100000
v -0.198284 0.315838 0.100000
v -0.198191 0.314779 0.100000
v -0.198061 0.313754 0.100000
v -0.197894 0.312764 0.100000
v -0.197690 0.311808 0.100000
v -0.197449 0.310887 0.100000
v -0.197170 0.310000 0.100000
v -0.196855 0.309147 0.100000
v -0.196502 0.308329 0.100000
v -0.196112 0.307546 0.100000
v -0.195685 0.306796 0.100000
v -0.195232 0.306082 0.100000
v -0.194763 0.305402 0.100000
v -0.194277 0.304756 0.100000
v -0.193776 0.304145 0.100000
v -0.193259 0.303568 0.100000
v -0.192726 0.303026 0.100000
v -0.192177 0.302518 0.100000
v -0.191613 0.302045 0.100000
v -0.191032 0.301606 0.100000
v -0.190435 0.301202 0.100000
v -0.189823 0.300832 0.100000
v -0.189194 0.300496 0.100000
v -0.188325 0.300130 0.100000
v -0.187370 0.299796 0.100000
v -0.186331 0.299494 0.100000
v -0.185206 0.299224 0.100000
v -0.183997 0.298985 0.100000
v -0.182703 0.298778 0.100000
v -0.181324 0.298603 0.100000
v -0.179861 0.298460 0.100000
v -0.178312 0.298349 0.100000
v -0.176679 0.298269 0.100000
v -0.174961 0.298221 0.100000
v -0.173158 0.298205 0.100000
v 0.000955 0.298205 0.100000
v 0.046392 0.084765 0.100000
v 0.046697 0.083248 0.100000
v 0.046975 0.081753 0.100000
v 0.047227 0.080279 0.100000
v 0.047452 0.078826 0.100000
v 0.047651 0.077394 0.100000
v 0.047824 0.075983 0.100000
v 0.047969 0.074594 0.100000
v 0.048089 0.073226 0.100000
v 0.048182 0.071879 0.100000
v 0.048248 0.070553 0.100000
v 0.048288 0.069248 0.100000
v 0.048301 0.067965 0.100000
v 0.048170 0.064933 0.100000
v 0.047776 0.061946 0.100000
v 0.047120 0.059004 0.100000
v 0.046201 0.056107 0.100000
v 0.045020 0.053255 0.100000
v 0.043576 0.050449 0.100000
v 0.041870 0.047687 0.100000
v 0.039901 0.044971 0.100000
v 0.037669 0.042299 0.100000
v 0.035176 0.039673 0.100000
v 0.032419 0.037091 0.100000
v 0.029401 0.034555 0.100000
v 0.026130 0.032146 0.100000
v 0.022618 0.029947 0.100000
v 0.018865 0.027957 0.100000
v 0.014870 0.026176 0.100000
v 0.010634 0.024605 0.100000
v 0.006157 0.023244 0.100000
v 0.001438 0.022092 0.100000
v -0.003521 0.021149 0.100000
v -0.008722 0.020416 0.100000
v -0.014165 0.019892 0.100000
v -0.019848 0.019578 0.100000
v -0.025773 0.019473 0.100000
v -0.031478 0.019539 0.100000
v -0.037265 0.019738 0.100000
v -0.043134 0.020070 0.100000
v -0.049086 0.020534 0.100000
v -0.055119 0.021130 0.100000
v -0.061235 0.021859 0.100000
v -0.067433 0.022721 0.100000
v -0.073713 0.023716 0.100000
v -0.080076 0.024843 0.100000
v -0.086520 0.026102 0.100000
v -0.093047 0.027494 0.100000
v -0.099656 0.029019 0.100000
v -0.106194 0.030631 0.100000
v -0.112506 0.032285 0.100000
v -0.118592 0.033982 0.100000
v -0.124454 0.035722 0.100000
v -0.130090 0.037504 0.100000
v -0.135500 0.039328 0.100000
v -0.140685 0.041195 0.100000
v -0.145645 0.043104 0.100000
v -0.150379 0.045055 0.100000
v -0.154888 0.047049 0.100000
v -0.159172 0.049086 0.100000
v -0.163230 0.051165 0.100000
v -0.164667 0.051957 0.100000
v -0.166051 0.052681 0.100000
v -0.167383 0.053336 0.100000
v -0.168661 0.053922 0.100000
v -0.169886 0.054439 0.100000
v -0.171058 0.054887 0.100000
v -0.172177 0.055267 0.100000
v -0.173243 0.055577 0.100000
v -0.174255 0.055818 0.100000
v -0.175215 0.055990 0.100000
v -0.176122 0.056094 0.100000
v -0.176976 0.056128 0.100000
v -0.177854 0.056103 0.100000
v -0.178705 0.056028 0.100000
v -0.179529 0.055902 0.100000
v -0.180327 0.055725 0.100000
v -0.181099 0.055499 0.100000
v -0.181844 0.055221 0.100000
v -0.182563 0.054894 0.100000
v -0.183255 0.054516 0.100000
v -0.183920 0.054088 0.100000
v -0.184559 0.053609 0.100000
v -0.185172 0.053080 0.100000
v -0.185758 0.052501 0.100000
v -0.186307 0.051879 0.100000
v -0.186808 0.051223 0.100000
v -0.187261 0.050532 0.100000
v -0.187667 0.049807 0.100000
v -0.188025 0.049047 0.100000
v -0.188335 0.048253 0.100000
v -0.188598 0.047425 0.100000
v -0.188812 0.046561 0.100000
v -0.188980 0.045664 0.100000
v -0.189099 0.044732 0.100000
v -0.189170 0.043765 0.100000
v -0.189194 0.042764 0.100000
v -0.189128 0.041436 0.100000
v -0.188929 0.040123 0.100000
v -0.188598 0.038827 0.100000
v -0.188134 0.037546 0.100000
v -0.187537 0.036281 0.100000
v -0.186808 0.035032 0.100000
v -0.185946 0.033799 0.100000
v -0.184952 0.032582 0.100000
v -0.183825 0.031381 0.100000
v -0.182565 0.030196 0.100000
v -0.181173 0.029027 0.100000
v -0.179649 0.027873 0.100000
v -0.175520 0.025094 0.100000
v -0.170899 0.022358 0.100000
v -0.165784 0.019664 0.100000
v -0.160176 0.017012 0.100000
v -0.154074 0.014403 0.100000
v -0.147480 0.011837 0.100000
v -0.140392 0.009312 0.100000
v -0.132811 0.006830 0.100000
v -0.124737 0.004391 0.100000
v -0.116170 0.001994 0.100000
v -0.107110 -0.000361 0.100000
v -0.097556 -0.002673 0.100000
v -0.090535 -0.004258 0.100000
v -0.083598 -0.005706 0.100000
v -0.076747 -0.007016 0.100000
v -0.069980 -0.008188 0.100000
v -0.063298 -0.009222 0.100000
v -0.056701 -0.010118 0.100000
v -0.050189 -0.010877 0.100000
v -0.043761 -0.011497 0.100000
v -0.037419 -0.011980 0.100000
v -0.031161 -0.012324 0.100000
v -0.024988 -0.012531 0.100000
v -0.018900 -0.012600 0.100000
v -0.011095 -0.012446 0.100000
v -0.003590 -0.011985 0.100000
v 0.003615 -0.011216 0.100000
v 0.010521 -0.010140 0.100000
v 0.017128 -0.008755 0.100000
v 0.023435 -0.007064 0.100000
v 0.029442 -0.005064 0.100000
v 0.035149 -0.002758 0.100000
v 0.040557 -0.000143 0.100000
v 0.045665 0.002779 0.100000
v 0.050474 0.006008 0.100000
v 0.054983 0.009546 0.100000
v 0.059160 0.013300 0.100000
v 0.062975 0.017182 0.100000
v 0.066426 0.021191 0.100000
v 0.069513 0.025328 0.100000
v 0.072238 0.029591 0.100000
v 0.074599 0.033982 0.100000
v 0.076597 0.038501 0.100000
v 0.078232 0.043146 0.100000
v 0.079503 0.047919 0.100000
v 0.080411 0.052819 0.100000
v 0.080956 0.057847 0.100000
v 0.081138 0.063001 0.100000
v 0.081122 0.064669 0.100000
v 0.081074 0.066363 0.100000
v 0.080995 0.068084 0.100000
v 0.080883 0.069832 0.100000
v 0.080740 0.071605 0.100000
v 0.080565 0.073406 0.100000
v 0.080358 0.075233 0.100000
v 0.080120 0.077086 0.100000
v 0.079849 0.078966 0.100000
v 0.079547 0.080873 0.100000
v 0.079213 0.082806 0.100000
v 0.078847 0.084765 0.100000
v 0.033410 0.298205 0.100000
v 0.092593 0.298205 0.100000
v 0.094327 0.298229 0.100000
v 0.095965 0.298301 0.100000
v 0.097509 0.298420 0.100000
v 0.098956 0.298587 0.100000
v 0.100309 0.298802 0.100000
v 0.101565 0.299065 0.100000
v 0.102727 0.299375 0.100000
v 0.103793 0.299733 0.100000
v 0.104763 0.300138 0.100000
v 0.105638 0.300592 0.100000
v 0.106418 0.301093 0.100000
v 0.107102 0.301642 0.100000
v 0.107712 0.302233 0.100000
v 0.108269 0.302862 0.100000
v 0.108772 0.303527 0.100000
v 0.109223 0.304230 0.100000
v 0.109621 0.304970 0.100000
v 0.109966 0.305746 0.100000
v 0.110257 0.306560 0.100000
v 0.110496 0.307412 0.100000
v 0.110682 0.308300 0.100000
v 0.110814 0.309225 0.100000
v 0.110894 0.310188 0.100000
v 0.110920 0.311187 0.100000
v 0.110876 0.312448 0.100000
v 0.110745 0.313685 0.100000
v 0.110526 0.314898 0.100000
v 0.110220 0.316088 0.100000
v 0.109826 0.317253 0.100000
v 0.109345 0.318394 0.100000
v 0.108776 0.319512 0.100000
v 0.108120 0.320606 0.100000
v 0.107376 0.321676 0.100000
v 0.106545 0.322722 0.100000
v 0.105626 0.323744 0.100000
v 0.104620 0.324742 0.100000
v 0.103526 0.325688 0.100000
v 0.102345 0.326551 0.100000
v 0.101076 0.327331 0.100000
v 0.099720 0.328030 0.100000
v 0.098276 0.328647 0.100000
v 0.096745 0.329181 0.100000
v 0.095126 0.329633 0.100000
v 0.093420 0.330003 0.100000
v 0.091626 0.330291 0.100000
v 0.089745 0.330496 0.100000
v 0.087776 0.330619 0.100000
v 0.085720 0.330661 0.100000
v 0.026537 0.330661 0.100000
v 0.006300 0.425353 0.100000
v 0.005894 0.427217 0.100000
v 0.005441 0.428991 0.100000
v 0.004940 0.430675 0.100000
v 0.004391 0.432268 0.100000
v 0.003794 0.433772 0.100000
v 0.003150 0.435185 0.100000
v 0.002458 0.436508 0.100000
v 0.001718 0.437741 0.100000
v 0.000931 0.438884 0.100000
v 0.000095 0.439937 0.100000
v -0.000787 0.440899 0.100000
v -0.001718 0.441772 0.100000
v -0.002683 0.442564 0.100000
v -0.003670 0.443288 0.100000
v -0.004677 0.443943 0.100000
v -0.005706 0.444529 0.100000
v -0.006756 0.445046 0.100000
v -0.007827 0.445494 0.100000
v -0.008920 0.445874 0.100000
v -0.010034 0.446184 0.100000
v -0.011168 0.446425 0.100000
v -0.012324 0.446597 0.100000
v -0.013502 0.446701 0.100000
v -0.014700 0.446735 0.100000
v -0.015579 0.446712 0.100000
v -0.016434 0.446640 0.100000
v -0.017266 0.446521 0.100000
v -0.018073 0.446354 0.100000
v -0.018857 0.446139 0.100000
v -0.019616 0.445876 0.100000
v -0.020352 0.445566 0.100000
v -0.021064 0.445208 0.100000
v -0.021752 0.444802 0.100000
v -0.022416 0.444349 0.100000
v -0.023057 0.443848 0.100000
v -0.023673 0.443299 0.100000
v -0.024253 0.442716 0.100000
v -0.024781 0.442111 0.100000
v -0.025260 0.441485 0.100000
v -0.025688 0.440838 0.100000
v -0.026066 0.440170 0.100000
v -0.026394 0.439481 0.100000
v -0.026671 0.438770 0.100000
v -0.026897 0.438038 0.100000
v -0.027074 0.437285 0.100000
v -0.027200 0.436511 0.100000
v -0.027275 0.435715 0.100000
v -0.027300 0.434899 0.100000
v -0.027290 0.434366 0.100000
v -0.027258 0.433785 0.100000
v -0.027205 0.433157 0.100000
v -0.027131 0.432481 0.100000
v -0.027035 0.431757 0.100000
v -0.026919 0.430985 0.100000
v -0.026781 0.430166 0.100000
v -0.026622 0.429299 0.100000
v -0.026441 0.428384 0.100000
v -0.026240 0.427421 0.100000
v -0.026017 0.426411 0.100000
v 0.507636 0.330661 0.100000
v 0.382016 0.330661 0.100000
v 0.445399 0.032073 0.100000
v 0.319397 0.032073 0.100000
v 0.317663 0.032051 0.100000
v 0.316024 0.031983 0.100000
v 0.314481 0.031870 0.100000
v 0.313033 0.031713 0.100000
v 0.311681 0.031510 0.100000
v 0.310424 0.031262 0.100000
v 0.309262 0.030969 0.100000
v 0.308196 0.030631 0.100000
v 0.307226 0.030248 0.100000
v 0.306351 0.029819 0.100000
v 0.305571 0.029346 0.100000
v 0.304887 0.028828 0.100000
v 0.304278 0.028267 0.100000
v 0.303721 0.027666 0.100000
v 0.303217 0.027026 0.100000
v 0.302766 0.026346 0.100000
v 0.302368 0.025626 0.100000
v 0.302024 0.024866 0.100000
v 0.301732 0.024067 0.100000
v 0.301493 0.023228 0.100000
v 0.301308 0.022349 0.100000
v 0.301175 0.021430 0.100000
v 0.301096 0.020471 0.100000
v 0.301069 0.019473 0.100000
v 0.301113 0.018153 0.100000
v 0.301244 0.016864 0.100000
v 0.301463 0.015607 0.100000
v 0.301769 0.014382 0.100000
v 0.302163 0.013189 0.100000
v 0.302644 0.012027 0.100000
v 0.303213 0.010898 0.100000
v 0.303869 0.009800 0.100000
v 0.304613 0.008734 0.100000
v 0.305444 0.007700 0.100000
v 0.306363 0.006698 0.100000
v 0.307369 0.005727 0.100000
v 0.308463 0.004813 0.100000
v 0.309644 0.003977 0.100000
v 0.310913 0.003222 0.100000
v 0.312269 0.002546 0.100000
v 0.313713 0.001949 0.100000
v 0.315244 0.001432 0.100000
v 0.316863 0.000994 0.100000
v 0.318569 0.000636 0.100000
v 0.320363 0.000358 0.100000
v 0.322244 0.000159 0.100000
v 0.324213 0.000040 0.100000
v 0.326270 0.000000 0.100000
v 0.610347 0.000000 0.100000
v 0.612082 0.000024 0.100000
v 0.613720 0.000095 0.100000
v 0.615263 0.000215 0.100000
v 0.616711 0.000382 0.100000
v 0.618064 0.000597 0.100000
v 0.619320 0.000859 0.100000
v 0.620482 0.001169 0.100000
v 0.621548 0.001527 0.100000
v 0.622518 0.001933 0.100000
v 0.623393 0.002386 0.100000
v 0.624173 0.002888 0.100000
v 0.624857 0.003436 0.100000
v 0.625467 0.004028 0.100000
v 0.626024 0.004656 0.100000
v 0.626527 0.005322 0.100000
v 0.626978 0.006024 0.100000
v 0.627376 0.006764 0.100000
v 0.627721 0.007541 0.100000
v 0.628012 0.008355 0.100000
v 0.628251 0.009206 0.100000
v 0.628436 0.010095 0.100000
v 0.628569 0.011020 0.100000
v 0.628649 0.011982 0.100000
v 0.628675 0.012982 0.100000
v 0.628631 0.014242 0.100000
v 0.628500 0.015475 0.100000
v 0.628281 0.016681 0.100000
v 0.627975 0.017861 0.100000
v 0.627581 0.019014 0.100000
v 0.627100 0.020141 0.100000
v 0.626531 0.021242 0.100000
v 0.625875 0.022316 0.100000
v 0.625131 0.023363 0.100000
v 0.624300 0.024384 0.100000
v 0.623381 0.025378 0.100000
v 0.622375 0.026346 0.100000
v 0.621281 0.027261 0.100000
v 0.620100 0.028096 0.100000
v 0.618831 0.028852 0.100000
v 0.617475 0.029528 0.100000
v 0.616031 0.030124 0.100000
v 0.614500 0.030641 0.100000
v 0.612881 0.031079 0.100000
v 0.611175 0.031437 0.100000
v 0.609381 0.031715 0.100000
v 0.607499 0.031914 0.100000
v 0.605531 0.032034 0.100000
v 0.603475 0.032073 0.100000
v 0.477472 0.032073 0.100000
v 0.420962 0.298205 0.100000
v 0.514509 0.298205 0.100000
v 0.516245 0.298229 0.100000
v 0.517887 0.298301 0.100000
v 0.519437 0.298420 0.100000
v 0.520894 0.298587 0.100000
v 0.522259 0.298802 0.100000
v 0.523530 0.299065 0.100000
v 0.524709 0.299375 0.100000
v 0.525794 0.299733 0.100000
v 0.526787 0.300138 0.100000
v 0.527688 0.300592 0.100000
v 0.528495 0.301093 0.100000
v 0.529210 0.301642 0.100000
v 0.529850 0.302233 0.100000
v 0.530435 0.302862 0.100000
v 0.530964 0.303527 0.100000
v 0.531437 0.304230 0.100000
v 0.531855 0.304970 0.100000
v 0.532216 0.305746 0.100000
v 0.532523 0.306560 0.100000
v 0.532773 0.307412 0.100000
v 0.532968 0.308300 0.100000
v 0.533107 0.309225 0.100000
v 0.533191 0.310188 0.100000
v 0.533219 0.311187 0.100000
v 0.533174 0.312448 0.100000
v 0.533038 0.313685 0.100000
v 0.532813 0.314898 0.100000
v 0.532498 0.316088 0.100000
v 0.532092 0.317253 0.100000
v 0.531596 0.318394 0.100000
v 0.531010 0.319512 0.100000
v 0.530334 0.320606 0.100000
v 0.529568 0.321676 0.100000
v 0.528711 0.322722 0.100000
v 0.527765 0.323744 0.100000
v 0.526728 0.324742 0.100000
v 0.525604 0.325688 0.100000
v 0.524394 0.326551 0.100000
v 0.523100 0.327331 0.100000
v 0.521722 0.328030 0.100000
v 0.520258 0.328647 0.100000
v 0.518709 0.329181 0.100000
v 0.517076 0.329633 0.100000
v 0.515358 0.330003 0.100000
v 0.513555 0.330291 0.100000
v 0.511667 0.330496 0.100000
v 0.509694 0.330619 0.100000
v 0.395380 0.495227 0.100000
v 0.348415 0.495227 0.100000
v 0.365979 0.412371 0.100000
v 0.412944 0.412371 0.100000
v 0.703131 0.414662 0.100000
v 0.834479 0.414662 0.100000
v 0.915808 0.032073 0.100000
v 0.832570 0.032073 0.100000
v 0.830836 0.032051 0.100000
v 0.829197 0.031983 0.100000
v 0.827654 0.031870 0.100000
v 0.826206 0.031713 0.100000
v 0.824854 0.031510 0.100000
v 0.823597 0.031262 0.100000
v 0.822435 0.030969 0.100000
v 0.821370 0.030631 0.100000
v 0.820399 0.030248 0.100000
v 0.819524 0.029819 0.100000
v 0.818744 0.029346 0.100000
v 0.818060 0.028828 0.100000
v 0.817450 0.028267 0.100000
v 0.816894 0.027666 0.100000
v 0.816390 0.027026 0.100000
v 0.815939 0.026346 0.100000
v 0.815541 0.025626 0.100000
v 0.815197 0.024866 0.100000
v 0.814905 0.024067 0.100000
v 0.814666 0.023228 0.100000
v 0.814481 0.022349 0.100000
v 0.814348 0.021430 0.100000
v 0.814269 0.020471 0.100000
v 0.814242 0.019473 0.100000
v 0.814286 0.018153 0.100000
v 0.814417 0.016864 0.100000
v 0.814636 0.015607 0.100000
v 0.814942 0.014382 0.100000
v 0.815336 0.013189 0.100000
v 0.815817 0.012027 0.100000
v 0.816386 0.010898 0.100000
v 0.817042 0.009800 0.100000
v 0.817786 0.008734 0.100000
v 0.818617 0.007700 0.100000
v 0.819536 0.006698 0.100000
v 0.820542 0.005727 0.100000
v 0.821636 0.004813 0.100000
v 0.822817 0.003977 0.100000
v 0.824086 0.003222 0.100000
v 0.825442 0.002546 0.100000
v 0.826886 0.001949 0.100000
v 0.828417 0.001432 0.100000
v 0.830036 0.000994 0.100000
v 0.831743 0.000636 0.100000
v 0.833536 0.000358 0.100000
v 0.835418 0.000159 0.100000
v 0.837386 0.000040 0.100000
v 0.839443 0.000000 0.100000
v 1.038373 0.000000 0.100000
v 1.040108 0.000024 0.100000
v 1.041746 0.000095 0.100000
v 1.043289 0.000215 0.100000
v 1.044737 0.000382 0.100000
v 1.046090 0.000597 0.100000
v 1.047346 0.000859 0.100000
v 1.048508 0.001169 0.100000
v 1.049574 0.001527 0.100000
v 1.050544 0.001933 0.100000
v 1.051419 0.002386 0.100000
v 1.052199 0.002888 0.100000
v 1.052883 0.003436 0.100000
v 1.053493 0.004028 0.100000
v 1.054049 0.004656 0.100000
v 1.054553 0.005322 0.100000
v 1.055004 0.006024 0.100000
v 1.055402 0.006764 0.100000
v 1.055746 0.007541 0.100000
v 1.056038 0.008355 0.100000
v 1.056277 0.009206 0.100000
v 1.056462 0.010095 0.100000
v 1.056595 0.011020 0.100000
v 1.056674 0.011982 0.100000
v 1.056701 0.012982 0.100000
v 1.056657 0.014242 0.100000
v 1.056526 0.015475 0.100000
v 1.056307 0.016681 0.100000
v 1.056001 0.017861 0.100000
v 1.055607 0.019014 0.100000
v 1.055126 0.020141 0.100000
v 1.054557 0.021242 0.100000
v 1.053901 0.022316 0.100000
v 1.053157 0.023363 0.100000
v 1.052326 0.024384 0.100000
v 1.051407 0.025378 0.100000
v 1.050401 0.026346 0.100000
v 1.049307 0.027261 0.100000
v 1.048126 0.028096 0.100000
v 1.046857 0.028852 0.100000
v 1.045501 0.029528 0.100000
v 1.044057 0.030124 0.100000
v 1.042526 0.030641 0.100000
v 1.040907 0.031079 0.100000
v 1.039201 0.031437 0.100000
v 1.037407 0.031715 0.100000
v 1.035526 0.031914 0.100000
v 1.033557 0.032034 0.100000
v 1.031501 0.032073 0.100000
v 0.948263 0.032073 0.100000
v 0.866934 0.414662 0.100000
v 0.998282 0.414662 0.100000
v 1.021955 0.303551 0.100000
v 1.022359 0.301626 0.100000
v 1.022809 0.299796 0.100000
v 1.023303 0.298062 0.100000
v 1.023843 0.296424 0.100000
v 1.024427 0.294880 0.100000
v 1.025057 0.293433 0.100000
v 1.025732 0.292080 0.100000
v 1.026452 0.290824 0.100000
v 1.027217 0.289662 0.100000
v 1.028027 0.288596 0.100000
v 1.028882 0.287626 0.100000
v 1.029782 0.286751 0.100000
v 1.030717 0.285958 0.100000
v 1.031676 0.285234 0.100000
v 1.032658 0.284579 0.100000
v 1.033664 0.283993 0.100000
v 1.034694 0.283476 0.100000
v 1.035748 0.283028 0.100000
v 1.036826 0.282649 0.100000
v 1.037928 0.282338 0.100000
v 1.039054 0.282097 0.100000
v 1.040203 0.281925 0.100000
v 1.041376 0.281821 0.100000
v 1.042573 0.281787 0.100000
v 1.043513 0.281812 0.100000
v 1.044424 0.281888 0.100000
v 1.045306 0.282014 0.100000
v 1.046158 0.282190 0.100000
v 1.046982 0.282417 0.100000
v 1.047776 0.282694 0.100000
v 1.048541 0.283021 0.100000
v 1.049276 0.283399 0.100000
v 1.049983 0.283827 0.100000
v 1.050661 0.284306 0.100000
v 1.051309 0.284835 0.100000
v 1.051928 0.285414 0.100000
v 1.052508 0.286025 0.100000
v 1.053037 0.286650 0.100000
v 1.053515 0.287288 0.100000
v 1.053943 0.287939 0.100000
v 1.054321 0.288603 0.100000
v 1.054649 0.289280 0.100000
v 1.054926 0.289971 0.100000
v 1.055153 0.290675 0.100000
v 1.055329 0.291392 0.100000
v 1.055455 0.292123 0.100000
v 1.055530 0.292866 0.100000
v 1.055556 0.293624 0.100000
v 1.055545 0.294217 0.100000
v 1.055513 0.294854 0.100000
v 1.055460 0.295533 0.100000
v 1.055386 0.296254 0.100000
v 1.055290 0.297018 0.100000
v 1.055174 0.297824 0.100000
v 1.055036 0.298672 0.100000
v 1.054877 0.299563 0.100000
v 1.054696 0.300496 0.100000
v 1.054495 0.301472 0.100000
v 1.054272 0.302490 0.100000
v 1.054028 0.303551 0.100000
v 1.023482 0.446735 0.100000
v 0.664185 0.446735 0.100000
v 0.694731 0.303551 0.100000
v 0.695136 0.301626 0.100000
v 0.695590 0.299796 0.100000
v 0.696091 0.298062 0.100000
v 0.696640 0.296424 0.100000
v 0.697236 0.294880 0.100000
v 0.697881 0.293433 0.100000
v 0.698573 0.292080 0.100000
v 0.699313 0.290824 0.100000
v 0.700100 0.289662 0.100000
v 0.700935 0.288596 0.100000
v 0.701818 0.287626 0.100000
v 0.702749 0.286751 0.100000
v 0.703714 0.285958 0.100000
v 0.704701 0.285234 0.100000
v 0.705708 0.284579 0.100000
v 0.706737 0.283993 0.100000
v 0.707787 0.283476 0.100000
v 0.708858 0.283028 0.100000
v 0.709951 0.282649 0.100000
v 0.711064 0.282338 0.100000
v 0.712199 0.282097 0.100000
v 0.713355 0.281925 0.100000
v 0.714533 0.281821 0.100000
v 0.715731 0.281787 0.100000
v 0.716610 0.281812 0.100000
v 0.717465 0.281888 0.100000
v 0.718297 0.282014 0.100000
v 0.719104 0.282190 0.100000
v 0.719888 0.282417 0.100000
v 0.720647 0.282694 0.100000
v 0.721383 0.283021 0.100000
v 0.722095 0.283399 0.100000
v 0.722783 0.283827 0.100000
v 0.723447 0.284306 0.100000
v 0.724088 0.284835 0.100000
v 0.724704 0.285414 0.100000
v 0.725283 0.286025 0.100000
v 0.725812 0.286650 0.100000
v 0.726291 0.287288 0.100000
v 0.726719 0.287939 0.100000
v 0.727097 0.288603 0.100000
v 0.727425 0.289280 0.100000
v 0.727702 0.289971 0.100000
v 0.727928 0.290675 0.100000
v 0.728105 0.291392 0.100000
v 0.728231 0.292123 0.100000
v 0.728306 0.292866 0.100000
v 0.728331 0.293624 0.100000
v 0.728321 0.294217 0.100000
v 0.728289 0.294854 0.100000
v 0.728236 0.295533 0.100000
v 0.728162 0.296254 0.100000
v 0.728066 0.297018 0.100000
v 0.727950 0.297824 0.100000
v 0.727812 0.298672 0.100000
v 0.727653 0.299563 0.100000
v 0.727472 0.300496 0.100000
v 0.727271 0.301472 0.100000
v 0.727048 0.302490 0.100000
v 0.726804 0.303551 0.100000
v 0.703131 0.414662 0.100000
v 0.703131 0.414662 -0.100000
v 0.834479 0.414662 0.100000
v 0.834479 0.414662 -0.100000
v 0.915808 0.032073 0.100000
v 0.915808 0.032073 -0.100000
v 0.832570 0.032073 0.100000
v 0.832570 0.032073 -0.100000
v 0.830836 0.032051 0.100000
v 0.830836 0.032051 -0.100000
v 0.829197 0.031983 0.100000
v 0.829197 0.031983 -0.100000
v 0.827654 0.031870 0.100000
v 0.827654 0.031870 -0.100000
v 0.826206 0.031713 0.100000
v 0.826206 0.031713 -0.100000
v 0.824854 0.031510 0.100000
v 0.824854 0.031510 -0.100000
v 0.823597 0.031262 0.100000
v 0.823597 0.031262 -0.100000
v 0.822435 0.030969 0.100000
v 0.822435 0.030969 -0.100000
v 0.821370 0.030631 0.100000
v 0.821370 0.030631 -0.100000
v 0.820399 0.030248 0.100000
v 0.820399 0.030248 -0.100000
v 0.819524 0.029819 0.100000
v 0.819524 0.029819 -0.100000
v 0.818744 0.029346 0.100000
v 0.818744 0.029346 -0.100000
v 0.818060 0.028828 0.100000
v 0.818060 0.028828 -0.100000
v 0.817450 0.028267 0.100000
v 0.817450 0.028267 -0.100000
v 0.816894 0.027666 0.100000
v 0.816894 0.027666 -0.100000
v 0.816390 0.027026 0.100000
v 0.816390 0.027026 -0.100000
v 0.815939 0.026346 0.100000
v 0.815939 0.026346 -0.100000
v 0.815541 0.025626 0.100000
v 0.815541 0.025626 -0.100000
v 0.815197 0.024866 0.100000
v 0.815197 0.024866 -0.100000
v 0.814905 0.024067 0.100000
v 0.814905 0.024067 -0.100000
v 0.814666 0.023228 0.100000
v 0.814666 0.023228 -0.100000
v 0.814481 0.022349 0.100000
v 0.814481 0.022349 -0.100000
v 0.814348 0.021430 0.100000
v 0.814348 0.021430 -0.100000
v 0.814269 0.020471 0.100000
v 0.814269 0.020471 -0.100000
v 0.814242 0.019473 0.100000
v 0.814242 0.019473 -0.100000
v 0.814286 0.018153 0.100000
v 0.814286 0.018153 -0.100000
v 0.814417 0.016864 0.100000
v 0.814417 0.016864 -0.100000
v 0.814636 0.015607 0.100000
v 0.814636 0.015607 -0.100000
v 0.814942 0.014382 0.100000
v 0.814942 0.014382 -0.100000
v 0.815336 0.013189 0.100000
v 0.815336 0.013189 -0.100000
v 0.815817 0.012027 0.100000
v 0.815817 0.012027 -0.100000
v 0.816386 0.010898 0.100000
v 0.816386 0.010898 -0.100000
v 0.817042 0.009800 0.100000
v 0.817042 0.009800 -0.100000
v 0.817786 0.008734 0.100000
v 0.817786 0.008734 -0.100000
v 0.818617 0.007700 0.100000
v 0.818617 0.007700 -0.100000
v 0.819536 0.006698 0.100000
v 0.819536 0.006698 -0.100000
v 0.820542 0.005727 0.100000
v 0.820542 0.005727 -0.100000
v 0.821636 0.004813 0.100000
v 0.821636 0.004813 -0.100000
v 0.822817 0.003977 0.100000
v 0.822817 0.003977 -0.100000
v 0.824086 0.003222 0.100000
v 0.824086 0.003222 -0.100000
v 0.825442 0.002546 0.100000
v 0.825442 0.002545 -0.100000
v 0.826886 0.001949 0.100000
v 0.826886 0.001949 -0.100000
v 0.828417 0.001432 0.100000
v 0.828417 0.001432 -0.100000
v 0.830036 0.000994 0.100000
v 0.830036 0.000994 -0.100000
v 0.831743 0.000636 0.100000
v 0.831743 0.000636 -0.100000
v 0.833536 0.000358 0.100000
v 0.833536 0.000358 -0.100000
v 0.835418 0.000159 0.100000
v 0.835418 0.000159 -0.100000
v 0.837386 0.000040 0.100000
v 0.837386 0.000040 -0.100000
v 0.839443 0.000000 0.100000
v 0.839443 -0.000000 -0.100000
v 1.038373 0.000000 0.100000
v 1.038373 -0.000000 -0.100000
v 1.040108 0.000024 0.100000
v 1.040108 0.000024 -0.100000
v 1.041746 0.000095 0.100000
v 1.041746 0.000095 -0.100000
v 1.043289 0.000215 0.100000
v 1.043289 0.000215 -0.100000
v 1.044737 0.000382 0.100000
v 1.044737 0.000382 -0.100000
v 1.046090 0.000597 0.100000
v 1.046090 0.000597 -0.100000
v 1.047346 0.000859 0.100000
v 1.047346 0.000859 -0.100000
v 1.048508 0.001169 0.100000
v 1.048508 0.001169 -0.100000
v 1.049574 0.001527 0.100000
v 1.049574 0.001527 -0.100000
v 1.050544 0.001933 0.100000
v 1.050544 0.001933 -0.100000
v 1.051419 0.002386 0.100000
v 1.051419 0.002386 -0.100000
v 1.052199 0.002888 0.100000
v 1.052199 0.002888 -0.100000
v 1.052883 0.003436 0.100000
v 1.052883 0.003436 -0.100000
v 1.053493 0.004028 0.100000
v 1.053493 0.004028 -0.100000
v 1.054049 0.004656 0.100000
v 1.054049 0.004656 -0.100000
v 1.054553 0.005322 0.100000
v 1.054553 0.005322 -0.100000
v 1.055004 0.006024 0.100000
v 1.055004 0.006024 -0.100000
v 1.055402 0.006764 0.100000
v 1.055402 0.006764 -0.100000
v 1.055746 0.007541 0.100000
v 1.055746 0.007541 -0.100000
v 1.056038 0.008355 0.100000
v 1.056038 0.008355 -0.100000
v 1.056277 0.009206 0.100000
v 1.056277 0.009206 -0.100000
v 1.056462 0.010095 0.100000
v 1.056462 0.010094 -0.100000
v 1.056595 0.011020 0.100000
v 1.056595 0.011020 -0.100000
v 1.056674 0.011982 0.100000
v 1.056674 0.011982 -0.100000
v 1.056701 0.012982 0.100000
v 1.056701 0.012982 -0.100000
v 1.056657 0.014242 0.100000
v 1.056657 0.014242 -0.100000
v 1.056526 0.015475 0.100000
v 1.056526 0.015475 -0.100000
v 1.056307 0.016681 0.100000
v 1.056307 0.016681 -0.100000
v 1.056001 0.017861 0.100000
v 1.056001 0.017861 -0.100000
v 1.055607 0.019014 0.100000
v 1.055607 0.019014 -0.100000
v 1.055126 0.020141 0.100000
v 1.055126 0.020141 -0.100000
v 1.054557 0.021242 0.100000
v 1.054557 0.021242 -0.100000
v 1.053901 0.022316 0.100000
v 1.053901 0.022316 -0.100000
v 1.053157 0.023363 0.100000
v 1.053157 0.023363 -0.100000
v 1.052326 0.024384 0.100000
v 1.052326 0.024384 -0.100000
v 1.051407 0.025378 0.100000
v 1.051407 0.025378 -0.100000
v 1.050401 0.026346 0.100000
v 1.050401 0.026346 -0.100000
v 1.049307 0.027261 0.100000
v 1.049307 0.027261 -0.100000
v 1.048126 0.028096 0.100000
v 1.048126 0.028096 -0.100000
v 1.046857 0.028852 0.100000
v 1.046857 0.028852 -0.100000
v 1.045501 0.029528 0.100000
v 1.045501 0.029528 -0.100000
v 1.044057 0.030124 0.100000
v 1.044057 0.030124 -0.100000
v 1.042526 0.030641 0.100000
v 1.042526 0.030641 -0.100000
v 1.040907 0.031079 0.100000
v 1.040907 0.031079 -0.100000
v 1.039201 0.031437 0.100000
v 1.039201 0.031437 -0.100000
v 1.037407 0.031715 0.100000
v 1.037407 0.031715 -0.100000
v 1.035526 0.031914 0.100000
v 1.035526 0.031914 -0.100000
v 1.033557 0.032034 0.100000
v 1.033557 0.032034 -0.100000
v 1.031501 0.032073 0.100000
v 1.031501 0.032073 -0.100000
v 0.948263 0.032073 0.100000
v 0.948263 0.032073 -0.100000
v 0.866934 0.414662 0.100000
v 0.866934 0.414662 -0.100000
v 0.998282 0.414662 0.100000
v 0.998282 0.414662 -0.100000
v 1.021955 0.303551 0.100000
v 1.021955 0.303551 -0.100000
v 1.022359 0.301626 0.100000
v 1.022359 0.301626 -0.100000
v 1.022809 0.299796 0.100000
v 1.022809 0.299796 -0.100000
v 1.023303 0.298062 0.100000
v 1.023303 0.298062 -0.100000
v 1.023843 0.296424 0.100000
v 1.023843 0.296424 -0.100000
v 1.024427 0.294880 0.100000
v 1.024427 0.294880 -0.100000
v 1.025057 0.293433 0.100000
v 1.025057 0.293433 -0.100000
v 1.025732 0.292080 0.100000
v 1.025732 0.292080 -0.100000
v 1.026452 0.290824 0.100000
v 1.026452 0.290824 -0.100000
v 1.027217 0.289662 0.100000
v 1.027217 0.289662 -0.100000
v 1.028027 0.288596 0.100000
v 1.028027 0.288596 -0.100000
v 1.028882 0.287626 0.100000
v 1.028882 0.287626 -0.100000
v 1.029782 0.286751 0.100000
v 1.029782 0.286751 -0.100000
v 1.030717 0.285958 0.100000
v 1.030717 0.285958 -0.100000
v 1.031676 0.285234 0.100000
v 1.031676 0.285234 -0.100000
v 1.032658 0.284579 0.100000
v 1.032658 0.284579 -0.100000
v 1.033664 0.283993 0.100000
v 1.033664 0.283993 -0.100000
v 1.034694 0.283476 0.100000
v 1.034694 0.283476 -0.100000
v 1.035748 0.283028 0.100000
v 1.035748 0.283028 -0.100000
v 1.036826 0.282649 0.100000
v 1.036826 0.282649 -0.100000
v 1.037928 0.282338 0.100000
v 1.037928 0.282338 -0.100000
v 1.039054 0.282097 0.100000
v 1.039054 0.282097 -0.100000
v 1.040203 0.281925 0.100000
v 1.040203 0.281925 -0.100000
v 1.041376 0.281821 0.100000
v 1.041376 0.281821 -0.100000
v 1.042573 0.281787 0.100000
v 1.042573 0.281787 -0.100000
v 1.043513 0.281812 0.100000
v 1.043513 0.281812 -0.100000
v 1.044424 0.281888 0.100000
v 1.044424 0.281888 -0.100000
v 1.045306 0.282014 0.100000
v 1.045306 0.282014 -0.100000
v 1.046158 0.282190 0.100000
v 1.046158 0.282190 -0.100000
v 1.046982 0.282417 0.100000
v 1.046982 0.282417 -0.100000
v 1.047776 0.282694 0.100000
v 1.047776 0.282694 -0.100000
v 1.048541 0.283021 0.100000
v 1.048541 0.283021 -0.100000
v 1.049276 0.283399 0.100000
v 1.049276 0.283399 -0.100000
v 1.049983 0.283827 0.100000
v 1.049983 0.283827 -0.100000
v 1.050661 0.284306 0.100000
v 1.050661 0.284306 -0.100000
v 1.051309 0.284835 0.100000
v 1.051309 0.284835 -0.100000
v 1.051928 0.285414 0.100000
v 1.051928 0.285414 -0.100000
v 1.052508 0.286025 0.100000
v 1.052508 0.286025 -0.100000
v 1.053037 0.286650 0.100000
v 1.053037 0.286650 -0.100000
v 1.053515 0.287288 0.100000
v 1.053515 0.287288 -0.100000
v 1.053943 0.287939 0.100000
v 1.053943 0.287939 -0.100000
v 1.054321 0.288603 0.100000
v 1.054321 0.288603 -0.100000
v 1.054649 0.289280 0.100000
v 1.054649 0.289280 -0.100000
v 1.054926 0.289971 0.100000
v 1.054926 0.289971 -0.100000
v 1.055153 0.290675 0.100000
v 1.055153 0.290675 -0.100000
v 1.055329 0.291392 0.100000
v 1.055329 0.291392 -0.100000
v 1.055455 0.292123 0.100000
v 1.055455 0.292123 -0.100000
v 1.055530 0.292866 0.100000
v 1.055530 0.292866 -0.100000
v 1.055556 0.293624 0.100000
v 1.055556 0.293624 -0.100000
v 1.055545 0.294217 0.100000
v 1.055545 0.294217 -0.100000
v 1.055513 0.294854 0.100000
v 1.055513 0.294854 -0.100000
v 1.055460 0.295533 0.100000
v 1.055460 0.295533 -0.100000
v 1.055386 0.296254 0.100000
v 1.055386 0.296254 -0.100000
v 1.055290 0.297018 0.100000
v 1.055290 0.297018 -0.100000
v 1.055174 0.297824 0.100000
v 1.055174 0.297824 -0.100000
v 1.055036 0.298672 0.100000
v 1.055036 0.298672 -0.100000
v 1.054877 0.299563 0.100000
v 1.054877 0.299563 -0.100000
v 1.054696 0.300496 0.100000
v 1.054696 0.300496 -0.100000
v 1.054495 0.301472 0.100000
v 1.054495 0.301472 -0.100000
v 1.054272 0.302490 0.100000
v 1.054272 0.302490 -0.100000
v 1.054028 0.303551 0.100000
v 1.054028 0.303551 -0.100000
v 1.023482 0.446735 0.100000
v 1.023482 0.446735 -0.100000
v 0.664185 0.446735 0.100000
v 0.664185 0.446735 -0.100000
v 0.694731 0.303551 0.100000
v 0.694731 0.303551 -0.100000
v 0.695136 0.301626 0.100000
v 0.695136 0.301626 -0.100000
v 0.695590 0.299796 0.100000
v 0.695590 0.299796 -0.100000
v 0.696091 0.298062 0.100000
v 0.696091 0.298062 -0.100000
v 0.696640 0.296424 0.100000
v 0.696640 0.296424 -0.100000
v 0.697236 0.294880 0.100000
v 0.697236 0.294880 -0.100000
v 0.697881 0.293433 0.100000
v 0.697881 0.293433 -0.100000
v 0.698573 0.292080 0.100000
v 0.698573 0.292080 -0.100000
v 0.699313 0.290824 0.100000
v 0.699313 0.290824 -0.100000
v 0.700100 0.289662 0.100000
v 0.700100 0.289662 -0.100000
v 0.700935 0.288596 0.100000
v 0.700935 0.288596 -0.100000
v 0.701818 0.287626 0.100000
v 0.701818 0.287626 -0.100000
v 0.702749 0.286751 0.100000
v 0.702749 0.286751 -0.100000
v 0.703714 0.285958 0.100000
v 0.703714 0.285958 -0.100000
v 0.704701 0.285234 0.100000
v 0.704701 0.285234 -0.100000
v 0.705708 0.284579 0.100000
v 0.705708 0.284579 -0.100000
v 0.706737 0.283993 0.100000
v 0.706737 0.283993 -0.100000
v 0.707787 0.283476 0.100000
v 0.707787 0.283476 -0.100000
v 0.708858 0.283028 0.100000
v 0.708858 0.283028 -0.100000
v 0.709951 0.282649 0.100000
v 0.709951 0.282649 -0.100000
v 0.711064 0.282338 0.100000
v 0.711064 0.282338 -0.100000
v 0.712199 0.282097 0.100000
v 0.712199 0.282097 -0.100000
v 0.713355 0.281925 0.100000
v 0.713355 0.281925 -0.100000
v 0.714533 0.281821 0.100000
v 0.714533 0.281821 -0.100000
v 0.715731 0.281787 0.100000
v 0.715731 0.281787 -0.100000
v 0.716610 0.281812 0.100000
v 0.716610 0.281812 -0.100000
v 0.717465 0.281888 0.100000
v 0.717465 0.281888 -0.100000
v 0.718297 0.282014 0.100000
v 0.718297 0.282014 -0.100000
v 0.719104 0.282190 0.100000
v 0.719104 0.282190 -0.100000
v 0.719888 0.282417 0.100000
v 0.719888 0.282417 -0.100000
v 0.720647 0.282694 0.100000
v 0.720647 0.282694 -0.100000
v 0.721383 0.283021 0.100000
v 0.721383 0.283021 -0.100000
v 0.722095 0.283399 0.100000
v 0.722095 0.283399 -0.100000
v 0.722783 0.283827 0.100000
v 0.722783 0.283827 -0.100000
v 0.723447 0.284306 0.100000
v 0.723447 0.284306 -0.100000
v 0.724088 0.284835 0.100000
v 0.724088 0.284835 -0.100000
v 0.724704 0.285414 0.100000
v 0.724704 0.285414 -0.100000
v 0.725283 0.286025 0.100000
v 0.725283 0.286025 -0.100000
v 0.725812 0.286650 0.100000
v 0.725812 0.286650 -0.100000
v 0.726291 0.287288 0.100000
v 0.726291 0.287288 -0.100000
v 0.726719 0.287939 0.100000
v 0.726719 0.287939 -0.100000
v 0.727097 0.288603 0.100000
v 0.727097 0.288603 -0.100000
v 0.727425 0.289280 0.100000
v 0.727425 0.289280 -0.100000
v 0.727702 0.289971 0.100000
v 0.727702 0.289971 -0.100000
v 0.727928 0.290675 0.100000
v 0.727928 0.290675 -0.100000
v 0.728105 0.291392 0.100000
v 0.728105 0.291392 -0.100000
v 0.728231 0.292123 0.100000
v 0.728231 0.292123 -0.100000
v 0.728306 0.292866 0.100000
v 0.728306 0.292866 -0.100000
v 0.728331 0.293624 0.100000
v 0.728331 0.293624 -0.100000
v 0.728321 0.294217 0.100000
v 0.728321 0.294217 -0.100000
v 0.728289 0.294854 0.100000
v 0.728289 0.294854 -0.100000
v 0.728236 0.295533 0.100000
v 0.728236 0.295533 -0.100000
v 0.728162 0.296254 0.100000
v 0.728162 0.296254 -0.100000
v 0.728066 0.297018 0.100000
v 0.728066 0.297018 -0.100000
v 0.727950 0.297824 0.100000
v 0.727950 0.297824 -0.100000
v 0.727812 0.298672 0.100000
v 0.727812 0.298672 -0.100000
v 0.727653 0.299563 0.100000
v 0.727653 0.299563 -0.100000
v 0.727472 0.300496 0.100000
v 0.727472 0.300496 -0.100000
v 0.727271 0.301472 0.100000
v 0.727271 0.301472 -0.100000
v 0.727048 0.302490 0.100000
v 0.727048 0.302490 -0.100000
v 0.726804 0.303551 0.100000
v 0.726804 0.303551 -0.100000
v 0.395380 0.495227 0.100000
v 0.395380 0.495227 -0.100000
v 0.348415 0.495227 0.100000
v 0.348415 0.495227 -0.100000
v 0.365979 0.412371 0.100000
v 0.365979 0.412371 -0.100000
v 0.412944 0.412371 0.100000
v 0.412944 0.412371 -0.100000
v 0.507636 0.330661 0.100000
v 0.507636 0.330661 -0.100000
v 0.382016 0.330661 0.100000
v 0.382016 0.330661 -0.100000
v 0.445399 0.032073 0.100000
v 0.445399 0.032073 -0.100000
v 0.319397 0.032073 0.100000
v 0.319397 0.032073 -0.100000
v 0.317663 0.032051 0.100000
v 0.317663 0.032051 -0.100000
v 0.316024 0.031983 0.100000
v 0.316024 0.031983 -0.100000
v 0.314481 0.031870 0.100000
v 0.314481 0.031870 -0.100000
v 0.313033 0.031713 0.100000
v 0.313033 0.031713 -0.100000
v 0.311681 0.031510 0.100000
v 0.311681 0.031510 -0.100000
v 0.310424 0.031262 0.100000
v 0.310424 0.031262 -0.100000
v 0.309262 0.030969 0.100000
v 0.309262 0.030969 -0.100000
v 0.308196 0.030631 0.100000
v 0.308196 0.030631 -0.100000
v 0.307226 0.030248 0.100000
v 0.307226 0.030248 -0.100000
v 0.306351 0.029819 0.100000
v 0.306351 0.029819 -0.100000
v 0.305571 0.029346 0.100000
v 0.305571 0.029346 -0.100000
v 0.304887 0.028828 0.100000
v 0.304887 0.028828 -0.100000
v 0.304278 0.028267 0.100000
v 0.304278 0.028267 -0.100000
v 0.303721 0.027666 0.100000
v 0.303721 0.027666 -0.100000
v 0.303217 0.027026 0.100000
v 0.303217 0.027026 -0.100000
v 0.302766 0.026346 0.100000
v 0.302766 0.026346 -0.100000
v 0.302368 0.025626 0.100000
v 0.302368 0.025626 -0.100000
v 0.302024 0.024866 0.100000
v 0.302024 0.024866 -0.100000
v 0.301732 0.024067 0.100000
v 0.301732 0.024067 -0.100000
v 0.301493 0.023228 0.100000
v 0.301493 0.023228 -0.100000
v 0.301308 0.022349 0.100000
v 0.301308 0.022349 -0.100000
v 0.301175 0.021430 0.100000
v 0.301175 0.021430 -0.100000
v 0.301096 0.020471 0.100000
v 0.301096 0.020471 -0.100000
v 0.301069 0.019473 0.100000
v 0.301069 0.019473 -0.100000
v 0.301113 0.018153 0.100000
v 0.301113 0.018153 -0.100000
v 0.301244 0.016864 0.100000
v 0.301244 0.016864 -0.100000
v 0.301463 0.015607 0.100000
v 0.301463 0.015607 -0.100000
v 0.301769 0.014382 0.100000
v 0.301769 0.014382 -0.100000
v 0.302163 0.013189 0.100000
v 0.302163 0.013189 -0.100000
v 0.302644 0.012027 0.100000
v 0.302644 0.012027 -0.100000
v 0.303213 0.010898 0.100000
v 0.303213 0.010898 -0.100000
v 0.303869 0.009800 0.100000
v 0.303869 0.009800 -0.100000
v 0.304613 0.008734 0.100000
v 0.304613 0.008734 -0.100000
v 0.305444 0.007700 0.100000
v 0.305444 0.007700 -0.100000
v 0.306363 0.006698 0.100000
v 0.306363 0.006698 -0.100000
v 0.307369 0.005727 0.100000
v 0.307369 0.005727 -0.100000
v 0.308463 0.004813 0.100000
v 0.308463 0.004813 -0.100000
v 0.309644 0.003977 0.100000
v 0.309644 0.003977 -0.100000
v 0.310913 0.003222 0.100000
v 0.310913 0.003222 -0.100000
v 0.312269 0.002546 0.100000
v 0.312269 0.002545 -0.100000
v 0.313713 0.001949 0.100000
v 0.313713 0.001949 -0.100000
v 0.315244 0.001432 0.100000
v 0.315244 0.001432 -0.100000
v 0.316863 0.000994 0.100000
v 0.316863 0.000994 -0.100000
v 0.318569 0.000636 0.100000
v 0.318569 0.000636 -0.100000
v 0.320363 0.000358 0.100000
v 0.320363 0.000358 -0.100000
v 0.322244 0.000159 0.100000
v 0.322244 0.000159 -0.100000
v 0.324213 0.000040 0.100000
v 0.324213 0.000040 -0.100000
v 0.326270 0.000000 0.100000
v 0.326270 -0.000000 -0.100000
v 0.610347 0.000000 0.100000
v 0.610347 -0.000000 -0.100000
v 0.612082 0.000024 0.100000
v 0.612082 0.000024 -0.100000
v 0.613720 0.000095 0.100000
v 0.613720 0.000095 -0.100000
v 0.615263 0.000215 0.100000
v 0.615263 0.000215 -0.100000
v 0.616711 0.000382 0.100000
v 0.616711 0.000382 -0.100000
v 0.618064 0.000597 0.100000
v 0.618064 0.000597 -0.100000
v 0.619320 0.000859 0.100000
v 0.619320 0.000859 -0.100000
v 0.620482 0.001169 0.100000
v 0.620482 0.001169 -0.100000
v 0.621548 0.001527 0.100000
v 0.621548 0.001527 -0.100000
v 0.622518 0.001933 0.100000
v 0.622518 0.001933 -0.100000
v 0.623393 0.002386 0.100000
v 0.623393 0.002386 -0.100000
v 0.624173 0.002888 0.100000
v 0.624173 0.002888 -0.100000
v 0.624857 0.003436 0.100000
v 0.624857 0.003436 -0.100000
v 0.625467 0.004028 0.100000
v 0.625467 0.004028 -0.100000
v 0.626024 0.004656 0.100000
v 0.626024 0.004656 -0.100000
v 0.626527 0.005322 0.100000
v 0.626527 0.005322 -0.100000
v 0.626978 0.006024 0.100000
v 0.626978 0.006024 -0.100000
v 0.627376 0.006764 0.100000
v 0.627376 0.006764 -0.100000
v 0.627721 0.007541 0.100000
v 0.627721 0.007541 -0.100000
v 0.628012 0.008355 0.100000
v 0.628012 0.008355 -0.100000
v 0.628251 0.009206 0.100000
v 0.628251 0.009206 -0.100000
v 0.628436 0.010095 0.100000
v 0.628436 0.010094 -0.100000
v 0.628569 0.011020 0.100000
v 0.628569 0.011020 -0.100000
v 0.628649 0.011982 0.100000
v 0.628649 0.011982 -0.100000
v 0.628675 0.012982 0.100000
v 0.628675 0.012982 -0.100000
v 0.628631 0.014242 0.100000
v 0.628631 0.014242 -0.100000
v 0.628500 0.015475 0.100000
v 0.628500 0.015475 -0.100000
v 0.628281 0.016681 0.100000
v 0.628281 0.016681 -0.100000
v 0.627975 0.017861 0.100000
v 0.627975 0.017861 -0.100000
v 0.627581 0.019014 0.100000
v 0.627581 0.019014 -0.100000
v 0.627100 0.020141 0.100000
v 0.627100 0.020141 -0.100000
v 0.626531 0.021242 0.100000
v 0.626531 0.021242 -0.100000
v 0.625875 0.022316 0.100000
v 0.625875 0.022316 -0.100000
v 0.625131 0.023363 0.100000
v 0.625131 0.023363 -0.100000
v 0.624300 0.024384 0.100000
v 0.624300 0.024384 -0.100000
v 0.623381 0.025378 0.100000
v 0.623381 0.025378 -0.100000
v 0.622375 0.026346 0.100000
v 0.622375 0.026346 -0.100000
v 0.621281 0.027261 0.100000
v 0.621281 0.027261 -0.100000
v 0.620100 0.028096 0.100000
v 0.620100 0.028096 -0.100000
v 0.618831 0.028852 0.100000
v 0.618831 0.028852 -0.100000
v 0.617475 0.029528 0.100000
v 0.617475 0.029528 -0.100000
v 0.616031 0.030124 0.100000
v 0.616031 0.030124 -0.100000
v 0.614500 0.030641 0.100000
v 0.614500 0.030641 -0.100000
v 0.612881 0.031079 0.100000
v 0.612881 0.031079 -0.100000
v 0.611175 0.031437 0.100000
v 0.611175 0.031437 -0.100000
v 0.609381 0.031715 0.100000
v 0.609381 0.031715 -0.100000
v 0.607499 0.031914 0.100000
v 0.607499 0.031914 -0.100000
v 0.605531 0.032034 0.100000
v 0.605531 0.032034 -0.100000
v 0.603475 0.032073 0.100000
v 0.603475 0.032073 -0.100000
v 0.477472 0.032073 0.100000
v 0.477472 0.032073 -0.100000
v 0.420962 0.298205 0.100000
v 0.420962 0.298205 -0.100000
v 0.514509 0.298205 0.100000
v 0.514509 0.298205 -0.100000
v 0.516245 0.298229 0.100000
v 0.516245 0.298229 -0.100000
v 0.517887 0.298301 0.100000
v 0.517887 0.298301 -0.100000
v 0.519437 0.298420 0.100000
v 0.519437 0.298420 -0.100000
v 0.520894 0.298587 0.100000
v 0.520894 0.298587 -0.100000
v 0.522259 0.298802 0.100000
v 0.522259 0.298802 -0.100000
v 0.523530 0.299065 0.100000
v 0.523530 0.299065 -0.100000
v 0.524709 0.299375 0.100000
v 0.524709 0.299375 -0.100000
v 0.525794 0.299733 0.100000
v 0.525794 0.299733 -0.100000
v 0.526787 0.300138 0.100000
v 0.526787 0.300138 -0.100000
v 0.527688 0.300592 0.100000
v 0.527688 0.300592 -0.100000
v 0.528495 0.301093 0.100000
v 0.528495 0.301093 -0.100000
v 0.529210 0.301642 0.100000
v 0.529210 0.301642 -0.100000
v 0.529850 0.302233 0.100000
v 0.529850 0.302233 -0.100000
v 0.530435 0.302862 0.100000
v 0.530435 0.302862 -0.100000
v 0.530964 0.303527 0.100000
v 0.530964 0.303527 -0.100000
v 0.531437 0.304230 0.100000
v 0.531437 0.304230 -0.100000
v 0.531855 0.304970 0.100000
v 0.531855 0.304970 -0.100000
v 0.532216 0.305746 0.100000
v 0.532216 0.305746 -0.100000
v 0.532523 0.306560 0.100000
v 0.532523 0.306560 -0.100000
v 0.532773 0.307412 0.100000
v 0.532773 0.307412 -0.100000
v 0.532968 0.308300 0.100000
v 0.532968 0.308300 -0.100000
v 0.533107 0.309225 0.100000
v 0.533107 0.309225 -0.100000
v 0.533191 0.310188 0.100000
v 0.533191 0.310188 -0.100000
v 0.533219 0.311187 0.100000
v 0.533219 0.311187 -0.100000
v 0.533174 0.312448 0.100000
v 0.533174 0.312448 -0.100000
v 0.533038 0.313685 0.100000
v 0.533038 0.313685 -0.100000
v 0.532813 0.314898 0.100000
v 0.532813 0.314898 -0.100000
v 0.532498 0.316088 0.100000
v 0.532498 0.316088 -0.100000
v 0.532092 0.317253 0.100000
v 0.532092 0.317253 -0.100000
v 0.531596 0.318394 0.100000
v 0.531596 0.318394 -0.100000
v 0.531010 0.319512 0.100000
v 0.531010 0.319512 -0.100000
v 0.530334 0.320606 0.100000
v 0.530334 0.320606 -0.100000
v 0.529568 0.321676 0.100000
v 0.529568 0.321676 -0.100000
v 0.528711 0.322722 0.100000
v 0.528711 0.322722 -0.100000
v 0.527765 0.323744 0.100000
v 0.527765 0.323744 -0.100000
v 0.526728 0.324742 0.100000
v 0.526728 0.324742 -0.100000
v 0.525604 0.325688 0.100000
v 0.525604 0.325688 -0.100000
v 0.524394 0.326551 0.100000
v 0.524394 0.326551 -0.100000
v 0.523100 0.327331 0.100000
v 0.523100 0.327331 -0.100000
v 0.521722 0.328030 0.100000
v 0.521722 0.328030 -0.100000
v 0.520258 0.328647 0.100000
v 0.520258 0.328647 -0.100000
v 0.518709 0.329181 0.100000
v 0.518709 0.329181 -0.100000
v 0.517076 0.329633 0.100000
v 0.517076 0.329633 -0.100000
v 0.515358 0.330003 0.100000
v 0.515358 0.330003 -0.100000
v 0.513555 0.330291 0.100000
v 0.513555 0.330291 -0.100000
v 0.511667 0.330496 0.100000
v 0.511667 0.330496 -0.100000
v 0.509694 0.330619 0.100000
v 0.509694 0.330619 -0.100000
v -0.025773 0.425353 0.100000
v -0.025773 0.425353 -0.100000
v -0.005918 0.330661 0.100000
v -0.005918 0.330661 -0.100000
v -0.180031 0.330661 0.100000
v -0.180031 0.330661 -0.100000
v -0.181824 0.330639 0.100000
v -0.181824 0.330639 -0.100000
v -0.183515 0.330576 0.100000
v -0.183515 0.330576 -0.100000
v -0.185102 0.330470 0.100000
v -0.185102 0.330470 -0.100000
v -0.186585 0.330321 0.100000
v -0.186585 0.330321 -0.100000
v -0.187965 0.330130 0.100000
v -0.187965 0.330130 -0.100000
v -0.189242 0.329897 0.100000
v -0.189242 0.329897 -0.100000
v -0.190415 0.329621 0.100000
v -0.190415 0.329621 -0.100000
v -0.191485 0.329303 0.100000
v -0.191485 0.329303 -0.100000
v -0.192452 0.328942 0.100000
v -0.192452 0.328942 -0.100000
v -0.193315 0.328539 0.100000
v -0.193315 0.328539 -0.100000
v -0.194075 0.328094 0.100000
v -0.194075 0.328094 -0.100000
v -0.194731 0.327606 0.100000
v -0.194731 0.327606 -0.100000
v -0.195310 0.327073 0.100000
v -0.195310 0.327073 -0.100000
v -0.195839 0.326492 0.100000
v -0.195839 0.326492 -0.100000
v -0.196318 0.325864 0.100000
v -0.196318 0.325864 -0.100000
v -0.196746 0.325188 0.100000
v -0.196746 0.325188 -0.100000
v -0.197124 0.324464 0.100000
v -0.197124 0.324464 -0.100000
v -0.197451 0.323692 0.100000
v -0.197451 0.323692 -0.100000
v -0.197728 0.322873 0.100000
v -0.197728 0.322873 -0.100000
v -0.197955 0.322006 0.100000
v -0.197955 0.322006 -0.100000
v -0.198131 0.321091 0.100000
v -0.198131 0.321091 -0.100000
v -0.198257 0.320129 0.100000
v -0.198257 0.320129 -0.100000
v -0.198333 0.319118 0.100000
v -0.198333 0.319118 -0.100000
v -0.198358 0.318060 0.100000
v -0.198358 0.318060 -0.100000
v -0.198340 0.316932 0.100000
v -0.198340 0.316932 -0.100000
v -0.198284 0.315838 0.100000
v -0.198284 0.315838 -0.100000
v -0.198191 0.314779 0.100000
v -0.198191 0.314779 -0.100000
v -0.198061 0.313754 0.100000
v -0.198061 0.313754 -0.100000
v -0.197894 0.312764 0.100000
v -0.197894 0.312764 -0.100000
v -0.197690 0.311808 0.100000
v -0.197690 0.311808 -0.100000
v -0.197449 0.310887 0.100000
v -0.197449 0.310887 -0.100000
v -0.197170 0.310000 0.100000
v -0.197170 0.310000 -0.100000
v -0.196855 0.309147 0.100000
v -0.196855 0.309147 -0.100000
v -0.196502 0.308329 0.100000
v -0.196502 0.308329 -0.100000
v -0.196112 0.307546 0.100000
v -0.196112 0.307546 -0.100000
v -0.195685 0.306796 0.100000
v -0.195685 0.306796 -0.100000
v -0.195232 0.306082 0.100000
v -0.195232 0.306082 -0.100000
v -0.194763 0.305402 0.100000
v -0.194763 0.305402 -0.100000
v -0.194277 0.304756 0.100000
v -0.194277 0.304756 -0.100000
v -0.193776 0.304145 0.100000
v -0.193776 0.304145 -0.100000
v -0.193259 0.303568 0.100000
v -0.193259 0.303568 -0.100000
v -0.192726 0.303026 0.100000
v -0.192726 0.303026 -0.100000
v -0.192177 0.302518 0.100000
v -0.192177 0.302518 -0.100000
v -0.191613 0.302045 0.100000
v -0.191613 0.302045 -0.100000
v -0.191032 0.301606 0.100000
v -0.191032 0.301606 -0.100000
v -0.190435 0.301202 0.100000
v -0.190435 0.301202 -0.100000
v -0.189823 0.300832 0.100000
v -0.189823 0.300832 -0.100000
v -0.189194 0.300496 0.100000
v -0.189194 0.300496 -0.100000
v -0.188325 0.300130 0.100000
v -0.188325 0.300130 -0.100000
v -0.187370 0.299796 0.100000
v -0.187370 0.299796 -0.100000
v -0.186331 0.299494 0.100000
v -0.186331 0.299494 -0.100000
v -0.185206 0.299224 0.100000
v -0.185206 0.299224 -0.100000
v -0.183997 0.298985 0.100000
v -0.183997 0.298985 -0.100000
v -0.182703 0.298778 0.100000
v -0.182703 0.298778 -0.100000
v -0.181324 0.298603 0.100000
v -0.181325 0.298603 -0.100000
v -0.179861 0.298460 0.100000
v -0.179861 0.298460 -0.100000
v -0.178312 0.298349 0.100000
v -0.178312 0.298349 -0.100000
v -0.176679 0.298269 0.100000
v -0.176679 0.298269 -0.100000
v -0.174961 0.298221 0.100000
v -0.174961 0.298221 -0.100000
v -0.173158 0.298205 0.100000
v -0.173158 0.298205 -0.100000
v 0.000955 0.298205 0.100000
v 0.000955 0.298205 -0.100000
v 0.046392 0.084765 0.100000
v 0.046392 0.084765 -0.100000
v 0.046697 0.083248 0.100000
v 0.046697 0.083248 -0.100000
v 0.046975 0.081753 0.100000
v 0.046975 0.081753 -0.100000
v 0.047227 0.080279 0.100000
v 0.047227 0.080279 -0.100000
v 0.047452 0.078826 0.100000
v 0.047452 0.078826 -0.100000
v 0.047651 0.077394 0.100000
v 0.047651 0.077394 -0.100000
v 0.047824 0.075983 0.100000
v 0.047824 0.075983 -0.100000
v 0.047969 0.074594 0.100000
v 0.047969 0.074594 -0.100000
v 0.048089 0.073226 0.100000
v 0.048089 0.073226 -0.100000
v 0.048182 0.071879 0.100000
v 0.048182 0.071879 -0.100000
v 0.048248 0.070553 0.100000
v 0.048248 0.070553 -0.100000
v 0.048288 0.069248 0.100000
v 0.048288 0.069248 -0.100000
v 0.048301 0.067965 0.100000
v 0.048301 0.067965 -0.100000
v 0.048170 0.064933 0.100000
v 0.048170 0.064933 -0.100000
v 0.047776 0.061946 0.100000
v 0.047776 0.061946 -0.100000
v 0.047120 0.059004 0.100000
v 0.047120 0.059004 -0.100000
v 0.046201 0.056107 0.100000
v 0.046201 0.056107 -0.100000
v 0.045020 0.053255 0.100000
v 0.045020 0.053255 -0.100000
v 0.043576 0.050449 0.100000
v 0.043576 0.050449 -0.100000
v 0.041870 0.047687 0.100000
v 0.041870 0.047687 -0.100000
v 0.039901 0.044971 0.100000
v 0.039901 0.044971 -0.100000
v 0.037669 0.042299 0.100000
v 0.037669 0.042299 -0.100000
v 0.035176 0.039673 0.100000
v 0.035176 0.039673 -0.100000
v 0.032419 0.037091 0.100000
v 0.032419 0.037091 -0.100000
v 0.029401 0.034555 0.100000
v 0.029401 0.034555 -0.100000
v 0.026130 0.032146 0.100000
v 0.026130 0.032146 -0.100000
v 0.022618 0.029947 0.100000
v 0.022618 0.029947 -0.100000
v 0.018865 0.027957 0.100000
v 0.018865 0.027957 -0.100000
v 0.014870 0.026176 0.100000
v 0.014870 0.026176 -0.100000
v 0.010634 0.024605 0.100000
v 0.010634 0.024605 -0.100000
v 0.006157 0.023244 0.100000
v 0.006157 0.023244 -0.100000
v 0.001438 0.022092 0.100000
v 0.001438 0.022091 -0.100000
v -0.003521 0.021149 0.100000
v -0.003521 0.021149 -0.100000
v -0.008722 0.020416 0.100000
v -0.008722 0.020416 -0.100000
v -0.014165 0.019892 0.100000
v -0.014165 0.019892 -0.100000
v -0.019848 0.019578 0.100000
v -0.019848 0.019578 -0.100000
v -0.025773 0.019473 0.100000
v -0.025773 0.019473 -0.100000
v -0.031478 0.019539 0.100000
v -0.031478 0.019539 -0.100000
v -0.037265 0.019738 0.100000
v -0.037265 0.019738 -0.100000
v -0.043134 0.020070 0.100000
v -0.043134 0.020070 -0.100000
v -0.049086 0.020534 0.100000
v -0.049086 0.020534 -0.100000
v -0.055119 0.021130 0.100000
v -0.055119 0.021130 -0.100000
v -0.061235 0.021859 0.100000
v -0.061235 0.021859 -0.100000
v -0.067433 0.022721 0.100000
v -0.067433 0.022721 -0.100000
v -0.073713 0.023716 0.100000
v -0.073713 0.023716 -0.100000
v -0.080076 0.024843 0.100000
v -0.080076 0.024842 -0.100000
v -0.086520 0.026102 0.100000
v -0.086521 0.026102 -0.100000
v -0.093047 0.027494 0.100000
v -0.093047 0.027494 -0.100000
v -0.099656 0.029019 0.100000
v -0.099656 0.029019 -0.100000
v -0.106194 0.030631 0.100000
v -0.106194 0.030631 -0.100000
v -0.112506 0.032285 0.100000
v -0.112506 0.032285 -0.100000
v -0.118592 0.033982 0.100000
v -0.118592 0.033982 -0.100000
v -0.124454 0.035722 0.100000
v -0.124454 0.035722 -0.100000
v -0.130090 0.037504 0.100000
v -0.130090 0.037504 -0.100000
v -0.135500 0.039328 0.100000
v -0.135500 0.039328 -0.100000
v -0.140685 0.041195 0.100000
v -0.140685 0.041195 -0.100000
v -0.145645 0.043104 0.100000
v -0.145645 0.043104 -0.100000
v -0.150379 0.045055 0.100000
v -0.150379 0.045055 -0.100000
v -0.154888 0.047049 0.100000
v -0.154888 0.047049 -0.100000
v -0.159172 0.049086 0.100000
v -0.159172 0.049086 -0.100000
v -0.163230 0.051165 0.100000
v -0.163230 0.051165 -0.100000
v -0.164667 0.051957 0.100000
v -0.164667 0.051957 -0.100000
v -0.166051 0.052681 0.100000
v -0.166052 0.052681 -0.100000
v -0.167383 0.053336 0.100000
v -0.167383 0.053336 -0.100000
v -0.168661 0.053922 0.100000
v -0.168661 0.053922 -0.100000
v -0.169886 0.054439 0.100000
v -0.169886 0.054439 -0.100000
v -0.171058 0.054887 0.100000
v -0.171058 0.054887 -0.100000
v -0.172177 0.055267 0.100000
v -0.172177 0.055267 -0.100000
v -0.173243 0.055577 0.100000
v -0.173243 0.055577 -0.100000
v -0.174255 0.055818 0.100000
v -0.174255 0.055818 -0.100000
v -0.175215 0.055990 0.100000
v -0.175215 0.055990 -0.100000
v -0.176122 0.056094 0.100000
v -0.176122 0.056094 -0.100000
v -0.176976 0.056128 0.100000
v -0.176976 0.056128 -0.100000
v -0.177854 0.056103 0.100000
v -0.177854 0.056103 -0.100000
v -0.178705 0.056028 0.100000
v -0.178705 0.056028 -0.100000
v -0.179529 0.055902 0.100000
v -0.179529 0.055902 -0.100000
v -0.180327 0.055725 0.100000
v -0.180328 0.055725 -0.100000
v -0.181099 0.055499 0.100000
v -0.181099 0.055499 -0.100000
v -0.181844 0.055221 0.100000
v -0.181844 0.055221 -0.100000
v -0.182563 0.054894 0.100000
v -0.182563 0.054894 -0.100000
v -0.183255 0.054516 0.100000
v -0.183255 0.054516 -0.100000
v -0.183920 0.054088 0.100000
v -0.183920 0.054088 -0.100000
v -0.184559 0.053609 0.100000
v -0.184559 0.053609 -0.100000
v -0.185172 0.053080 0.100000
v -0.185172 0.053080 -0.100000
v -0.185758 0.052501 0.100000
v -0.185758 0.052501 -0.100000
v -0.186307 0.051879 0.100000
v -0.186307 0.051879 -0.100000
v -0.186808 0.051223 0.100000
v -0.186808 0.051223 -0.100000
v -0.187261 0.050532 0.100000
v -0.187261 0.050532 -0.100000
v -0.187667 0.049807 0.100000
v -0.187667 0.049807 -0.100000
v -0.188025 0.049047 0.100000
v -0.188025 0.049047 -0.100000
v -0.188335 0.048253 0.100000
v -0.188335 0.048253 -0.100000
v -0.188598 0.047425 0.100000
v -0.188598 0.047425 -0.100000
v -0.188812 0.046561 0.100000
v -0.188812 0.046561 -0.100000
v -0.188980 0.045664 0.100000
v -0.188980 0.045664 -0.100000
v -0.189099 0.044732 0.100000
v -0.189099 0.044732 -0.100000
v -0.189170 0.043765 0.100000
v -0.189170 0.043765 -0.100000
v -0.189194 0.042764 0.100000
v -0.189194 0.042764 -0.100000
v -0.189128 0.041436 0.100000
v -0.189128 0.041436 -0.100000
v -0.188929 0.040123 0.100000
v -0.188929 0.040123 -0.100000
v -0.188598 0.038827 0.100000
v -0.188598 0.038827 -0.100000
v -0.188134 0.037546 0.100000
v -0.188134 0.037546 -0.100000
v -0.187537 0.036281 0.100000
v -0.187537 0.036281 -0.100000
v -0.186808 0.035032 0.100000
v -0.186808 0.035032 -0.100000
v -0.185946 0.033799 0.100000
v -0.185946 0.033799 -0.100000
v -0.184952 0.032582 0.100000
v -0.184952 0.032582 -0.100000
v -0.183825 0.031381 0.100000
v -0.183825 0.031381 -0.100000
v -0.182565 0.030196 0.100000
v -0.182565 0.030196 -0.100000
v -0.181173 0.029027 0.100000
v -0.181173 0.029027 -0.100000
v -0.179649 0.027873 0.100000
v -0.179649 0.027873 -0.100000
v -0.175520 0.025094 0.100000
v -0.175520 0.025094 -0.100000
v -0.170899 0.022358 0.100000
v -0.170899 0.022358 -0.100000
v -0.165784 0.019664 0.100000
v -0.165784 0.019664 -0.100000
v -0.160176 0.017012 0.100000
v -0.160176 0.017012 -0.100000
v -0.154074 0.014403 0.100000
v -0.154074 0.014403 -0.100000
v -0.147480 0.011837 0.100000
v -0.147480 0.011837 -0.100000
v -0.140392 0.009312 0.100000
v -0.140392 0.009312 -0.100000
v -0.132811 0.006830 0.100000
v -0.132812 0.006830 -0.100000
v -0.124737 0.004391 0.100000
v -0.124737 0.004391 -0.100000
v -0.116170 0.001994 0.100000
v -0.116170 0.001994 -0.100000
v -0.107110 -0.000361 0.100000
v -0.107110 -0.000361 -0.100000
v -0.097556 -0.002673 0.100000
v -0.097556 -0.002673 -0.100000
v -0.090535 -0.004258 0.100000
v -0.090535 -0.004258 -0.100000
v -0.083598 -0.005706 0.100000
v -0.083598 -0.005706 -0.100000
v -0.076747 -0.007016 0.100000
v -0.076747 -0.007016 -0.100000
v -0.069980 -0.008188 0.100000
v -0.069980 -0.008188 -0.100000
v -0.063298 -0.009222 0.100000
v -0.063298 -0.009222 -0.100000
v -0.056701 -0.010118 0.100000
v -0.056701 -0.010118 -0.100000
v -0.050189 -0.010877 0.100000
v -0.050189 -0.010877 -0.100000
v -0.043761 -0.011497 0.100000
v -0.043761 -0.011497 -0.100000
v -0.037419 -0.011980 0.100000
v -0.037419 -0.011980 -0.100000
v -0.031161 -0.012324 0.100000
v -0.031161 -0.012324 -0.100000
v -0.024988 -0.012531 0.100000
v -0.024988 -0.012531 -0.100000
v -0.018900 -0.012600 0.100000
v -0.018900 -0.012600 -0.100000
v -0.011095 -0.012446 0.100000
v -0.011095 -0.012446 -0.100000
v -0.003590 -0.011985 0.100000
v -0.003590 -0.011985 -0.100000
v 0.003615 -0.011216 0.100000
v 0.003615 -0.011216 -0.100000
v 0.010521 -0.010140 0.100000
v 0.010521 -0.010140 -0.100000
v 0.017128 -0.008755 0.100000
v 0.017128 -0.008755 -0.100000
v 0.023435 -0.007064 0.100000
v 0.023435 -0.007064 -0.100000
v 0.029442 -0.005064 0.100000
v 0.029442 -0.005064 -0.100000
v 0.035149 -0.002758 0.100000
v 0.035149 -0.002758 -0.100000
v 0.040557 -0.000143 0.100000
v 0.040557 -0.000143 -0.100000
v 0.045665 0.002779 0.100000
v 0.045665 0.002779 -0.100000
v 0.050474 0.006008 0.100000
v 0.050474 0.006008 -0.100000
v 0.054983 0.009546 0.100000
v 0.054983 0.009546 -0.100000
v 0.059160 0.013300 0.100000
v 0.059160 0.013300 -0.100000
v 0.062975 0.017182 0.100000
v 0.062975 0.017182 -0.100000
v 0.066426 0.021191 0.100000
v 0.066426 0.021191 -0.100000
v 0.069513 0.025328 0.100000
v 0.069513 0.025328 -0.100000
v 0.072238 0.029591 0.100000
v 0.072238 0.029591 -0.100000
v 0.074599 0.033982 0.100000
v 0.074599 0.033982 -0.100000
v 0.076597 0.038501 0.100000
v 0.076597 0.038501 -0.100000
v 0.078232 0.043146 0.100000
v 0.078232 0.043146 -0.100000
v 0.079503 0.047919 0.100000
v 0.079503 0.047919 -0.100000
v 0.080411 0.052819 0.100000
v 0.080411 0.052819 -0.100000
v 0.080956 0.057847 0.100000
v 0.080956 0.057846 -0.100000
v 0.081138 0.063001 0.100000
v 0.081138 0.063001 -0.100000
v 0.081122 0.064669 0.100000
v 0.081122 0.064669 -0.100000
v 0.081074 0.066363 0.100000
v 0.081074 0.066363 -0.100000
v 0.080995 0.068084 0.100000
v 0.080995 0.068084 -0.100000
v 0.080883 0.069832 0.100000
v 0.080883 0.069832 -0.100000
v 0.080740 0.071605 0.100000
v 0.080740 0.071605 -0.100000
v 0.080565 0.073406 0.100000
v 0.080565 0.073406 -0.100000
v 0.080358 0.075233 0.100000
v 0.080358 0.075233 -0.100000
v 0.080120 0.077086 0.100000
v 0.080120 0.077086 -0.100000
v 0.079849 0.078966 0.100000
v 0.079849 0.078966 -0.100000
v 0.079547 0.080873 0.100000
v 0.079547 0.080873 -0.100000
v 0.079213 0.082806 0.100000
v 0.079213 0.082806 -0.100000
v 0.078847 0.084765 0.100000
v 0.078847 0.084765 -0.100000
v 0.033410 0.298205 0.100000
v 0.033410 0.298205 -0.100000
v 0.092593 0.298205 0.100000
v 0.092593 0.298205 -0.100000
v 0.094327 0.298229 0.100000
v 0.094327 0.298229 -0.100000
v 0.095965 0.298301 0.100000
v 0.095965 0.298301 -0.100000
v 0.097509 0.298420 0.100000
v 0.097509 0.298420 -0.100000
v 0.098956 0.298587 0.100000
v 0.098956 0.298587 -0.100000
v 0.100309 0.298802 0.100000
v 0.100309 0.298802 -0.100000
v 0.101565 0.299065 0.100000
v 0.101565 0.299065 -0.100000
v 0.102727 0.299375 0.100000
v 0.102727 0.299375 -0.100000
v 0.103793 0.299733 0.100000
v 0.103793 0.299733 -0.100000
v 0.104763 0.300138 0.100000
v 0.104763 0.300138 -0.100000
v 0.105638 0.300592 0.100000
v 0.105638 0.300592 -0.100000
v 0.106418 0.301093 0.100000
v 0.106418 0.301093 -0.100000
v 0.107102 0.301642 0.100000
v 0.107102 0.301642 -0.100000
v 0.107712 0.302233 0.100000
v 0.107712 0.302233 -0.100000
v 0.108269 0.302862 0.100000
v 0.108269 0.302862 -0.100000
v 0.108772 0.303527 0.100000
v 0.108772 0.303527 -0.100000
v 0.109223 0.304230 0.100000
v 0.109223 0.304230 -0.100000
v 0.109621 0.304970 0.100000
v 0.109621 0.304970 -0.100000
v 0.109966 0.305746 0.100000
v 0.109966 0.305746 -0.100000
v 0.110257 0.306560 0.100000
v 0.110257 0.306560 -0.100000
v 0.110496 0.307412 0.100000
v 0.110496 0.307412 -0.100000
v 0.110682 0.308300 0.100000
v 0.110682 0.308300 -0.100000
v 0.110814 0.309225 0.100000
v 0.110814 0.309225 -0.100000
v 0.110894 0.310188 0.100000
v 0.110894 0.310188 -0.100000
v 0.110920 0.311187 0.100000
v 0.110920 0.311187 -0.100000
v 0.110876 0.312448 0.100000
v 0.110876 0.312448 -0.100000
v 0.110745 0.313685 0.100000
v 0.110745 0.313685 -0.100000
v 0.110526 0.314898 0.100000
v 0.110526 0.314898 -0.100000
v 0.110220 0.316088 0.100000
v 0.110220 0.316088 -0.100000
v 0.109826 0.317253 0.100000
v 0.109826 0.317253 -0.100000
v 0.109345 0.318394 0.100000
v 0.109345 0.318394 -0.100000
v 0.108776 0.319512 0.100000
v 0.108776 0.319512 -0.100000
v 0.108120 0.320606 0.100000
v 0.108120 0.320606 -0.100000
v 0.107376 0.321676 0.100000
v 0.107376 0.321676 -0.100000
v 0.106545 0.322722 0.100000
v 0.106545 0.322722 -0.100000
v 0.105626 0.323744 0.100000
v 0.105626 0.323744 -0.100000
v 0.104620 0.324742 0.100000
v 0.104620 0.324742 -0.100000
v 0.103526 0.325688 0.100000
v 0.103526 0.325688 -0.100000
v 0.102345 0.326551 0.100000
v 0.102345 0.326551 -0.100000
v 0.101076 0.327331 0.100000
v 0.101076 0.327331 -0.100000
v 0.099720 0.328030 0.100000
v 0.099720 0.328030 -0.100000
v 0.098276 0.328647 0.100000
v 0.098276 0.328647 -0.100000
v 0.096745 0.329181 0.100000
v 0.096745 0.329181 -0.100000
v 0.095126 0.329633 0.100000
v 0.095126 0.329633 -0.100000
v 0.093420 0.330003 0.100000
v 0.093420 0.330003 -0.100000
v 0.091626 0.330291 0.100000
v 0.091626 0.330291 -0.100000
v 0.089745 0.330496 0.100000
v 0.089745 0.330496 -0.100000
v 0.087776 0.330619 0.100000
v 0.087776 0.330619 -0.100000
v 0.085720 0.330661 0.100000
v 0.085720 0.330661 -0.100000
v 0.026537 0.330661 0.100000
v 0.026537 0.330661 -0.100000
v 0.006300 0.425353 0.100000
v 0.006300 0.425353 -0.100000
v 0.005894 0.427217 0.100000
v 0.005894 0.427217 -0.100000
v 0.005441 0.428991 0.100000
v 0.005441 0.428991 -0.100000
v 0.004940 0.430675 0.100000
v 0.004940 0.430675 -0.100000
v 0.004391 0.432268 0.100000
v 0.004391 0.432268 -0.100000
v 0.003794 0.433772 0.100000
v 0.003794 0.433772 -0.100000
v 0.003150 0.435185 0.100000
v 0.003150 0.435185 -0.100000
v 0.002458 0.436508 0.100000
v 0.002458 0.436508 -0.100000
v 0.001718 0.437741 0.100000
v 0.001718 0.437741 -0.100000
v 0.000931 0.438884 0.100000
v 0.000931 0.438884 -0.100000
v 0.000095 0.439937 0.100000
v 0.000095 0.439937 -0.100000
v -0.000787 0.440899 0.100000
v -0.000788 0.440899 -0.100000
v -0.001718 0.441772 0.100000
v -0.001718 0.441772 -0.100000
v -0.002683 0.442564 0.100000
v -0.002683 0.442564 -0.100000
v -0.003670 0.443288 0.100000
v -0.003670 0.443288 -0.100000
v -0.004677 0.443943 0.100000
v -0.004677 0.443943 -0.100000
v -0.005706 0.444529 0.100000
v -0.005706 0.444529 -0.100000
v -0.006756 0.445046 0.100000
v -0.006756 0.445046 -0.100000
v -0.007827 0.445494 0.100000
v -0.007827 0.445494 -0.100000
v -0.008920 0.445874 0.100000
v -0.008920 0.445874 -0.100000
v -0.010034 0.446184 0.100000
v -0.010034 0.446184 -0.100000
v -0.011168 0.446425 0.100000
v -0.011168 0.446425 -0.100000
v -0.012324 0.446597 0.100000
v -0.012324 0.446597 -0.100000
v -0.013502 0.446701 0.100000
v -0.013502 0.446701 -0.100000
v -0.014700 0.446735 0.100000
v -0.014700 0.446735 -0.100000
v -0.015579 0.446712 0.100000
v -0.015579 0.446712 -0.100000
v -0.016434 0.446640 0.100000
v -0.016434 0.446640 -0.100000
v -0.017266 0.446521 0.100000
v -0.017266 0.446521 -0.100000
v -0.018073 0.446354 0.100000
v -0.018073 0.446354 -0.100000
v -0.018857 0.446139 0.100000
v -0.018857 0.446139 -0.100000
v -0.019616 0.445876 0.100000
v -0.019616 0.445876 -0.100000
v -0.020352 0.445566 0.100000
v -0.020352 0.445566 -0.100000
v -0.021064 0.445208 0.100000
v -0.021064 0.445208 -0.100000
v -0.021752 0.444802 0.100000
v -0.021752 0.444802 -0.100000
v -0.022416 0.444349 0.100000
v -0.022416 0.444349 -0.100000
v -0.023057 0.443848 0.100000
v -0.023057 0.443848 -0.100000
v -0.023673 0.443299 0.100000
v -0.023673 0.443299 -0.100000
v -0.024253 0.442716 0.100000
v -0.024253 0.442716 -0.100000
v -0.024781 0.442111 0.100000
v -0.024782 0.442111 -0.100000
v -0.025260 0.441485 0.100000
v -0.025260 0.441485 -0.100000
v -0.025688 0.440838 0.100000
v -0.025688 0.440838 -0.100000
v -0.026066 0.440170 0.100000
v -0.026066 0.440170 -0.100000
v -0.026394 0.439481 0.100000
v -0.026394 0.439481 -0.100000
v -0.026671 0.438770 0.100000
v -0.026671 0.438770 -0.100000
v -0.026897 0.438038 0.100000
v -0.026897 0.438038 -0.100000
v -0.027074 0.437285 0.100000
v -0.027074 0.437285 -0.100000
v -0.027200 0.436511 0.100000
v -0.027200 0.436511 -0.100000
v -0.027275 0.435715 0.100000
v -0.027275 0.435715 -0.100000
v -0.027300 0.434899 0.100000
v -0.027300 0.434899 -0.100000
v -0.027290 0.434366 0.100000
v -0.027290 0.434366 -0.100000
v -0.027258 0.433785 0.100000
v -0.027258 0.433785 -0.100000
v -0.027205 0.433157 0.100000
v -0.027205 0.433157 -0.100000
v -0.027131 0.432481 0.100000
v -0.027131 0.432481 -0.100000
v -0.027035 0.431757 0.100000
v -0.027035 0.431757 -0.100000
v -0.026919 0.430985 0.100000
v -0.026919 0.430985 -0.100000
v -0.026781 0.430166 0.100000
v -0.026781 0.430166 -0.100000
v -0.026622 0.429299 0.100000
v -0.026622 0.429299 -0.100000
v -0.026441 0.428384 0.100000
v -0.026441 0.428384 -0.100000
v -0.026240 0.427421 0.100000
v -0.026240 0.427421 -0.100000
v -0.026017 0.426411 0.100000
v -0.026017 0.426411 -0.100000
v -0.462963 0.479191 0.100000
v -0.462963 0.479191 -0.100000
v -0.587820 0.479191 0.100000
v -0.587820 0.479191 -0.100000
v -0.492745 0.032073 0.100000
v -0.492745 0.032073 -0.100000
v -0.618748 0.032073 0.100000
v -0.618748 0.032073 -0.100000
v -0.620482 0.032051 0.100000
v -0.620482 0.032051 -0.100000
v -0.622120 0.031983 0.100000
v -0.622120 0.031983 -0.100000
v -0.623664 0.031870 0.100000
v -0.623664 0.031870 -0.100000
v -0.625111 0.031713 0.100000
v -0.625111 0.031713 -0.100000
v -0.626464 0.031510 0.100000
v -0.626464 0.031510 -0.100000
v -0.627720 0.031262 0.100000
v -0.627720 0.031262 -0.100000
v -0.628882 0.030969 0.100000
v -0.628882 0.030969 -0.100000
v -0.629948 0.030631 0.100000
v -0.629948 0.030631 -0.100000
v -0.630918 0.030248 0.100000
v -0.630918 0.030248 -0.100000
v -0.631793 0.029819 0.100000
v -0.631793 0.029819 -0.100000
v -0.632573 0.029346 0.100000
v -0.632573 0.029346 -0.100000
v -0.633257 0.028828 0.100000
v -0.633257 0.028828 -0.100000
v -0.633867 0.028267 0.100000
v -0.633867 0.028267 -0.100000
v -0.634424 0.027666 0.100000
v -0.634424 0.027666 -0.100000
v -0.634927 0.027026 0.100000
v -0.634927 0.027026 -0.100000
v -0.635378 0.026346 0.100000
v -0.635378 0.026346 -0.100000
v -0.635776 0.025626 0.100000
v -0.635776 0.025626 -0.100000
v -0.636121 0.024866 0.100000
v -0.636121 0.024866 -0.100000
v -0.636412 0.024067 0.100000
v -0.636412 0.024067 -0.100000
v -0.636651 0.023228 0.100000
v -0.636651 0.023228 -0.100000
v -0.636837 0.022349 0.100000
v -0.636837 0.022349 -0.100000
v -0.636969 0.021430 0.100000
v -0.636969 0.021430 -0.100000
v -0.637049 0.020471 0.100000
v -0.637049 0.020471 -0.100000
v -0.637075 0.019473 0.100000
v -0.637075 0.019473 -0.100000
v -0.637031 0.018153 0.100000
v -0.637031 0.018153 -0.100000
v -0.636900 0.016864 0.100000
v -0.636900 0.016864 -0.100000
v -0.636681 0.015607 0.100000
v -0.636681 0.015607 -0.100000
v -0.636375 0.014382 0.100000
v -0.636375 0.014382 -0.100000
v -0.635981 0.013189 0.100000
v -0.635981 0.013189 -0.100000
v -0.635500 0.012027 0.100000
v -0.635500 0.012027 -0.100000
v -0.634931 0.010898 0.100000
v -0.634931 0.010898 -0.100000
v -0.634275 0.009800 0.100000
v -0.634275 0.009800 -0.100000
v -0.633531 0.008734 0.100000
v -0.633531 0.008734 -0.100000
v -0.632700 0.007700 0.100000
v -0.632700 0.007700 -0.100000
v -0.631781 0.006698 0.100000
v -0.631781 0.006698 -0.100000
v -0.630775 0.005727 0.100000
v -0.630775 0.005727 -0.100000
v -0.629681 0.004813 0.100000
v -0.629681 0.004813 -0.100000
v -0.628500 0.003977 0.100000
v -0.628500 0.003977 -0.100000
v -0.627231 0.003222 0.100000
v -0.627231 0.003222 -0.100000
v -0.625875 0.002546 0.100000
v -0.625875 0.002545 -0.100000
v -0.624431 0.001949 0.100000
v -0.624431 0.001949 -0.100000
v -0.622900 0.001432 0.100000
v -0.622900 0.001432 -0.100000
v -0.621281 0.000994 0.100000
v -0.621281 0.000994 -0.100000
v -0.619575 0.000636 0.100000
v -0.619575 0.000636 -0.100000
v -0.617781 0.000358 0.100000
v -0.617781 0.000358 -0.100000
v -0.615900 0.000159 0.100000
v -0.615900 0.000159 -0.100000
v -0.613931 0.000040 0.100000
v -0.613931 0.000040 -0.100000
v -0.611875 0.000000 0.100000
v -0.611875 -0.000000 -0.100000
v -0.327797 0.000000 0.100000
v -0.327797 -0.000000 -0.100000
v -0.326063 0.000024 0.100000
v -0.326063 0.000024 -0.100000
v -0.324424 0.000095 0.100000
v -0.324424 0.000095 -0.100000
v -0.322881 0.000215 0.100000
v -0.322881 0.000215 -0.100000
v -0.321433 0.000382 0.100000
v -0.321433 0.000382 -0.100000
v -0.320081 0.000597 0.100000
v -0.320081 0.000597 -0.100000
v -0.318824 0.000859 0.100000
v -0.318824 0.000859 -0.100000
v -0.317663 0.001169 0.100000
v -0.317663 0.001169 -0.100000
v -0.316597 0.001527 0.100000
v -0.316597 0.001527 -0.100000
v -0.315626 0.001933 0.100000
v -0.315626 0.001933 -0.100000
v -0.314751 0.002386 0.100000
v -0.314751 0.002386 -0.100000
v -0.313971 0.002888 0.100000
v -0.313971 0.002888 -0.100000
v -0.313287 0.003436 0.100000
v -0.313287 0.003436 -0.100000
v -0.312678 0.004028 0.100000
v -0.312678 0.004028 -0.100000
v -0.312121 0.004656 0.100000
v -0.312121 0.004656 -0.100000
v -0.311617 0.005322 0.100000
v -0.311617 0.005322 -0.100000
v -0.311166 0.006024 0.100000
v -0.311166 0.006024 -0.100000
v -0.310769 0.006764 0.100000
v -0.310769 0.006764 -0.100000
v -0.310424 0.007541 0.100000
v -0.310424 0.007541 -0.100000
v -0.310132 0.008355 0.100000
v -0.310132 0.008355 -0.100000
v -0.309894 0.009206 0.100000
v -0.309894 0.009206 -0.100000
v -0.309708 0.010095 0.100000
v -0.309708 0.010094 -0.100000
v -0.309575 0.011020 0.100000
v -0.309575 0.011020 -0.100000
v -0.309496 0.011982 0.100000
v -0.309496 0.011982 -0.100000
v -0.309469 0.012982 0.100000
v -0.309469 0.012982 -0.100000
v -0.309513 0.014242 0.100000
v -0.309513 0.014242 -0.100000
v -0.309644 0.015475 0.100000
v -0.309644 0.015475 -0.100000
v -0.309863 0.016681 0.100000
v -0.309863 0.016681 -0.100000
v -0.310169 0.017861 0.100000
v -0.310169 0.017861 -0.100000
v -0.310563 0.019014 0.100000
v -0.310563 0.019014 -0.100000
v -0.311044 0.020141 0.100000
v -0.311044 0.020141 -0.100000
v -0.311613 0.021242 0.100000
v -0.311613 0.021242 -0.100000
v -0.312269 0.022316 0.100000
v -0.312269 0.022316 -0.100000
v -0.313013 0.023363 0.100000
v -0.313013 0.023363 -0.100000
v -0.313844 0.024384 0.100000
v -0.313844 0.024384 -0.100000
v -0.314763 0.025378 0.100000
v -0.314763 0.025378 -0.100000
v -0.315769 0.026346 0.100000
v -0.315769 0.026346 -0.100000
v -0.316863 0.027261 0.100000
v -0.316863 0.027261 -0.100000
v -0.318044 0.028096 0.100000
v -0.318044 0.028096 -0.100000
v -0.319313 0.028852 0.100000
v -0.319313 0.028852 -0.100000
v -0.320669 0.029528 0.100000
v -0.320669 0.029528 -0.100000
v -0.322113 0.030124 0.100000
v -0.322113 0.030124 -0.100000
v -0.323645 0.030641 0.100000
v -0.323645 0.030641 -0.100000
v -0.325263 0.031079 0.100000
v -0.325263 0.031079 -0.100000
v -0.326970 0.031437 0.100000
v -0.326970 0.031437 -0.100000
v -0.328763 0.031715 0.100000
v -0.328763 0.031715 -0.100000
v -0.330645 0.031914 0.100000
v -0.330645 0.031914 -0.100000
v -0.332613 0.032034 0.100000
v -0.332613 0.032034 -0.100000
v -0.334670 0.032073 0.100000
v -0.334670 0.032073 -0.100000
v -0.460672 0.032073 0.100000
v -0.460672 0.032073 -0.100000
v -0.548874 0.446735 0.100000
v -0.548874 0.446735 -0.100000
v -0.456090 0.446735 0.100000
v -0.456090 0.446735 -0.100000
v -0.454356 0.446759 0.100000
v -0.454356 0.446759 -0.100000
v -0.452717 0.446831 0.100000
v -0.452717 0.446831 -0.100000
v -0.451174 0.446950 0.100000
v -0.451174 0.446950 -0.100000
v -0.449726 0.447117 0.100000
v -0.449726 0.447117 -0.100000
v -0.448374 0.447332 0.100000
v -0.448374 0.447332 -0.100000
v -0.447117 0.447594 0.100000
v -0.447117 0.447594 -0.100000
v -0.445956 0.447905 0.100000
v -0.445956 0.447905 -0.100000
v -0.444890 0.448263 0.100000
v -0.444890 0.448263 -0.100000
v -0.443919 0.448668 0.100000
v -0.443919 0.448668 -0.100000
v -0.443044 0.449122 0.100000
v -0.443044 0.449122 -0.100000
v -0.442265 0.449623 0.100000
v -0.442265 0.449623 -0.100000
v -0.441581 0.450172 0.100000
v -0.441581 0.450172 -0.100000
v -0.440971 0.450763 0.100000
v -0.440971 0.450763 -0.100000
v -0.440414 0.451392 0.100000
v -0.440414 0.451392 -0.100000
v -0.439910 0.452057 0.100000
v -0.439910 0.452057 -0.100000
v -0.439459 0.452760 0.100000
v -0.439459 0.452760 -0.100000
v -0.439062 0.453500 0.100000
v -0.439062 0.453500 -0.100000
v -0.438717 0.454276 0.100000
v -0.438717 0.454276 -0.100000
v -0.438425 0.455090 0.100000
v -0.438425 0.455090 -0.100000
v -0.438187 0.455942 0.100000
v -0.438187 0.455942 -0.100000
v -0.438001 0.456830 0.100000
v -0.438001 0.456830 -0.100000
v -0.437869 0.457755 0.100000
v -0.437869 0.457755 -0.100000
v -0.437789 0.458718 0.100000
v -0.437789 0.458718 -0.100000
v -0.437762 0.459717 0.100000
v -0.437762 0.459717 -0.100000
v -0.437806 0.460978 0.100000
v -0.437806 0.460978 -0.100000
v -0.437937 0.462215 0.100000
v -0.437937 0.462215 -0.100000
v -0.438156 0.463428 0.100000
v -0.438156 0.463428 -0.100000
v -0.438462 0.464618 0.100000
v -0.438462 0.464618 -0.100000
v -0.438856 0.465783 0.100000
v -0.438856 0.465783 -0.100000
v -0.439337 0.466924 0.100000
v -0.439337 0.466924 -0.100000
v -0.439906 0.468042 0.100000
v -0.439906 0.468042 -0.100000
v -0.440563 0.469136 0.100000
v -0.440563 0.469136 -0.100000
v -0.441306 0.470206 0.100000
v -0.441306 0.470206 -0.100000
v -0.442138 0.471252 0.100000
v -0.442138 0.471252 -0.100000
v -0.443056 0.472274 0.100000
v -0.443056 0.472274 -0.100000
v -0.444063 0.473272 0.100000
v -0.444063 0.473272 -0.100000
v -0.445156 0.474218 0.100000
v -0.445156 0.474218 -0.100000
v -0.446338 0.475081 0.100000
v -0.446338 0.475081 -0.100000
v -0.447606 0.475861 0.100000
v -0.447606 0.475861 -0.100000
v -0.448963 0.476560 0.100000
v -0.448963 0.476560 -0.100000
v -0.450406 0.477177 0.100000
v -0.450406 0.477177 -0.100000
v -0.451938 0.477711 0.100000
v -0.451938 0.477711 -0.100000
v -0.453557 0.478163 0.100000
v -0.453557 0.478163 -0.100000
v -0.455263 0.478533 0.100000
v -0.455263 0.478533 -0.100000
v -0.457057 0.478821 0.100000
v -0.457057 0.478821 -0.100000
v -0.458938 0.479026 0.100000
v -0.458938 0.479026 -0.100000
v -0.460907 0.479149 0.100000
v -0.460907 0.479149 -0.100000
v -1.152157 0.205040 0.100000
v -1.152157 0.205040 -0.100000
v -1.152115 0.201678 0.100000
v -1.152115 0.201678 -0.100000
v -1.151988 0.198210 0.100000
v -1.151988 0.198210 -0.100000
v -1.151775 0.194635 0.100000
v -1.151775 0.194635 -0.100000
v -1.151479 0.190955 0.100000
v -1.151479 0.190955 -0.100000
v -1.151097 0.187169 0.100000
v -1.151097 0.187169 -0.100000
v -1.150630 0.183276 0.100000
v -1.150630 0.183276 -0.100000
v -1.150078 0.179277 0.100000
v -1.150078 0.179277 -0.100000
v -1.149442 0.175173 0.100000
v -1.149442 0.175173 -0.100000
v -1.148721 0.170962 0.100000
v -1.148721 0.170962 -0.100000
v -1.147915 0.166645 0.100000
v -1.147915 0.166645 -0.100000
v -1.147024 0.162223 0.100000
v -1.147024 0.162223 -0.100000
v -1.146048 0.157694 0.100000
v -1.146048 0.157694 -0.100000
v -0.819206 0.157694 0.100000
v -0.819206 0.157694 -0.100000
v -0.819023 0.155761 0.100000
v -0.819023 0.155761 -0.100000
v -0.818856 0.153907 0.100000
v -0.818856 0.153907 -0.100000
v -0.818705 0.152133 0.100000
v -0.818705 0.152133 -0.100000
v -0.818569 0.150439 0.100000
v -0.818569 0.150439 -0.100000
v -0.818450 0.148824 0.100000
v -0.818450 0.148824 -0.100000
v -0.818347 0.147289 0.100000
v -0.818347 0.147289 -0.100000
v -0.818259 0.145833 0.100000
v -0.818259 0.145833 -0.100000
v -0.818188 0.144457 0.100000
v -0.818188 0.144457 -0.100000
v -0.818132 0.143161 0.100000
v -0.818132 0.143161 -0.100000
v -0.818092 0.141943 0.100000
v -0.818092 0.141943 -0.100000
v -0.818068 0.140806 0.100000
v -0.818068 0.140806 -0.100000
v -0.818060 0.139748 0.100000
v -0.818060 0.139748 -0.100000
v -0.818307 0.131157 0.100000
v -0.818307 0.131157 -0.100000
v -0.819047 0.122820 0.100000
v -0.819047 0.122820 -0.100000
v -0.820280 0.114738 0.100000
v -0.820280 0.114738 -0.100000
v -0.822006 0.106911 0.100000
v -0.822006 0.106911 -0.100000
v -0.824225 0.099338 0.100000
v -0.824225 0.099338 -0.100000
v -0.826938 0.092020 0.100000
v -0.826938 0.092020 -0.100000
v -0.830144 0.084956 0.100000
v -0.830144 0.084956 -0.100000
v -0.833842 0.078147 0.100000
v -0.833842 0.078147 -0.100000
v -0.838035 0.071592 0.100000
v -0.838035 0.071592 -0.100000
v -0.842720 0.065292 0.100000
v -0.842720 0.065292 -0.100000
v -0.847898 0.059247 0.100000
v -0.847898 0.059247 -0.100000
v -0.853570 0.053456 0.100000
v -0.853570 0.053456 -0.100000
v -0.859663 0.048028 0.100000
v -0.859663 0.048028 -0.100000
v -0.866107 0.043072 0.100000
v -0.866107 0.043072 -0.100000
v -0.872900 0.038588 0.100000
v -0.872900 0.038588 -0.100000
v -0.880043 0.034576 0.100000
v -0.880043 0.034576 -0.100000
v -0.887537 0.031037 0.100000
v -0.887537 0.031037 -0.100000
v -0.895380 0.027969 0.100000
v -0.895380 0.027969 -0.100000
v -0.903573 0.025373 0.100000
v -0.903573 0.025373 -0.100000
v -0.912117 0.023249 0.100000
v -0.912117 0.023249 -0.100000
v -0.921010 0.021597 0.100000
v -0.921010 0.021597 -0.100000
v -0.930253 0.020417 0.100000
v -0.930253 0.020417 -0.100000
v -0.939847 0.019709 0.100000
v -0.939847 0.019709 -0.100000
v -0.949790 0.019473 0.100000
v -0.949790 0.019473 -0.100000
v -0.955751 0.019554 0.100000
v -0.955751 0.019554 -0.100000
v -0.961796 0.019797 0.100000
v -0.961796 0.019797 -0.100000
v -0.967927 0.020201 0.100000
v -0.967927 0.020201 -0.100000
v -0.974142 0.020767 0.100000
v -0.974142 0.020767 -0.100000
v -0.980442 0.021495 0.100000
v -0.980442 0.021495 -0.100000
v -0.986827 0.022385 0.100000
v -0.986827 0.022384 -0.100000
v -0.993297 0.023436 0.100000
v -0.993297 0.023436 -0.100000
v -0.999851 0.024649 0.100000
v -0.999851 0.024649 -0.100000
v -1.006491 0.026024 0.100000
v -1.006491 0.026024 -0.100000
v -1.013215 0.027560 0.100000
v -1.013215 0.027560 -0.100000
v -1.020025 0.029259 0.100000
v -1.020025 0.029259 -0.100000
v -1.026919 0.031119 0.100000
v -1.026919 0.031119 -0.100000
v -1.033773 0.033117 0.100000
v -1.033773 0.033117 -0.100000
v -1.040463 0.035229 0.100000
v -1.040463 0.035229 -0.100000
v -1.046988 0.037455 0.100000
v -1.046988 0.037455 -0.100000
v -1.053349 0.039795 0.100000
v -1.053349 0.039795 -0.100000
v -1.059546 0.042249 0.100000
v -1.059546 0.042249 -0.100000
v -1.065579 0.044817 0.100000
v -1.065579 0.044817 -0.100000
v -1.071447 0.047499 0.100000
v -1.071447 0.047499 -0.100000
v -1.077150 0.050295 0.100000
v -1.077150 0.050295 -0.100000
v -1.082689 0.053205 0.100000
v -1.082689 0.053205 -0.100000
v -1.088064 0.056229 0.100000
v -1.088064 0.056229 -0.100000
v -1.093274 0.059367 0.100000
v -1.093274 0.059367 -0.100000
v -1.098320 0.062619 0.100000
v -1.098320 0.062619 -0.100000
v -1.099760 0.063534 0.100000
v -1.099760 0.063534 -0.100000
v -1.101152 0.064369 0.100000
v -1.101152 0.064369 -0.100000
v -1.102496 0.065125 0.100000
v -1.102496 0.065125 -0.100000
v -1.103793 0.065801 0.100000
v -1.103793 0.065801 -0.100000
v -1.105042 0.066398 0.100000
v -1.105042 0.066398 -0.100000
v -1.106243 0.066915 0.100000
v -1.106243 0.066915 -0.100000
v -1.107396 0.067352 0.100000
v -1.107396 0.067352 -0.100000
v -1.108502 0.067710 0.100000
v -1.108502 0.067710 -0.100000
v -1.109560 0.067989 0.100000
v -1.109560 0.067989 -0.100000
v -1.110570 0.068188 0.100000
v -1.110570 0.068188 -0.100000
v -1.111533 0.068307 0.100000
v -1.111533 0.068307 -0.100000
v -1.112448 0.068347 0.100000
v -1.112448 0.068347 -0.100000
v -1.113264 0.068322 0.100000
v -1.113264 0.068321 -0.100000
v -1.114060 0.068246 0.100000
v -1.114060 0.068246 -0.100000
v -1.114834 0.068120 0.100000
v -1.114834 0.068120 -0.100000
v -1.115587 0.067944 0.100000
v -1.115587 0.067944 -0.100000
v -1.116319 0.067717 0.100000
v -1.116319 0.067717 -0.100000
v -1.117029 0.067440 0.100000
v -1.117029 0.067440 -0.100000
v -1.117719 0.067112 0.100000
v -1.117719 0.067112 -0.100000
v -1.118387 0.066735 0.100000
v -1.118387 0.066735 -0.100000
v -1.119034 0.066306 0.100000
v -1.119034 0.066306 -0.100000
v -1.119660 0.065828 0.100000
v -1.119660 0.065828 -0.100000
v -1.120264 0.065299 0.100000
v -1.120264 0.065299 -0.100000
v -1.120848 0.064719 0.100000
v -1.120848 0.064719 -0.100000
v -1.121397 0.064100 0.100000
v -1.121397 0.064100 -0.100000
v -1.121898 0.063452 0.100000
v -1.121898 0.063452 -0.100000
v -1.122351 0.062774 0.100000
v -1.122351 0.062774 -0.100000
v -1.122757 0.062068 0.100000
v -1.122757 0.062068 -0.100000
v -1.123115 0.061332 0.100000
v -1.123115 0.061332 -0.100000
v -1.123425 0.060567 0.100000
v -1.123425 0.060567 -0.100000
v -1.123687 0.059773 0.100000
v -1.123687 0.059773 -0.100000
v -1.123902 0.058950 0.100000
v -1.123902 0.058950 -0.100000
v -1.124069 0.058097 0.100000
v -1.124069 0.058097 -0.100000
v -1.124189 0.057215 0.100000
v -1.124189 0.057215 -0.100000
v -1.124260 0.056305 0.100000
v -1.124260 0.056305 -0.100000
v -1.124284 0.055365 0.100000
v -1.124284 0.055365 -0.100000
v -1.124242 0.054224 0.100000
v -1.124242 0.054224 -0.100000
v -1.124114 0.053095 0.100000
v -1.124114 0.053095 -0.100000
v -1.123902 0.051976 0.100000
v -1.123902 0.051976 -0.100000
v -1.123605 0.050868 0.100000
v -1.123605 0.050868 -0.100000
v -1.123223 0.049770 0.100000
v -1.123223 0.049770 -0.100000
v -1.122757 0.048683 0.100000
v -1.122757 0.048683 -0.100000
v -1.122205 0.047606 0.100000
v -1.122205 0.047606 -0.100000
v -1.121569 0.046540 0.100000
v -1.121569 0.046540 -0.100000
v -1.120848 0.045485 0.100000
v -1.120848 0.045485 -0.100000
v -1.120041 0.044440 0.100000
v -1.120041 0.044440 -0.100000
v -1.119151 0.043406 0.100000
v -1.119151 0.043406 -0.100000
v -1.118175 0.042383 0.100000
v -1.118175 0.042383 -0.100000
v -1.115004 0.039268 0.100000
v -1.115004 0.039268 -0.100000
v -1.111344 0.036162 0.100000
v -1.111344 0.036162 -0.100000
v -1.107197 0.033064 0.100000
v -1.107197 0.033064 -0.100000
v -1.102562 0.029973 0.100000
v -1.102562 0.029973 -0.100000
v -1.097440 0.026891 0.100000
v -1.097440 0.026891 -0.100000
v -1.091829 0.023816 0.100000
v -1.091829 0.023816 -0.100000
v -1.085730 0.020750 0.100000
v -1.085730 0.020750 -0.100000
v -1.079144 0.017691 0.100000
v -1.079144 0.017691 -0.100000
v -1.072070 0.014641 0.100000
v -1.072070 0.014641 -0.100000
v -1.064507 0.011598 0.100000
v -1.064507 0.011598 -0.100000
v -1.056457 0.008563 0.100000
v -1.056457 0.008563 -0.100000
v -1.047919 0.005536 0.100000
v -1.047919 0.005536 -0.100000
v -1.039127 0.002640 0.100000
v -1.039127 0.002640 -0.100000
v -1.030313 -0.000005 0.100000
v -1.030313 -0.000005 -0.100000
v -1.021478 -0.002398 0.100000
v -1.021478 -0.002398 -0.100000
v -1.012622 -0.004539 0.100000
v -1.012622 -0.004539 -0.100000
v -1.003744 -0.006429 0.100000
v -1.003744 -0.006429 -0.100000
v -0.994846 -0.008066 0.100000
v -0.994846 -0.008066 -0.100000
v -0.985926 -0.009451 0.100000
v -0.985926 -0.009451 -0.100000
v -0.976985 -0.010585 0.100000
v -0.976985 -0.010585 -0.100000
v -0.968022 -0.011467 0.100000
v -0.968022 -0.011467 -0.100000
v -0.959039 -0.012096 0.100000
v -0.959039 -0.012096 -0.100000
v -0.950034 -0.012474 0.100000
v -0.950034 -0.012474 -0.100000
v -0.941008 -0.012600 0.100000
v -0.941008 -0.012600 -0.100000
v -0.929491 -0.012311 0.100000
v -0.929491 -0.012311 -0.100000
v -0.918358 -0.011444 0.100000
v -0.918358 -0.011444 -0.100000
v -0.907610 -0.009999 0.100000
v -0.907610 -0.009999 -0.100000
v -0.897247 -0.007976 0.100000
v -0.897247 -0.007976 -0.100000
v -0.887267 -0.005375 0.100000
v -0.887267 -0.005375 -0.100000
v -0.877673 -0.002195 0.100000
v -0.877673 -0.002196 -0.100000
v -0.868463 0.001562 0.100000
v -0.868463 0.001562 -0.100000
v -0.859637 0.005897 0.100000
v -0.859637 0.005897 -0.100000
v -0.851196 0.010810 0.100000
v -0.851196 0.010810 -0.100000
v -0.843139 0.016302 0.100000
v -0.843139 0.016302 -0.100000
v -0.835467 0.022371 0.100000
v -0.835467 0.022371 -0.100000
v -0.828179 0.029019 0.100000
v -0.828179 0.029019 -0.100000
v -0.821379 0.036112 0.100000
v -0.821379 0.036112 -0.100000
v -0.815170 0.043517 0.100000
v -0.815170 0.043517 -0.100000
v -0.809553 0.051236 0.100000
v -0.809553 0.051236 -0.100000
v -0.804527 0.059268 0.100000
v -0.804527 0.059268 -0.100000
v -0.800092 0.067612 0.100000
v -0.800092 0.067612 -0.100000
v -0.796249 0.076270 0.100000
v -0.796249 0.076270 -0.100000
v -0.792996 0.085240 0.100000
v -0.792996 0.085240 -0.100000
v -0.790336 0.094523 0.100000
v -0.790336 0.094523 -0.100000
v -0.788266 0.104119 0.100000
v -0.788266 0.104119 -0.100000
v -0.786788 0.114028 0.100000
v -0.786788 0.114028 -0.100000
v -0.785901 0.124250 0.100000
v -0.785901 0.124250 -0.100000
v -0.785605 0.134784 0.100000
v -0.785605 0.134784 -0.100000
v -0.785732 0.141815 0.100000
v -0.785732 0.141815 -0.100000
v -0.786114 0.148779 0.100000
v -0.786114 0.148779 -0.100000
v -0.786751 0.155677 0.100000
v -0.786751 0.155677 -0.100000
v -0.787642 0.162509 0.100000
v -0.787642 0.162509 -0.100000
v -0.788787 0.169274 0.100000
v -0.788787 0.169274 -0.100000
v -0.790187 0.175974 0.100000
v -0.790187 0.175974 -0.100000
v -0.791842 0.182607 0.100000
v -0.791842 0.182607 -0.100000
v -0.793751 0.189173 0.100000
v -0.793751 0.189173 -0.100000
v -0.795914 0.195673 0.100000
v -0.795914 0.195673 -0.100000
v -0.798333 0.202107 0.100000
v -0.798333 0.202107 -0.100000
v -0.801005 0.208475 0.100000
v -0.801005 0.208475 -0.100000
v -0.803933 0.214777 0.100000
v -0.803933 0.214777 -0.100000
v -0.807068 0.220973 0.100000
v -0.807068 0.220973 -0.100000
v -0.810365 0.227027 0.100000
v -0.810365 0.227027 -0.100000
v -0.813824 0.232937 0.100000
v -0.813824 0.232937 -0.100000
v -0.817445 0.238704 0.100000
v -0.817445 0.238704 -0.100000
v -0.821228 0.244328 0.100000
v -0.821228 0.244328 -0.100000
v -0.825172 0.249809 0.100000
v -0.825172 0.249809 -0.100000
v -0.829278 0.255147 0.100000
v -0.829278 0.255147 -0.100000
v -0.833545 0.260341 0.100000
v -0.833545 0.260341 -0.100000
v -0.837975 0.265392 0.100000
v -0.837975 0.265392 -0.100000
v -0.842566 0.270300 0.100000
v -0.842566 0.270300 -0.100000
v -0.847319 0.275065 0.100000
v -0.847319 0.275065 -0.100000
v -0.852234 0.279687 0.100000
v -0.852234 0.279687 -0.100000
v -0.857293 0.284169 0.100000
v -0.857293 0.284169 -0.100000
v -0.862479 0.288517 0.100000
v -0.862479 0.288517 -0.100000
v -0.867793 0.292729 0.100000
v -0.867793 0.292729 -0.100000
v -0.873234 0.296805 0.100000
v -0.873234 0.296805 -0.100000
v -0.878802 0.300747 0.100000
v -0.878802 0.300747 -0.100000
v -0.884498 0.304553 0.100000
v -0.884498 0.304553 -0.100000
v -0.890321 0.308224 0.100000
v -0.890321 0.308224 -0.100000
v -0.896271 0.311760 0.100000
v -0.896271 0.311760 -0.100000
v -0.902348 0.315161 0.100000
v -0.902348 0.315161 -0.100000
v -0.908553 0.318426 0.100000
v -0.908553 0.318426 -0.100000
v -0.914885 0.321556 0.100000
v -0.914885 0.321556 -0.100000
v -0.921344 0.324551 0.100000
v -0.921344 0.324551 -0.100000
v -0.927916 0.327357 0.100000
v -0.927916 0.327357 -0.100000
v -0.934586 0.329918 0.100000
v -0.934586 0.329918 -0.100000
v -0.941354 0.332236 0.100000
v -0.941354 0.332236 -0.100000
v -0.948220 0.334309 0.100000
v -0.948220 0.334309 -0.100000
v -0.955185 0.336139 0.100000
v -0.955185 0.336139 -0.100000
v -0.962247 0.337724 0.100000
v -0.962247 0.337724 -0.100000
v -0.969408 0.339066 0.100000
v -0.969408 0.339066 -0.100000
v -0.976666 0.340164 0.100000
v -0.976666 0.340164 -0.100000
v -0.984023 0.341018 0.100000
v -0.984023 0.341018 -0.100000
v -0.991478 0.341627 0.100000
v -0.991478 0.341627 -0.100000
v -0.999031 0.341993 0.100000
v -0.999031 0.341993 -0.100000
v -1.006682 0.342115 0.100000
v -1.006682 0.342115 -0.100000
v -1.017449 0.341848 0.100000
v -1.017449 0.341848 -0.100000
v -1.027857 0.341044 0.100000
v -1.027857 0.341044 -0.100000
v -1.037908 0.339705 0.100000
v -1.037908 0.339705 -0.100000
v -1.047601 0.337830 0.100000
v -1.047601 0.337830 -0.100000
v -1.056936 0.335420 0.100000
v -1.056936 0.335420 -0.100000
v -1.065912 0.332474 0.100000
v -1.065912 0.332474 -0.100000
v -1.074531 0.328993 0.100000
v -1.074531 0.328993 -0.100000
v -1.082792 0.324976 0.100000
v -1.082792 0.324976 -0.100000
v -1.090695 0.320423 0.100000
v -1.090695 0.320423 -0.100000
v -1.098240 0.315334 0.100000
v -1.098240 0.315334 -0.100000
v -1.105427 0.309711 0.100000
v -1.105427 0.309711 -0.100000
v -1.112257 0.303551 0.100000
v -1.112257 0.303551 -0.100000
v -1.118630 0.296975 0.100000
v -1.118630 0.296975 -0.100000
v -1.124448 0.290102 0.100000
v -1.124448 0.290102 -0.100000
v -1.129713 0.282932 0.100000
v -1.129713 0.282932 -0.100000
v -1.134424 0.275466 0.100000
v -1.134424 0.275466 -0.100000
v -1.138580 0.267702 0.100000
v -1.138580 0.267702 -0.100000
v -1.142182 0.259641 0.100000
v -1.142182 0.259641 -0.100000
v -1.145230 0.251283 0.100000
v -1.145230 0.251283 -0.100000
v -1.147724 0.242629 0.100000
v -1.147724 0.242629 -0.100000
v -1.149664 0.233677 0.100000
v -1.149664 0.233677 -0.100000
v -1.151049 0.224428 0.100000
v -1.151049 0.224428 -0.100000
v -1.151880 0.214883 0.100000
v -1.151880 0.214883 -0.100000
v -0.826079 0.190149 0.100000
v -0.826079 0.190149 -0.100000
v -1.120084 0.190149 0.100000
v -1.120084 0.190149 -0.100000
v -1.120158 0.198798 0.100000
v -1.120158 0.198798 -0.100000
v -1.119745 0.207183 0.100000
v -1.119745 0.207183 -0.100000
v -1.118843 0.215302 0.100000
v -1.118843 0.215302 -0.100000
v -1.117454 0.223156 0.100000
v -1.117454 0.223156 -0.100000
v -1.115576 0.230744 0.100000
v -1.115576 0.230744 -0.100000
v -1.113211 0.238068 0.100000
v -1.113211 0.238068 -0.100000
v -1.110358 0.245126 0.100000
v -1.110358 0.245126 -0.100000
v -1.107017 0.251920 0.100000
v -1.107017 0.251920 -0.100000
v -1.103188 0.258448 0.100000
v -1.103188 0.258448 -0.100000
v -1.098872 0.264711 0.100000
v -1.098872 0.264711 -0.100000
v -1.094067 0.270709 0.100000
v -1.094067 0.270709 -0.100000
v -1.088774 0.276441 0.100000
v -1.088774 0.276441 -0.100000
v -1.083015 0.281747 0.100000
v -1.083015 0.281747 -0.100000
v -1.076938 0.286592 0.100000
v -1.076938 0.286592 -0.100000
v -1.070542 0.290975 0.100000
v -1.070542 0.290975 -0.100000
v -1.063828 0.294896 0.100000
v -1.063828 0.294896 -0.100000
v -1.056796 0.298357 0.100000
v -1.056796 0.298357 -0.100000
v -1.049446 0.301355 0.100000
v -1.049446 0.301355 -0.100000
v -1.041778 0.303893 0.100000
v -1.041778 0.303893 -0.100000
v -1.033791 0.305969 0.100000
v -1.033791 0.305969 -0.100000
v -1.025487 0.307584 0.100000
v -1.025487 0.307584 -0.100000
v -1.016864 0.308737 0.100000
v -1.016864 0.308737 -0.100000
v -1.007923 0.309429 0.100000
v -1.007923 0.309429 -0.100000
v -0.998664 0.309660 0.100000
v -0.998664 0.309660 -0.100000
v -0.989550 0.309435 0.100000
v -0.989550 0.309435 -0.100000
v -0.980538 0.308759 0.100000
v -0.980538 0.308759 -0.100000
v -0.971626 0.307632 0.100000
v -0.971626 0.307632 -0.100000
v -0.962814 0.306054 0.100000
v -0.962814 0.306054 -0.100000
v -0.954104 0.304026 0.100000
v -0.954104 0.304026 -0.100000
v -0.945494 0.301546 0.100000
v -0.945494 0.301546 -0.100000
v -0.936986 0.298616 0.100000
v -0.936986 0.298616 -0.100000
v -0.928577 0.295236 0.100000
v -0.928577 0.295236 -0.100000
v -0.920270 0.291404 0.100000
v -0.920270 0.291404 -0.100000
v -0.912063 0.287122 0.100000
v -0.912063 0.287122 -0.100000
v -0.903958 0.282389 0.100000
v -0.903958 0.282389 -0.100000
v -0.895953 0.277205 0.100000
v -0.895953 0.277205 -0.100000
v -0.888176 0.271642 0.100000
v -0.888176 0.271642 -0.100000
v -0.880754 0.265771 0.100000
v -0.880754 0.265771 -0.100000
v -0.873687 0.259593 0.100000
v -0.873687 0.259593 -0.100000
v -0.866976 0.253108 0.100000
v -0.866976 0.253108 -0.100000
v -0.860620 0.246314 0.100000
v -0.860620 0.246314 -0.100000
v -0.854620 0.239213 0.100000
v -0.854620 0.239213 -0.100000
v -0.848975 0.231805 0.100000
v -0.848975 0.231805 -0.100000
v -0.843685 0.224089 0.100000
v -0.843685 0.224089 -0.100000
v -0.838750 0.216065 0.100000
v -0.838750 0.216065 -0.100000
v -0.834171 0.207734 0.100000
v -0.834171 0.207734 -0.100000
v -0.829947 0.199095 0.100000
v -0.829947 0.199095 -0.100000
vn -0.0000 -0.0000 -1.0000
vn -0.0000 -0.0000 1.0000
vn 0.7773 -0.6291 -0.0000
vn -0.6293 -0.7772 -0.0000
vn -0.7772 0.6293 -0.0000
vn -0.0065 1.0000 -0.0000
vn -0.0271 0.9996 -0.0000
vn -0.0570 0.9984 -0.0000
vn -0.0906 0.9959 -0.0000
vn -0.1284 0.9917 -0.0000
vn -0.1710 0.9853 -0.0000
vn -0.2191 0.9757 -0.0000
vn -0.2736 0.9618 -0.0000
vn -0.3350 0.9422 -0.0000
vn -0.4037 0.9149 -0.0000
vn -0.4798 0.8774 -0.0000
vn -0.5622 0.8270 -0.0000
vn -0.6411 0.7674 -0.0000
vn -0.7057 0.7086 -0.0000
vn -0.7602 0.6497 -0.0000
vn -0.8104 0.5859 -0.0000
vn -0.8551 0.5184 -0.0000
vn -0.8937 0.4488 -0.0000
vn -0.9257 0.3782 -0.0000
vn -0.9513 0.3083 -0.0000
vn -0.9707 0.2402 -0.0000
vn -0.9846 0.1748 -0.0000
vn -0.9936 0.1128 -0.0000
vn -0.9985 0.0546 -0.0000
vn -1.0000 -0.0033 -0.0000
vn -0.9977 -0.0673 -0.0000
vn -0.9906 -0.1365 -0.0000
vn -0.9783 -0.2071 -0.0000
vn -0.9605 -0.2781 -0.0000
vn -0.9374 -0.3483 -0.0000
vn -0.9091 -0.4166 -0.0000
vn -0.8763 -0.4817 -0.0000
vn -0.8397 -0.5430 -0.0000
vn -0.8002 -0.5997 -0.0000
vn -0.7587 -0.6515 -0.0000
vn -0.7160 -0.6981 -0.0000
vn -0.6683 -0.7439 -0.0000
vn -0.6099 -0.7925 -0.0000
vn -0.5449 -0.8385 -0.0000
vn -0.4793 -0.8777 -0.0000
vn -0.4143 -0.9101 -0.0000
vn -0.3511 -0.9363 -0.0000
vn -0.2905 -0.9569 -0.0000
vn -0.2332 -0.9724 -0.0000
vn -0.1794 -0.9838 -0.0000
vn -0.1293 -0.9916 -0.0000
vn -0.0828 -0.9966 -0.0000
vn -0.0399 -0.9992 -0.0000
vn -0.0097 -1.0000 -0.0000
vn 0.0069 -1.0000 -0.0000
vn 0.0287 -0.9996 -0.0000
vn 0.0604 -0.9982 -0.0000
vn 0.0959 -0.9954 -0.0000
vn 0.1358 -0.9907 -0.0000
vn 0.1807 -0.9835 -0.0000
vn 0.2314 -0.9729 -0.0000
vn 0.2884 -0.9575 -0.0000
vn 0.3522 -0.9359 -0.0000
vn 0.4232 -0.9060 -0.0000
vn 0.5010 -0.8655 -0.0000
vn 0.5841 -0.8117 -0.0000
vn 0.6617 -0.7498 -0.0000
vn 0.7228 -0.6911 -0.0000
vn 0.7735 -0.6339 -0.0000
vn 0.8201 -0.5722 -0.0000
vn 0.8619 -0.5071 -0.0000
vn 0.8981 -0.4399 -0.0000
vn 0.9283 -0.3717 -0.0000
vn 0.9527 -0.3038 -0.0000
vn 0.9714 -0.2374 -0.0000
vn 0.9849 -0.1733 -0.0000
vn 0.9937 -0.1121 -0.0000
vn 0.9985 -0.0545 -0.0000
vn 1.0000 0.0041 -0.0000
vn 0.9975 0.0703 -0.0000
vn 0.9898 0.1422 -0.0000
vn 0.9766 0.2150 -0.0000
vn 0.9578 0.2873 -0.0000
vn 0.9337 0.3582 -0.0000
vn 0.9046 0.4262 -0.0000
vn 0.8714 0.4906 -0.0000
vn 0.8348 0.5505 -0.0000
vn 0.7958 0.6055 -0.0000
vn 0.7553 0.6553 -0.0000
vn 0.7141 0.7000 -0.0000
vn 0.6678 0.7444 -0.0000
vn 0.6100 0.7924 -0.0000
vn 0.5450 0.8385 -0.0000
vn 0.4793 0.8777 -0.0000
vn 0.4143 0.9101 -0.0000
vn 0.3511 0.9363 -0.0000
vn 0.2906 0.9569 -0.0000
vn 0.2332 0.9724 -0.0000
vn 0.1794 0.9838 -0.0000
vn 0.1293 0.9916 -0.0000
vn 0.0828 0.9966 -0.0000
vn 0.0399 0.9992 -0.0000
vn 0.0097 1.0000 -0.0000
vn 0.6293 0.7772 -0.0000
vn 0.7772 -0.6293 -0.0000
vn -0.6291 -0.7773 -0.0000
vn -0.9783 -0.2070 -0.0000
vn -0.9750 -0.2221 -0.0000
vn -0.9666 -0.2564 -0.0000
vn -0.9559 -0.2936 -0.0000
vn -0.9427 -0.3336 -0.0000
vn -0.9263 -0.3767 -0.0000
vn -0.9062 -0.4229 -0.0000
vn -0.8816 -0.4720 -0.0000
vn -0.8518 -0.5238 -0.0000
vn -0.8161 -0.5779 -0.0000
vn -0.7738 -0.6335 -0.0000
vn -0.7242 -0.6896 -0.0000
vn -0.6723 -0.7403 -0.0000
vn -0.6250 -0.7806 -0.0000
vn -0.5789 -0.8154 -0.0000
vn -0.5292 -0.8485 -0.0000
vn -0.4762 -0.8794 -0.0000
vn -0.4201 -0.9075 -0.0000
vn -0.3617 -0.9323 -0.0000
vn -0.3016 -0.9534 -0.0000
vn -0.2405 -0.9707 -0.0000
vn -0.1790 -0.9838 -0.0000
vn -0.1181 -0.9930 -0.0000
vn -0.0583 -0.9983 -0.0000
vn -0.0010 -1.0000 -0.0000
vn 0.0548 -0.9985 -0.0000
vn 0.1121 -0.9937 -0.0000
vn 0.1721 -0.9851 -0.0000
vn 0.2342 -0.9722 -0.0000
vn 0.2976 -0.9547 -0.0000
vn 0.3617 -0.9323 -0.0000
vn 0.4254 -0.9050 -0.0000
vn 0.4878 -0.8729 -0.0000
vn 0.5480 -0.8365 -0.0000
vn 0.6050 -0.7962 -0.0000
vn 0.6581 -0.7530 -0.0000
vn 0.7048 -0.7094 -0.0000
vn 0.7447 -0.6675 -0.0000
vn 0.7817 -0.6236 -0.0000
vn 0.8180 -0.5752 -0.0000
vn 0.8528 -0.5223 -0.0000
vn 0.8853 -0.4651 -0.0000
vn 0.9148 -0.4040 -0.0000
vn 0.9406 -0.3396 -0.0000
vn 0.9621 -0.2728 -0.0000
vn 0.9789 -0.2044 -0.0000
vn 0.9908 -0.1356 -0.0000
vn 0.9977 -0.0672 -0.0000
vn 1.0000 -0.0077 -0.0000
vn 0.9994 0.0339 -0.0000
vn 0.9980 0.0639 -0.0000
vn 0.9959 0.0902 -0.0000
vn 0.9936 0.1133 -0.0000
vn 0.9910 0.1337 -0.0000
vn 0.9884 0.1518 -0.0000
vn 0.9858 0.1681 -0.0000
vn 0.9831 0.1828 -0.0000
vn 0.9806 0.1960 -0.0000
vn 0.9781 0.2079 -0.0000
vn 0.9758 0.2188 -0.0000
vn 0.9763 0.2163 -0.0000
vn 0.6290 0.7774 -0.0000
vn -0.7774 0.6290 -0.0000
vn -0.9783 -0.2074 -0.0000
vn -0.9747 -0.2234 -0.0000
vn -0.9658 -0.2591 -0.0000
vn -0.9547 -0.2977 -0.0000
vn -0.9407 -0.3392 -0.0000
vn -0.9235 -0.3837 -0.0000
vn -0.9022 -0.4313 -0.0000
vn -0.8764 -0.4816 -0.0000
vn -0.8452 -0.5345 -0.0000
vn -0.8079 -0.5893 -0.0000
vn -0.7639 -0.6453 -0.0000
vn -0.7129 -0.7013 -0.0000
vn -0.6602 -0.7511 -0.0000
vn -0.6134 -0.7898 -0.0000
vn -0.5685 -0.8227 -0.0000
vn -0.5202 -0.8541 -0.0000
vn -0.4686 -0.8834 -0.0000
vn -0.4140 -0.9103 -0.0000
vn -0.3571 -0.9341 -0.0000
vn -0.2983 -0.9545 -0.0000
vn -0.2383 -0.9712 -0.0000
vn -0.1778 -0.9841 -0.0000
vn -0.1175 -0.9931 -0.0000
vn -0.0582 -0.9983 -0.0000
vn -0.0001 -1.0000 -0.0000
vn 0.0584 -0.9983 -0.0000
vn 0.1190 -0.9929 -0.0000
vn 0.1817 -0.9834 -0.0000
vn 0.2458 -0.9693 -0.0000
vn 0.3105 -0.9506 -0.0000
vn 0.3749 -0.9271 -0.0000
vn 0.4379 -0.8990 -0.0000
vn 0.4989 -0.8667 -0.0000
vn 0.5568 -0.8306 -0.0000
vn 0.6111 -0.7916 -0.0000
vn 0.6612 -0.7502 -0.0000
vn 0.7056 -0.7086 -0.0000
vn 0.7447 -0.6674 -0.0000
vn 0.9147 -0.4040 -0.0000
vn 0.9405 -0.3397 -0.0000
vn 0.9910 0.1336 -0.0000
vn 0.9832 0.1827 -0.0000
vn 0.9781 0.2080 -0.0000
vn 0.9757 0.2189 -0.0000
vn 0.6295 0.7770 -0.0000
vn -0.7770 0.6295 -0.0000
vn -0.6295 -0.7770 -0.0000
vn 0.7770 -0.6295 -0.0000
vn 0.0100 1.0000 -0.0000
vn -0.7771 0.6294 -0.0000
vn -0.6412 0.7674 -0.0000
vn -0.7602 0.6496 -0.0000
vn -0.8937 0.4487 -0.0000
vn -0.9091 -0.4165 -0.0000
vn -0.6099 -0.7924 -0.0000
vn -0.2906 -0.9569 -0.0000
vn 0.2313 -0.9729 -0.0000
vn 0.7735 -0.6338 -0.0000
vn 0.9284 -0.3717 -0.0000
vn 0.9937 -0.1122 -0.0000
vn 0.9985 -0.0544 -0.0000
vn 0.7553 0.6554 -0.0000
vn 0.6099 0.7925 -0.0000
vn 0.5449 0.8385 -0.0000
vn 0.2905 0.9569 -0.0000
vn 0.6294 0.7771 -0.0000
vn 0.7771 -0.6294 -0.0000
vn 0.0286 -0.9996 -0.0000
vn 0.0602 -0.9982 -0.0000
vn 0.0953 -0.9954 -0.0000
vn 0.1347 -0.9909 -0.0000
vn 0.1789 -0.9839 -0.0000
vn 0.2285 -0.9736 -0.0000
vn 0.2840 -0.9588 -0.0000
vn 0.3459 -0.9383 -0.0000
vn 0.4143 -0.9101 -0.0000
vn 0.4891 -0.8722 -0.0000
vn 0.5690 -0.8224 -0.0000
vn 0.6445 -0.7646 -0.0000
vn 0.7058 -0.7084 -0.0000
vn 0.7581 -0.6522 -0.0000
vn 0.8067 -0.5909 -0.0000
vn 0.8508 -0.5256 -0.0000
vn 0.8893 -0.4573 -0.0000
vn 0.9219 -0.3875 -0.0000
vn 0.9483 -0.3175 -0.0000
vn 0.9686 -0.2485 -0.0000
vn 0.9834 -0.1817 -0.0000
vn 0.9931 -0.1177 -0.0000
vn 0.9984 -0.0571 -0.0000
vn 1.0000 0.0039 -0.0000
vn 0.9974 0.0723 -0.0000
vn 0.9893 0.1458 -0.0000
vn 0.9756 0.2197 -0.0000
vn 0.9562 0.2928 -0.0000
vn 0.9315 0.3638 -0.0000
vn 0.9020 0.4317 -0.0000
vn 0.8687 0.4954 -0.0000
vn 0.8323 0.5544 -0.0000
vn 0.7938 0.6082 -0.0000
vn 0.7541 0.6568 -0.0000
vn 0.7140 0.7002 -0.0000
vn 0.6690 0.7433 -0.0000
vn 0.6127 0.7903 -0.0000
vn 0.5492 0.8357 -0.0000
vn 0.4847 0.8747 -0.0000
vn 0.4203 0.9074 -0.0000
vn 0.3574 0.9340 -0.0000
vn 0.2966 0.9550 -0.0000
vn 0.2387 0.9711 -0.0000
vn 0.1841 0.9829 -0.0000
vn 0.1329 0.9911 -0.0000
vn 0.0853 0.9964 -0.0000
vn 0.0412 0.9992 -0.0000
vn -0.9766 -0.2150 -0.0000
vn -0.7763 0.6304 -0.0000
vn -0.0059 1.0000 -0.0000
vn -0.0247 0.9997 -0.0000
vn -0.0522 0.9986 -0.0000
vn -0.0831 0.9965 -0.0000
vn -0.1183 0.9930 -0.0000
vn -0.1584 0.9874 -0.0000
vn -0.2044 0.9789 -0.0000
vn -0.2570 0.9664 -0.0000
vn -0.3175 0.9483 -0.0000
vn -0.3867 0.9222 -0.0000
vn -0.4650 0.8853 -0.0000
vn -0.5520 0.8338 -0.0000
vn -0.6377 0.7703 -0.0000
vn -0.7088 0.7054 -0.0000
vn -0.7681 0.6403 -0.0000
vn -0.8209 0.5710 -0.0000
vn -0.8664 0.4993 -0.0000
vn -0.9042 0.4270 -0.0000
vn -0.9346 0.3558 -0.0000
vn -0.9580 0.2868 -0.0000
vn -0.9752 0.2212 -0.0000
vn -0.9872 0.1596 -0.0000
vn -0.9948 0.1022 -0.0000
vn -0.9988 0.0492 -0.0000
vn -1.0000 0.0037 -0.0000
vn -0.9994 -0.0337 -0.0000
vn -0.9976 -0.0691 -0.0000
vn -0.9943 -0.1065 -0.0000
vn -0.9893 -0.1461 -0.0000
vn -0.9822 -0.1877 -0.0000
vn -0.9729 -0.2312 -0.0000
vn -0.9610 -0.2765 -0.0000
vn -0.9463 -0.3234 -0.0000
vn -0.9284 -0.3716 -0.0000
vn -0.9072 -0.4208 -0.0000
vn -0.8824 -0.4705 -0.0000
vn -0.8568 -0.5156 -0.0000
vn -0.8339 -0.5520 -0.0000
vn -0.8114 -0.5845 -0.0000
vn -0.7865 -0.6176 -0.0000
vn -0.7591 -0.6510 -0.0000
vn -0.7291 -0.6844 -0.0000
vn -0.6963 -0.7177 -0.0000
vn -0.6609 -0.7505 -0.0000
vn -0.6228 -0.7824 -0.0000
vn -0.5822 -0.8131 -0.0000
vn -0.5392 -0.8422 -0.0000
vn -0.4941 -0.8694 -0.0000
vn -0.4298 -0.9029 -0.0000
vn -0.3593 -0.9332 -0.0000
vn -0.3049 -0.9524 -0.0000
vn -0.2566 -0.9665 -0.0000
vn -0.2138 -0.9769 -0.0000
vn -0.1758 -0.9844 -0.0000
vn -0.1419 -0.9899 -0.0000
vn -0.1117 -0.9937 -0.0000
vn -0.0846 -0.9964 -0.0000
vn -0.0602 -0.9982 -0.0000
vn -0.0382 -0.9993 -0.0000
vn -0.0183 -0.9998 -0.0000
vn -0.0044 -1.0000 -0.0000
vn -0.6292 -0.7772 -0.0000
vn -0.9792 -0.2027 -0.0000
vn -0.9818 -0.1901 -0.0000
vn -0.9844 -0.1757 -0.0000
vn -0.9870 -0.1609 -0.0000
vn -0.9894 -0.1454 -0.0000
vn -0.9916 -0.1294 -0.0000
vn -0.9936 -0.1128 -0.0000
vn -0.9954 -0.0956 -0.0000
vn -0.9970 -0.0778 -0.0000
vn -0.9982 -0.0593 -0.0000
vn -0.9992 -0.0402 -0.0000
vn -0.9998 -0.0204 -0.0000
vn -0.9999 0.0165 -0.0000
vn -0.9962 0.0871 -0.0000
vn -0.9847 0.1744 -0.0000
vn -0.9655 0.2603 -0.0000
vn -0.9394 0.3428 -0.0000
vn -0.9073 0.4204 -0.0000
vn -0.8706 0.4919 -0.0000
vn -0.8308 0.5566 -0.0000
vn -0.7891 0.6143 -0.0000
vn -0.7467 0.6651 -0.0000
vn -0.7047 0.7095 -0.0000
vn -0.6636 0.7480 -0.0000
vn -0.6185 0.7858 -0.0000
vn -0.5623 0.8269 -0.0000
vn -0.4999 0.8661 -0.0000
vn -0.4380 0.8990 -0.0000
vn -0.3776 0.9260 -0.0000
vn -0.3195 0.9476 -0.0000
vn -0.2642 0.9645 -0.0000
vn -0.2120 0.9773 -0.0000
vn -0.1632 0.9866 -0.0000
vn -0.1177 0.9930 -0.0000
vn -0.0755 0.9971 -0.0000
vn -0.0364 0.9993 -0.0000
vn -0.0030 1.0000 -0.0000
vn 0.0230 0.9997 -0.0000
vn 0.0454 0.9990 -0.0000
vn 0.0671 0.9977 -0.0000
vn 0.0881 0.9961 -0.0000
vn 0.1084 0.9941 -0.0000
vn 0.1281 0.9918 -0.0000
vn 0.1471 0.9891 -0.0000
vn 0.1654 0.9862 -0.0000
vn 0.1831 0.9831 -0.0000
vn 0.2002 0.9798 -0.0000
vn 0.2167 0.9762 -0.0000
vn 0.2321 0.9727 -0.0000
vn 0.2465 0.9691 -0.0000
vn 0.2611 0.9653 -0.0000
vn 0.2765 0.9610 -0.0000
vn 0.2930 0.9561 -0.0000
vn 0.3105 0.9506 -0.0000
vn 0.3291 0.9443 -0.0000
vn 0.3490 0.9371 -0.0000
vn 0.3702 0.9290 -0.0000
vn 0.3928 0.9196 -0.0000
vn 0.4169 0.9089 -0.0000
vn 0.4427 0.8967 -0.0000
vn 0.4695 0.8829 -0.0000
vn 0.4733 0.8809 -0.0000
vn 0.4525 0.8918 -0.0000
vn 0.4292 0.9032 -0.0000
vn 0.4029 0.9153 -0.0000
vn 0.3731 0.9278 -0.0000
vn 0.3391 0.9408 -0.0000
vn 0.3003 0.9539 -0.0000
vn 0.2557 0.9668 -0.0000
vn 0.2043 0.9789 -0.0000
vn 0.1451 0.9894 -0.0000
vn 0.0769 0.9970 -0.0000
vn 0.0058 1.0000 -0.0000
vn -0.0586 0.9983 -0.0000
vn -0.1198 0.9928 -0.0000
vn -0.1835 0.9830 -0.0000
vn -0.2490 0.9685 -0.0000
vn -0.3154 0.9490 -0.0000
vn -0.3819 0.9242 -0.0000
vn -0.4472 0.8944 -0.0000
vn -0.5105 0.8599 -0.0000
vn -0.5706 0.8212 -0.0000
vn -0.6269 0.7791 -0.0000
vn -0.6787 0.7344 -0.0000
vn -0.7268 0.6868 -0.0000
vn -0.7727 0.6347 -0.0000
vn -0.8159 0.5782 -0.0000
vn -0.8549 0.5188 -0.0000
vn -0.8892 0.4575 -0.0000
vn -0.9186 0.3953 -0.0000
vn -0.9429 0.3331 -0.0000
vn -0.9623 0.2719 -0.0000
vn -0.9772 0.2123 -0.0000
vn -0.9879 0.1550 -0.0000
vn -0.9949 0.1005 -0.0000
vn -0.9988 0.0489 -0.0000
vn -0.9999 -0.0130 -0.0000
vn -0.9950 -0.1000 -0.0000
vn -0.9800 -0.1990 -0.0000
vn -0.9556 -0.2945 -0.0000
vn -0.9233 -0.3840 -0.0000
vn -0.8849 -0.4659 -0.0000
vn -0.8423 -0.5390 -0.0000
vn -0.7976 -0.6032 -0.0000
vn -0.7523 -0.6588 -0.0000
vn -0.7076 -0.7066 -0.0000
vn -0.6645 -0.7473 -0.0000
vn -0.6235 -0.7819 -0.0000
vn -0.5811 -0.8139 -0.0000
vn -0.5342 -0.8454 -0.0000
vn -0.4879 -0.8729 -0.0000
vn -0.4468 -0.8946 -0.0000
vn -0.4104 -0.9119 -0.0000
vn -0.3780 -0.9258 -0.0000
vn -0.3492 -0.9371 -0.0000
vn -0.3234 -0.9463 -0.0000
vn -0.3002 -0.9539 -0.0000
vn -0.2793 -0.9602 -0.0000
vn -0.2605 -0.9655 -0.0000
vn -0.2434 -0.9699 -0.0000
vn -0.2278 -0.9737 -0.0000
vn -0.2123 -0.9772 -0.0000
vn -0.1961 -0.9806 -0.0000
vn -0.1792 -0.9838 -0.0000
vn -0.1618 -0.9868 -0.0000
vn -0.1438 -0.9896 -0.0000
vn -0.1251 -0.9921 -0.0000
vn -0.1059 -0.9944 -0.0000
vn -0.0860 -0.9963 -0.0000
vn -0.0654 -0.9979 -0.0000
vn -0.0442 -0.9990 -0.0000
vn -0.0224 -0.9997 -0.0000
vn 0.0042 -1.0000 -0.0000
vn 0.0405 -0.9992 -0.0000
vn 0.0838 -0.9965 -0.0000
vn 0.1301 -0.9915 -0.0000
vn 0.1796 -0.9837 -0.0000
vn 0.2322 -0.9727 -0.0000
vn 0.2876 -0.9578 -0.0000
vn 0.3454 -0.9384 -0.0000
vn 0.4052 -0.9142 -0.0000
vn 0.4662 -0.8847 -0.0000
vn 0.5274 -0.8496 -0.0000
vn 0.5878 -0.8090 -0.0000
vn 0.6432 -0.7657 -0.0000
vn 0.6912 -0.7227 -0.0000
vn 0.7360 -0.6770 -0.0000
vn 0.7801 -0.6257 -0.0000
vn 0.8225 -0.5687 -0.0000
vn 0.8623 -0.5064 -0.0000
vn 0.8983 -0.4393 -0.0000
vn 0.9296 -0.3685 -0.0000
vn 0.9555 -0.2949 -0.0000
vn 0.9755 -0.2200 -0.0000
vn 0.9894 -0.1451 -0.0000
vn 0.9974 -0.0715 -0.0000
vn 0.9999 -0.0128 -0.0000
vn 0.9998 0.0188 -0.0000
vn 0.9993 0.0372 -0.0000
vn 0.9985 0.0549 -0.0000
vn 0.9974 0.0720 -0.0000
vn 0.9961 0.0886 -0.0000
vn 0.9945 0.1046 -0.0000
vn 0.9928 0.1201 -0.0000
vn 0.9908 0.1351 -0.0000
vn 0.9888 0.1495 -0.0000
vn 0.9866 0.1635 -0.0000
vn 0.9842 0.1769 -0.0000
vn 0.9806 0.1959 -0.0000
vn 0.7772 -0.6292 -0.0000
vn 0.3523 -0.9359 -0.0000
vn 0.9975 0.0701 -0.0000
vn 0.9899 0.1416 -0.0000
vn 0.9769 0.2136 -0.0000
vn 0.9585 0.2849 -0.0000
vn 0.9350 0.3545 -0.0000
vn 0.9069 0.4213 -0.0000
vn 0.8749 0.4843 -0.0000
vn 0.8398 0.5430 -0.0000
vn 0.8024 0.5968 -0.0000
vn 0.7637 0.6456 -0.0000
vn 0.7243 0.6895 -0.0000
vn 0.6795 0.7337 -0.0000
vn 0.6224 0.7827 -0.0000
vn 0.5575 0.8302 -0.0000
vn 0.4914 0.8709 -0.0000
vn 0.4256 0.9049 -0.0000
vn 0.3613 0.9325 -0.0000
vn 0.2994 0.9541 -0.0000
vn 0.2405 0.9706 -0.0000
vn 0.1852 0.9827 -0.0000
vn 0.1335 0.9910 -0.0000
vn 0.0856 0.9963 -0.0000
vn 0.0413 0.9991 -0.0000
vn 0.6289 0.7775 -0.0000
vn 0.9775 0.2108 -0.0000
vn 0.9731 0.2302 -0.0000
vn 0.9638 0.2665 -0.0000
vn 0.9522 0.3055 -0.0000
vn 0.9377 0.3473 -0.0000
vn 0.9200 0.3920 -0.0000
vn 0.8983 0.4393 -0.0000
vn 0.8722 0.4892 -0.0000
vn 0.8409 0.5412 -0.0000
vn 0.8039 0.5948 -0.0000
vn 0.7606 0.6492 -0.0000
vn 0.7109 0.7033 -0.0000
vn 0.6596 0.7516 -0.0000
vn 0.6134 0.7898 -0.0000
vn 0.5685 0.8227 -0.0000
vn 0.5202 0.8541 -0.0000
vn 0.4686 0.8834 -0.0000
vn 0.4140 0.9103 -0.0000
vn 0.3571 0.9341 -0.0000
vn 0.2983 0.9545 -0.0000
vn 0.2383 0.9712 -0.0000
vn 0.1778 0.9841 -0.0000
vn 0.1175 0.9931 -0.0000
vn 0.0582 0.9983 -0.0000
vn 0.0008 1.0000 -0.0000
vn -0.0553 0.9985 -0.0000
vn -0.1128 0.9936 -0.0000
vn -0.1724 0.9850 -0.0000
vn -0.2336 0.9723 -0.0000
vn -0.2956 0.9553 -0.0000
vn -0.3578 0.9338 -0.0000
vn -0.4191 0.9079 -0.0000
vn -0.4788 0.8779 -0.0000
vn -0.5361 0.8441 -0.0000
vn -0.5904 0.8071 -0.0000
vn -0.6409 0.7676 -0.0000
vn -0.6876 0.7261 -0.0000
vn -0.7314 0.6819 -0.0000
vn -0.7739 0.6334 -0.0000
vn -0.8146 0.5801 -0.0000
vn -0.8527 0.5224 -0.0000
vn -0.8874 0.4609 -0.0000
vn -0.9181 0.3964 -0.0000
vn -0.9440 0.3298 -0.0000
vn -0.9650 0.2621 -0.0000
vn -0.9809 0.1944 -0.0000
vn -0.9918 0.1276 -0.0000
vn -0.9980 0.0627 -0.0000
vn -1.0000 0.0055 -0.0000
vn -0.9993 -0.0373 -0.0000
vn -0.9976 -0.0694 -0.0000
vn -0.9953 -0.0966 -0.0000
vn -0.9928 -0.1199 -0.0000
vn -0.9901 -0.1401 -0.0000
vn -0.9875 -0.1577 -0.0000
vn -0.9849 -0.1732 -0.0000
vn -0.9824 -0.1869 -0.0000
vn -0.9800 -0.1992 -0.0000
vn -0.9777 -0.2101 -0.0000
vn -0.9755 -0.2200 -0.0000
vn -0.7603 0.6496 -0.0000
vn -0.8551 0.5185 -0.0000
vn -0.9985 0.0547 -0.0000
vn -0.9783 -0.2072 -0.0000
vn 0.8348 0.5506 -0.0000
vn 0.6099 0.7924 -0.0000
vn -1.0000 0.0078 -0.0000
vn -0.9997 -0.0247 -0.0000
vn -0.9988 -0.0480 -0.0000
vn -0.9976 -0.0698 -0.0000
vn -0.9959 -0.0904 -0.0000
vn -0.9940 -0.1097 -0.0000
vn -0.9918 -0.1279 -0.0000
vn -0.9894 -0.1449 -0.0000
vn -0.9870 -0.1610 -0.0000
vn -0.9844 -0.1762 -0.0000
vn -0.9817 -0.1905 -0.0000
vn -0.9790 -0.2040 -0.0000
vn -0.6282 -0.7780 -0.0000
vn -0.6730 -0.7397 -0.0000
vn -0.9958 -0.0920 -0.0000
vn -0.9962 -0.0874 -0.0000
vn -0.9966 -0.0822 -0.0000
vn -0.9971 -0.0766 -0.0000
vn -0.9975 -0.0704 -0.0000
vn -0.9980 -0.0636 -0.0000
vn -0.9984 -0.0560 -0.0000
vn -0.9989 -0.0474 -0.0000
vn -0.9993 -0.0377 -0.0000
vn -0.9996 -0.0268 -0.0000
vn -0.9999 -0.0142 -0.0000
vn -0.9999 0.0106 -0.0000
vn -0.9983 0.0586 -0.0000
vn -0.9928 0.1197 -0.0000
vn -0.9831 0.1832 -0.0000
vn -0.9686 0.2484 -0.0000
vn -0.9492 0.3146 -0.0000
vn -0.9247 0.3806 -0.0000
vn -0.8952 0.4456 -0.0000
vn -0.8611 0.5084 -0.0000
vn -0.8229 0.5681 -0.0000
vn -0.7814 0.6240 -0.0000
vn -0.7374 0.6755 -0.0000
vn -0.6902 0.7236 -0.0000
vn -0.6378 0.7702 -0.0000
vn -0.5806 0.8142 -0.0000
vn -0.5206 0.8538 -0.0000
vn -0.4587 0.8886 -0.0000
vn -0.3959 0.9183 -0.0000
vn -0.3333 0.9428 -0.0000
vn -0.2718 0.9624 -0.0000
vn -0.1547 0.9880 -0.0000
vn -0.1001 0.9950 -0.0000
vn -0.0487 0.9988 -0.0000
vn -0.0051 1.0000 -0.0000
vn 0.0268 0.9996 -0.0000
vn 0.0530 0.9986 -0.0000
vn 0.0783 0.9969 -0.0000
vn 0.1027 0.9947 -0.0000
vn 0.1264 0.9920 -0.0000
vn 0.1492 0.9888 -0.0000
vn 0.1712 0.9852 -0.0000
vn 0.1924 0.9813 -0.0000
vn 0.2128 0.9771 -0.0000
vn 0.2324 0.9726 -0.0000
vn 0.2513 0.9679 -0.0000
vn 0.2702 0.9628 -0.0000
vn 0.3120 0.9501 -0.0000
vn 0.3341 0.9425 -0.0000
vn 0.3567 0.9342 -0.0000
vn 0.3800 0.9250 -0.0000
vn 0.4037 0.9149 -0.0000
vn 0.4280 0.9038 -0.0000
vn 0.4527 0.8917 -0.0000
vn 0.4778 0.8785 -0.0000
vn 0.5032 0.8642 -0.0000
vn 0.5289 0.8487 -0.0000
vn 0.5390 0.8423 -0.0000
vn 0.5254 0.8508 -0.0000
vn 0.5023 0.8647 -0.0000
vn 0.4763 0.8793 -0.0000
vn 0.4468 0.8946 -0.0000
vn 0.4133 0.9106 -0.0000
vn 0.3751 0.9270 -0.0000
vn 0.3314 0.9435 -0.0000
vn 0.2814 0.9596 -0.0000
vn 0.2239 0.9746 -0.0000
vn 0.1582 0.9874 -0.0000
vn 0.0833 0.9965 -0.0000
vn 0.0063 1.0000 -0.0000
vn -0.0627 0.9980 -0.0000
vn -0.1276 0.9918 -0.0000
vn -0.1944 0.9809 -0.0000
vn -0.2621 0.9650 -0.0000
vn -0.3298 0.9440 -0.0000
vn -0.3964 0.9181 -0.0000
vn -0.4609 0.8874 -0.0000
vn -0.5224 0.8527 -0.0000
vn -0.5801 0.8146 -0.0000
vn -0.6334 0.7738 -0.0000
vn -0.6819 0.7314 -0.0000
vn -0.7268 0.6869 -0.0000
vn -0.7702 0.6378 -0.0000
vn -0.8116 0.5842 -0.0000
vn -0.8497 0.5273 -0.0000
vn -0.8837 0.4680 -0.0000
vn -0.9135 0.4069 -0.0000
vn -0.9386 0.3450 -0.0000
vn -0.9590 0.2833 -0.0000
vn -0.9749 0.2225 -0.0000
vn -0.9866 0.1633 -0.0000
vn -0.9943 0.1063 -0.0000
vn -0.9987 0.0519 -0.0000
vn -1.0000 -0.0059 -0.0000
vn -0.9972 -0.0746 -0.0000
vn -0.9888 -0.1492 -0.0000
vn -0.9749 -0.2227 -0.0000
vn -0.9559 -0.2938 -0.0000
vn -0.9323 -0.3617 -0.0000
vn -0.9050 -0.4255 -0.0000
vn -0.8748 -0.4845 -0.0000
vn -0.8425 -0.5387 -0.0000
vn -0.8090 -0.5878 -0.0000
vn -0.7749 -0.6320 -0.0000
vn -0.7409 -0.6716 -0.0000
vn -0.7123 -0.7018 -0.0000
vn -0.6744 -0.7384 -0.0000
vn -0.6231 -0.7821 -0.0000
vn -0.5768 -0.8169 -0.0000
vn -0.5353 -0.8447 -0.0000
vn -0.4982 -0.8671 -0.0000
vn -0.4650 -0.8853 -0.0000
vn -0.4353 -0.9003 -0.0000
vn -0.4086 -0.9127 -0.0000
vn -0.3847 -0.9231 -0.0000
vn -0.3630 -0.9318 -0.0000
vn -0.3435 -0.9392 -0.0000
vn -0.3235 -0.9462 -0.0000
vn -0.2745 -0.9616 -0.0000
vn -0.2482 -0.9687 -0.0000
vn -0.2216 -0.9751 -0.0000
vn -0.1946 -0.9809 -0.0000
vn -0.1672 -0.9859 -0.0000
vn -0.1396 -0.9902 -0.0000
vn -0.1118 -0.9937 -0.0000
vn -0.0839 -0.9965 -0.0000
vn -0.0559 -0.9984 -0.0000
vn -0.0279 -0.9996 -0.0000
vn 0.0056 -1.0000 -0.0000
vn 0.0514 -0.9987 -0.0000
vn 0.1055 -0.9944 -0.0000
vn 0.1625 -0.9867 -0.0000
vn 0.2220 -0.9750 -0.0000
vn 0.2835 -0.9590 -0.0000
vn 0.3463 -0.9381 -0.0000
vn 0.4096 -0.9123 -0.0000
vn 0.4723 -0.8815 -0.0000
vn 0.5335 -0.8458 -0.0000
vn 0.5922 -0.8058 -0.0000
vn 0.6476 -0.7620 -0.0000
vn 0.6983 -0.7158 -0.0000
vn 0.7445 -0.6676 -0.0000
vn 0.7879 -0.6158 -0.0000
vn 0.8286 -0.5598 -0.0000
vn 0.8659 -0.5002 -0.0000
vn 0.8991 -0.4378 -0.0000
vn 0.9276 -0.3735 -0.0000
vn 0.9513 -0.3084 -0.0000
vn 0.9699 -0.2433 -0.0000
vn 0.9838 -0.1793 -0.0000
vn 0.9931 -0.1171 -0.0000
vn 0.9984 -0.0573 -0.0000
vn 1.0000 -0.0050 -0.0000
vn 0.9993 0.0364 -0.0000
vn 0.9973 0.0733 -0.0000
vn 0.9939 0.1106 -0.0000
vn 0.9890 0.1482 -0.0000
vn 0.9826 0.1858 -0.0000
vn 0.9747 0.2233 -0.0000
vn 0.9654 0.2607 -0.0000
vn 0.9547 0.2976 -0.0000
vn 0.9426 0.3339 -0.0000
vn 0.9292 0.3695 -0.0000
vn 0.9147 0.4042 -0.0000
vn 0.8997 0.4365 -0.0000
vn 0.8853 0.4650 -0.0000
vn 0.8707 0.4918 -0.0000
vn 0.8551 0.5185 -0.0000
vn 0.8385 0.5450 -0.0000
vn 0.8208 0.5712 -0.0000
vn 0.8022 0.5970 -0.0000
vn 0.7827 0.6223 -0.0000
vn 0.7624 0.6471 -0.0000
vn 0.7412 0.6713 -0.0000
vn 0.7192 0.6948 -0.0000
vn 0.6966 0.7174 -0.0000
vn 0.6742 0.7386 -0.0000
vn 0.6528 0.7575 -0.0000
vn 0.6318 0.7751 -0.0000
vn 0.6105 0.7920 -0.0000
vn 0.5887 0.8083 -0.0000
vn 0.5667 0.8239 -0.0000
vn 0.5445 0.8387 -0.0000
vn 0.5221 0.8529 -0.0000
vn 0.4996 0.8662 -0.0000
vn 0.4771 0.8789 -0.0000
vn 0.4545 0.8908 -0.0000
vn 0.4319 0.9019 -0.0000
vn 0.4067 0.9136 -0.0000
vn 0.3756 0.9268 -0.0000
vn 0.3413 0.9400 -0.0000
vn 0.3066 0.9518 -0.0000
vn 0.2716 0.9624 -0.0000
vn 0.2366 0.9716 -0.0000
vn 0.2016 0.9795 -0.0000
vn 0.1669 0.9860 -0.0000
vn 0.1324 0.9912 -0.0000
vn 0.0984 0.9951 -0.0000
vn 0.0650 0.9979 -0.0000
vn 0.0322 0.9995 -0.0000
vn -0.0045 1.0000 -0.0000
vn -0.0509 0.9987 -0.0000
vn -0.1046 0.9945 -0.0000
vn -0.1610 0.9869 -0.0000
vn -0.2200 0.9755 -0.0000
vn -0.2811 0.9597 -0.0000
vn -0.3434 0.9392 -0.0000
vn -0.4062 0.9138 -0.0000
vn -0.4685 0.8834 -0.0000
vn -0.5295 0.8483 -0.0000
vn -0.5881 0.8088 -0.0000
vn -0.6434 0.7655 -0.0000
vn -0.6943 0.7197 -0.0000
vn -0.7411 0.6714 -0.0000
vn -0.7851 0.6194 -0.0000
vn -0.8264 0.5631 -0.0000
vn -0.8642 0.5031 -0.0000
vn -0.8979 0.4403 -0.0000
vn -0.9268 0.3755 -0.0000
vn -0.9508 0.3099 -0.0000
vn -0.9697 0.2445 -0.0000
vn -0.9837 0.1801 -0.0000
vn -0.9931 0.1175 -0.0000
vn -0.9983 0.0575 -0.0000
vn -0.8357 0.5491 -0.0000
vn 0.7041 0.7101 -0.0000
vn 0.9998 -0.0204 -0.0000
vn 0.9968 -0.0799 -0.0000
vn 0.9898 -0.1424 -0.0000
vn 0.9783 -0.2073 -0.0000
vn 0.9618 -0.2739 -0.0000
vn 0.9400 -0.3413 -0.0000
vn 0.9128 -0.4083 -0.0000
vn 0.8806 -0.4739 -0.0000
vn 0.8435 -0.5371 -0.0000
vn 0.8024 -0.5967 -0.0000
vn 0.7067 -0.7075 -0.0000
vn 0.6509 -0.7592 -0.0000
vn 0.5947 -0.8039 -0.0000
vn 0.5352 -0.8447 -0.0000
vn 0.4733 -0.8809 -0.0000
vn 0.4099 -0.9121 -0.0000
vn 0.3462 -0.9382 -0.0000
vn 0.2830 -0.9591 -0.0000
vn 0.2213 -0.9752 -0.0000
vn 0.1618 -0.9868 -0.0000
vn 0.1049 -0.9945 -0.0000
vn 0.0511 -0.9987 -0.0000
vn 0.0001 -1.0000 -0.0000
vn -0.0498 -0.9988 -0.0000
vn -0.1002 -0.9950 -0.0000
vn -0.1509 -0.9885 -0.0000
vn -0.2016 -0.9795 -0.0000
vn -0.2518 -0.9678 -0.0000
vn -0.3012 -0.9535 -0.0000
vn -0.3494 -0.9370 -0.0000
vn -0.3961 -0.9182 -0.0000
vn -0.4408 -0.8976 -0.0000
vn -0.4836 -0.8753 -0.0000
vn -0.5240 -0.8517 -0.0000
vn -0.5628 -0.8266 -0.0000
vn -0.6013 -0.7991 -0.0000
vn -0.6395 -0.7688 -0.0000
vn -0.6768 -0.7362 -0.0000
vn -0.7128 -0.7014 -0.0000
vn -0.7473 -0.6645 -0.0000
vn -0.7799 -0.6260 -0.0000
vn -0.8103 -0.5859 -0.0000
vn -0.8386 -0.5448 -0.0000
vn -0.8643 -0.5029 -0.0000
vn -0.8876 -0.4606 -0.0000
vn -0.9084 -0.4182 -0.0000
vt 0.747405 0.000000
vt 0.754325 0.000000
vt 0.750865 0.000000
vt 0.743945 0.000000
vt 0.757785 0.000000
vt 0.740484 0.000000
vt 0.761246 0.000000
vt 0.737024 0.000000
vt 0.733564 0.000000
vt 0.764706 0.000000
vt 0.730104 0.000000
vt 0.768166 0.000000
vt 0.726644 0.000000
vt 0.723183 0.000000
vt 0.771626 0.000000
vt 0.719723 0.000000
vt 0.775087 0.000000
vt 0.716263 0.000000
vt 0.712803 0.000000
vt 0.778547 0.000000
vt 0.709343 0.000000
vt 0.782007 0.000000
vt 0.705882 0.000000
vt 0.702422 0.000000
vt 0.785467 0.000000
vt 0.698962 0.000000
vt 0.788927 0.000000
vt 0.695502 0.000000
vt 0.692042 0.000000
vt 0.920415 0.000000
vt 0.916955 0.000000
vt 0.792388 0.000000
vt 0.923875 0.000000
vt 0.927336 0.000000
vt 0.913495 0.000000
vt 0.930796 0.000000
vt 0.910035 0.000000
vt 0.688581 0.000000
vt 0.934256 0.000000
vt 0.906574 0.000000
vt 0.937716 0.000000
vt 0.903114 0.000000
vt 0.685121 0.000000
vt 0.941176 0.000000
vt 0.899654 0.000000
vt 0.795848 0.000000
vt 0.944637 0.000000
vt 0.896194 0.000000
vt 0.681661 0.000000
vt 0.948097 0.000000
vt 0.892734 0.000000
vt 0.799308 0.000000
vt 0.678201 0.000000
vt 0.951557 0.000000
vt 0.889273 0.000000
vt 0.674740 0.000000
vt 0.955017 0.000000
vt 0.885813 0.000000
vt 0.802768 0.000000
vt 0.671280 0.000000
vt 0.958477 0.000000
vt 0.882353 0.000000
vt 0.667820 0.000000
vt 0.806228 0.000000
vt 0.961938 0.000000
vt 0.878893 0.000000
vt 0.664360 0.000000
vt 0.965398 0.000000
vt 0.875433 0.000000
vt 0.809689 0.000000
vt 0.660900 0.000000
vt 0.968858 0.000000
vt 0.871972 0.000000
vt 0.657439 0.000000
vt 0.813149 0.000000
vt 0.972318 0.000000
vt 0.653979 0.000000
vt 0.868512 0.000000
vt 0.650519 0.000000
vt 0.816609 0.000000
vt 0.975779 0.000000
vt 0.865052 0.000000
vt 0.647059 0.000000
vt 0.979239 0.000000
vt 0.861592 0.000000
vt 0.820069 0.000000
vt 0.643599 0.000000
vt 0.982699 0.000000
vt 0.858131 0.000000
vt 0.640138 0.000000
vt 0.823529 0.000000
vt 0.986159 0.000000
vt 0.636678 0.000000
vt 0.854671 0.000000
vt 0.826990 0.000000
vt 0.633218 0.000000
vt 0.989619 0.000000
vt 0.851211 0.000000
vt 0.629758 0.000000
vt 0.830450 0.000000
vt 0.993080 0.000000
vt 0.847751 0.000000
vt 0.626298 0.000000
vt 0.996540 0.000000
vt 0.844291 0.000000
vt 0.000000 0.000000
vt 0.622837 0.000000
vt 0.619377 0.000000
vt 1.000000 0.000000
vt 0.840830 0.000000
vt 0.003460 0.000000
vt 0.615917 0.000000
vt 0.006920 0.000000
vt 0.833910 0.000000
vt 0.837370 0.000000
vt 0.010381 0.000000
vt 0.612457 0.000000
vt 0.013841 0.000000
vt 0.017301 0.000000
vt 0.608997 0.000000
vt 0.020761 0.000000
vt 0.024221 0.000000
vt 0.605536 0.000000
vt 0.027682 0.000000
vt 0.602076 0.000000
vt 0.031142 0.000000
vt 0.034602 0.000000
vt 0.598616 0.000000
vt 0.038062 0.000000
vt 0.595156 0.000000
vt 0.044983 0.000000
vt 0.041522 0.000000
vt 0.048443 0.000000
vt 0.051903 0.000000
vt 0.591695 0.000000
vt 0.055363 0.000000
vt 0.058824 0.000000
vt 0.062284 0.000000
vt 0.065744 0.000000
vt 0.588235 0.000000
vt 0.069204 0.000000
vt 0.072664 0.000000
vt 0.076125 0.000000
vt 0.079585 0.000000
vt 0.083045 0.000000
vt 0.584775 0.000000
vt 0.086505 0.000000
vt 0.089965 0.000000
vt 0.581315 0.000000
vt 0.093426 0.000000
vt 0.577855 0.000000
vt 0.096886 0.000000
vt 0.100346 0.000000
vt 0.574394 0.000000
vt 0.103806 0.000000
vt 0.570934 0.000000
vt 0.107266 0.000000
vt 0.567474 0.000000
vt 0.110727 0.000000
vt 0.564014 0.000000
vt 0.114187 0.000000
vt 0.117647 0.000000
vt 0.560554 0.000000
vt 0.121107 0.000000
vt 0.290657 0.000000
vt 0.297578 0.000000
vt 0.294118 0.000000
vt 0.301038 0.000000
vt 0.287197 0.000000
vt 0.304498 0.000000
vt 0.283737 0.000000
vt 0.307958 0.000000
vt 0.280277 0.000000
vt 0.311419 0.000000
vt 0.314879 0.000000
vt 0.276817 0.000000
vt 0.557093 0.000000
vt 0.318339 0.000000
vt 0.273356 0.000000
vt 0.321799 0.000000
vt 0.269896 0.000000
vt 0.325260 0.000000
vt 0.266436 0.000000
vt 0.328720 0.000000
vt 0.332180 0.000000
vt 0.262976 0.000000
vt 0.335640 0.000000
vt 0.124567 0.000000
vt 0.259516 0.000000
vt 0.339100 0.000000
vt 0.256055 0.000000
vt 0.342561 0.000000
vt 0.252595 0.000000
vt 0.346021 0.000000
vt 0.349481 0.000000
vt 0.249135 0.000000
vt 0.352941 0.000000
vt 0.356401 0.000000
vt 0.359862 0.000000
vt 0.363322 0.000000
vt 0.245675 0.000000
vt 0.553633 0.000000
vt 0.128028 0.000000
vt 0.366782 0.000000
vt 0.370242 0.000000
vt 0.373702 0.000000
vt 0.377163 0.000000
vt 0.242215 0.000000
vt 0.380623 0.000000
vt 0.384083 0.000000
vt 0.131488 0.000000
vt 0.238754 0.000000
vt 0.387543 0.000000
vt 0.391003 0.000000
vt 0.550173 0.000000
vt 0.394464 0.000000
vt 0.235294 0.000000
vt 0.397924 0.000000
vt 0.401384 0.000000
vt 0.134948 0.000000
vt 0.404844 0.000000
vt 0.231834 0.000000
vt 0.408305 0.000000
vt 0.411765 0.000000
vt 0.228374 0.000000
vt 0.415225 0.000000
vt 0.546713 0.000000
vt 0.418685 0.000000
vt 0.138408 0.000000
vt 0.422145 0.000000
vt 0.224913 0.000000
vt 0.221453 0.000000
vt 0.425606 0.000000
vt 0.141869 0.000000
vt 0.217993 0.000000
vt 0.429066 0.000000
vt 0.543253 0.000000
vt 0.214533 0.000000
vt 0.145329 0.000000
vt 0.211073 0.000000
vt 0.432526 0.000000
vt 0.207612 0.000000
vt 0.148789 0.000000
vt 0.435986 0.000000
vt 0.204152 0.000000
vt 0.539792 0.000000
vt 0.152249 0.000000
vt 0.200692 0.000000
vt 0.439446 0.000000
vt 0.197232 0.000000
vt 0.155709 0.000000
vt 0.193772 0.000000
vt 0.442907 0.000000
vt 0.190311 0.000000
vt 0.159170 0.000000
vt 0.186851 0.000000
vt 0.536332 0.000000
vt 0.162630 0.000000
vt 0.183391 0.000000
vt 0.179931 0.000000
vt 0.446367 0.000000
vt 0.166090 0.000000
vt 0.176471 0.000000
vt 0.173010 0.000000
vt 0.169550 0.000000
vt 0.449827 0.000000
vt 0.532872 0.000000
vt 0.453287 0.000000
vt 0.456747 0.000000
vt 0.529412 0.000000
vt 0.460208 0.000000
vt 0.525952 0.000000
vt 0.463668 0.000000
vt 0.467128 0.000000
vt 0.522491 0.000000
vt 0.470588 0.000000
vt 0.519031 0.000000
vt 0.474048 0.000000
vt 0.477509 0.000000
vt 0.515571 0.000000
vt 0.480969 0.000000
vt 0.512111 0.000000
vt 0.484429 0.000000
vt 0.487889 0.000000
vt 0.508651 0.000000
vt 0.491349 0.000000
vt 0.505190 0.000000
vt 0.494810 0.000000
vt 0.498270 0.000000
vt 0.501730 0.000000
vt 0.006667 0.000000
vt 0.680000 0.000000
vt 0.013333 0.000000
vt 0.993333 0.000000
vt 0.986667 0.000000
vt 0.980000 0.000000
vt 0.973333 0.000000
vt 0.966667 0.000000
vt 0.960000 0.000000
vt 0.953333 0.000000
vt 0.946667 0.000000
vt 0.940000 0.000000
vt 0.933333 0.000000
vt 0.926667 0.000000
vt 0.920000 0.000000
vt 0.913333 0.000000
vt 0.906667 0.000000
vt 0.900000 0.000000
vt 0.893333 0.000000
vt 0.886667 0.000000
vt 0.880000 0.000000
vt 0.873333 0.000000
vt 0.866667 0.000000
vt 0.860000 0.000000
vt 0.853333 0.000000
vt 0.846667 0.000000
vt 0.840000 0.000000
vt 0.833333 0.000000
vt 0.826667 0.000000
vt 0.820000 0.000000
vt 0.813333 0.000000
vt 0.806667 0.000000
vt 0.800000 0.000000
vt 0.793333 0.000000
vt 0.786667 0.000000
vt 0.780000 0.000000
vt 0.773333 0.000000
vt 0.766667 0.000000
vt 0.760000 0.000000
vt 0.753333 0.000000
vt 0.746667 0.000000
vt 0.740000 0.000000
vt 0.733333 0.000000
vt 0.726667 0.000000
vt 0.720000 0.000000
vt 0.713333 0.000000
vt 0.706667 0.000000
vt 0.700000 0.000000
vt 0.693333 0.000000
vt 0.686667 0.000000
vt 0.673333 0.000000
vt 0.660000 0.000000
vt 0.666667 0.000000
vt 0.020000 0.000000
vt 0.026667 0.000000
vt 0.033333 0.000000
vt 0.653333 0.000000
vt 0.040000 0.000000
vt 0.646667 0.000000
vt 0.046667 0.000000
vt 0.640000 0.000000
vt 0.053333 0.000000
vt 0.060000 0.000000
vt 0.633333 0.000000
vt 0.066667 0.000000
vt 0.626667 0.000000
vt 0.073333 0.000000
vt 0.620000 0.000000
vt 0.080000 0.000000
vt 0.086667 0.000000
vt 0.613333 0.000000
vt 0.093333 0.000000
vt 0.606667 0.000000
vt 0.100000 0.000000
vt 0.600000 0.000000
vt 0.106667 0.000000
vt 0.113333 0.000000
vt 0.593333 0.000000
vt 0.120000 0.000000
vt 0.586667 0.000000
vt 0.126667 0.000000
vt 0.580000 0.000000
vt 0.133333 0.000000
vt 0.140000 0.000000
vt 0.573333 0.000000
vt 0.146667 0.000000
vt 0.566667 0.000000
vt 0.153333 0.000000
vt 0.560000 0.000000
vt 0.160000 0.000000
vt 0.166667 0.000000
vt 0.553333 0.000000
vt 0.173333 0.000000
vt 0.546667 0.000000
vt 0.180000 0.000000
vt 0.540000 0.000000
vt 0.186667 0.000000
vt 0.533333 0.000000
vt 0.193333 0.000000
vt 0.526667 0.000000
vt 0.200000 0.000000
vt 0.520000 0.000000
vt 0.206667 0.000000
vt 0.513333 0.000000
vt 0.213333 0.000000
vt 0.506667 0.000000
vt 0.220000 0.000000
vt 0.500000 0.000000
vt 0.226667 0.000000
vt 0.493333 0.000000
vt 0.486667 0.000000
vt 0.233333 0.000000
vt 0.480000 0.000000
vt 0.240000 0.000000
vt 0.473333 0.000000
vt 0.246667 0.000000
vt 0.466667 0.000000
vt 0.253333 0.000000
vt 0.460000 0.000000
vt 0.453333 0.000000
vt 0.260000 0.000000
vt 0.446667 0.000000
vt 0.266667 0.000000
vt 0.440000 0.000000
vt 0.273333 0.000000
vt 0.433333 0.000000
vt 0.426667 0.000000
vt 0.280000 0.000000
vt 0.420000 0.000000
vt 0.286667 0.000000
vt 0.413333 0.000000
vt 0.293333 0.000000
vt 0.406667 0.000000
vt 0.300000 0.000000
vt 0.400000 0.000000
vt 0.393333 0.000000
vt 0.306667 0.000000
vt 0.386667 0.000000
vt 0.313333 0.000000
vt 0.380000 0.000000
vt 0.320000 0.000000
vt 0.373333 0.000000
vt 0.366667 0.000000
vt 0.326667 0.000000
vt 0.360000 0.000000
vt 0.333333 0.000000
vt 0.353333 0.000000
vt 0.340000 0.000000
vt 0.346667 0.000000
vt 0.895044 0.000000
vt 0.900875 0.000000
vt 0.897959 0.000000
vt 0.903790 0.000000
vt 0.892128 0.000000
vt 0.906706 0.000000
vt 0.889213 0.000000
vt 0.909621 0.000000
vt 0.886297 0.000000
vt 0.912536 0.000000
vt 0.883382 0.000000
vt 0.915452 0.000000
vt 0.918367 0.000000
vt 0.880466 0.000000
vt 0.921283 0.000000
vt 0.877551 0.000000
vt 0.924198 0.000000
vt 0.874636 0.000000
vt 0.927114 0.000000
vt 0.871720 0.000000
vt 0.930029 0.000000
vt 0.868805 0.000000
vt 0.932945 0.000000
vt 0.935860 0.000000
vt 0.865889 0.000000
vt 0.938776 0.000000
vt 0.862974 0.000000
vt 0.941691 0.000000
vt 0.860058 0.000000
vt 0.944606 0.000000
vt 0.857143 0.000000
vt 0.947522 0.000000
vt 0.950437 0.000000
vt 0.854227 0.000000
vt 0.953353 0.000000
vt 0.851312 0.000000
vt 0.956268 0.000000
vt 0.959184 0.000000
vt 0.848396 0.000000
vt 0.962099 0.000000
vt 0.965015 0.000000
vt 0.845481 0.000000
vt 0.967930 0.000000
vt 0.842566 0.000000
vt 0.970845 0.000000
vt 0.973761 0.000000
vt 0.976676 0.000000
vt 0.839650 0.000000
vt 0.979592 0.000000
vt 0.982507 0.000000
vt 0.836735 0.000000
vt 0.985423 0.000000
vt 0.988338 0.000000
vt 0.833819 0.000000
vt 0.991254 0.000000
vt 0.994169 0.000000
vt 0.830904 0.000000
vt 0.997085 0.000000
vt 0.827988 0.000000
vt 0.825073 0.000000
vt 0.002915 0.000000
vt 0.819242 0.000000
vt 0.822157 0.000000
vt 0.005831 0.000000
vt 0.008746 0.000000
vt 0.011662 0.000000
vt 0.816327 0.000000
vt 0.014577 0.000000
vt 0.813411 0.000000
vt 0.017493 0.000000
vt 0.020408 0.000000
vt 0.810496 0.000000
vt 0.023324 0.000000
vt 0.807580 0.000000
vt 0.026239 0.000000
vt 0.804665 0.000000
vt 0.029155 0.000000
vt 0.032070 0.000000
vt 0.801749 0.000000
vt 0.034985 0.000000
vt 0.798834 0.000000
vt 0.037901 0.000000
vt 0.040816 0.000000
vt 0.795918 0.000000
vt 0.043732 0.000000
vt 0.793003 0.000000
vt 0.046647 0.000000
vt 0.790087 0.000000
vt 0.049563 0.000000
vt 0.052478 0.000000
vt 0.787172 0.000000
vt 0.055394 0.000000
vt 0.784257 0.000000
vt 0.058309 0.000000
vt 0.781341 0.000000
vt 0.061224 0.000000
vt 0.064140 0.000000
vt 0.778426 0.000000
vt 0.067055 0.000000
vt 0.775510 0.000000
vt 0.069971 0.000000
vt 0.772595 0.000000
vt 0.072886 0.000000
vt 0.769679 0.000000
vt 0.075802 0.000000
vt 0.766764 0.000000
vt 0.078717 0.000000
vt 0.763848 0.000000
vt 0.081633 0.000000
vt 0.760933 0.000000
vt 0.084548 0.000000
vt 0.758017 0.000000
vt 0.087464 0.000000
vt 0.090379 0.000000
vt 0.755102 0.000000
vt 0.093294 0.000000
vt 0.752187 0.000000
vt 0.096210 0.000000
vt 0.749271 0.000000
vt 0.099125 0.000000
vt 0.746356 0.000000
vt 0.102041 0.000000
vt 0.743440 0.000000
vt 0.104956 0.000000
vt 0.107872 0.000000
vt 0.740525 0.000000
vt 0.110787 0.000000
vt 0.737609 0.000000
vt 0.113703 0.000000
vt 0.734694 0.000000
vt 0.116618 0.000000
vt 0.731778 0.000000
vt 0.119534 0.000000
vt 0.728863 0.000000
vt 0.122449 0.000000
vt 0.725947 0.000000
vt 0.125364 0.000000
vt 0.128280 0.000000
vt 0.723032 0.000000
vt 0.131195 0.000000
vt 0.720117 0.000000
vt 0.134111 0.000000
vt 0.717201 0.000000
vt 0.137026 0.000000
vt 0.714286 0.000000
vt 0.139942 0.000000
vt 0.142857 0.000000
vt 0.711370 0.000000
vt 0.145773 0.000000
vt 0.708455 0.000000
vt 0.148688 0.000000
vt 0.705539 0.000000
vt 0.151604 0.000000
vt 0.154519 0.000000
vt 0.702624 0.000000
vt 0.157434 0.000000
vt 0.699708 0.000000
vt 0.160350 0.000000
vt 0.696793 0.000000
vt 0.163265 0.000000
vt 0.693878 0.000000
vt 0.166181 0.000000
vt 0.169096 0.000000
vt 0.690962 0.000000
vt 0.172012 0.000000
vt 0.688047 0.000000
vt 0.174927 0.000000
vt 0.685131 0.000000
vt 0.177843 0.000000
vt 0.682216 0.000000
vt 0.180758 0.000000
vt 0.679300 0.000000
vt 0.676385 0.000000
vt 0.183673 0.000000
vt 0.186589 0.000000
vt 0.673469 0.000000
vt 0.189504 0.000000
vt 0.192420 0.000000
vt 0.670554 0.000000
vt 0.195335 0.000000
vt 0.667638 0.000000
vt 0.198251 0.000000
vt 0.664723 0.000000
vt 0.201166 0.000000
vt 0.204082 0.000000
vt 0.661808 0.000000
vt 0.206997 0.000000
vt 0.658892 0.000000
vt 0.209913 0.000000
vt 0.655977 0.000000
vt 0.212828 0.000000
vt 0.215743 0.000000
vt 0.653061 0.000000
vt 0.218659 0.000000
vt 0.650146 0.000000
vt 0.221574 0.000000
vt 0.647230 0.000000
vt 0.224490 0.000000
vt 0.644315 0.000000
vt 0.227405 0.000000
vt 0.641399 0.000000
vt 0.638484 0.000000
vt 0.230321 0.000000
vt 0.233236 0.000000
vt 0.635568 0.000000
vt 0.393586 0.000000
vt 0.399417 0.000000
vt 0.396501 0.000000
vt 0.236152 0.000000
vt 0.402332 0.000000
vt 0.390671 0.000000
vt 0.405248 0.000000
vt 0.387755 0.000000
vt 0.408163 0.000000
vt 0.384840 0.000000
vt 0.411079 0.000000
vt 0.381924 0.000000
vt 0.413994 0.000000
vt 0.379009 0.000000
vt 0.416910 0.000000
vt 0.419825 0.000000
vt 0.376093 0.000000
vt 0.422741 0.000000
vt 0.373178 0.000000
vt 0.425656 0.000000
vt 0.370262 0.000000
vt 0.428571 0.000000
vt 0.367347 0.000000
vt 0.239067 0.000000
vt 0.431487 0.000000
vt 0.632653 0.000000
vt 0.364432 0.000000
vt 0.434402 0.000000
vt 0.361516 0.000000
vt 0.437318 0.000000
vt 0.440233 0.000000
vt 0.358601 0.000000
vt 0.443149 0.000000
vt 0.241983 0.000000
vt 0.446064 0.000000
vt 0.355685 0.000000
vt 0.448980 0.000000
vt 0.451895 0.000000
vt 0.629738 0.000000
vt 0.244898 0.000000
vt 0.454811 0.000000
vt 0.352770 0.000000
vt 0.457726 0.000000
vt 0.460641 0.000000
vt 0.349854 0.000000
vt 0.247813 0.000000
vt 0.463557 0.000000
vt 0.466472 0.000000
vt 0.626822 0.000000
vt 0.346939 0.000000
vt 0.469388 0.000000
vt 0.250729 0.000000
vt 0.472303 0.000000
vt 0.344023 0.000000
vt 0.475219 0.000000
vt 0.253644 0.000000
vt 0.341108 0.000000
vt 0.478134 0.000000
vt 0.623907 0.000000
vt 0.481050 0.000000
vt 0.338192 0.000000
vt 0.256560 0.000000
vt 0.483965 0.000000
vt 0.335277 0.000000
vt 0.486880 0.000000
vt 0.259475 0.000000
vt 0.332362 0.000000
vt 0.620991 0.000000
vt 0.489796 0.000000
vt 0.492711 0.000000
vt 0.329446 0.000000
vt 0.262391 0.000000
vt 0.495627 0.000000
vt 0.326531 0.000000
vt 0.498542 0.000000
vt 0.265306 0.000000
vt 0.618076 0.000000
vt 0.501458 0.000000
vt 0.323615 0.000000
vt 0.268222 0.000000
vt 0.504373 0.000000
vt 0.320700 0.000000
vt 0.271137 0.000000
vt 0.317784 0.000000
vt 0.615160 0.000000
vt 0.507289 0.000000
vt 0.314869 0.000000
vt 0.274052 0.000000
vt 0.311953 0.000000
vt 0.276968 0.000000
vt 0.309038 0.000000
vt 0.510204 0.000000
vt 0.279883 0.000000
vt 0.306122 0.000000
vt 0.612245 0.000000
vt 0.282799 0.000000
vt 0.303207 0.000000
vt 0.300292 0.000000
vt 0.285714 0.000000
vt 0.297376 0.000000
vt 0.288630 0.000000
vt 0.294461 0.000000
vt 0.513120 0.000000
vt 0.291545 0.000000
vt 0.609329 0.000000
vt 0.516035 0.000000
vt 0.518950 0.000000
vt 0.606414 0.000000
vt 0.521866 0.000000
vt 0.603499 0.000000
vt 0.524781 0.000000
vt 0.527697 0.000000
vt 0.600583 0.000000
vt 0.530612 0.000000
vt 0.597668 0.000000
vt 0.533528 0.000000
vt 0.594752 0.000000
vt 0.536443 0.000000
vt 0.539359 0.000000
vt 0.591837 0.000000
vt 0.542274 0.000000
vt 0.588921 0.000000
vt 0.545189 0.000000
vt 0.548105 0.000000
vt 0.586006 0.000000
vt 0.551020 0.000000
vt 0.583090 0.000000
vt 0.553936 0.000000
vt 0.556851 0.000000
vt 0.580175 0.000000
vt 0.559767 0.000000
vt 0.577259 0.000000
vt 0.562682 0.000000
vt 0.565598 0.000000
vt 0.574344 0.000000
vt 0.568513 0.000000
vt 0.571429 0.000000
vt 0.987013 0.000000
vt 0.980519 0.000000
vt 0.993506 0.000000
vt 0.974026 0.000000
vt 0.006494 0.000000
vt 0.662338 0.000000
vt 0.012987 0.000000
vt 0.967532 0.000000
vt 0.961039 0.000000
vt 0.954545 0.000000
vt 0.948052 0.000000
vt 0.941558 0.000000
vt 0.935065 0.000000
vt 0.928571 0.000000
vt 0.922078 0.000000
vt 0.915584 0.000000
vt 0.909091 0.000000
vt 0.902597 0.000000
vt 0.896104 0.000000
vt 0.889610 0.000000
vt 0.883117 0.000000
vt 0.876623 0.000000
vt 0.870130 0.000000
vt 0.863636 0.000000
vt 0.850649 0.000000
vt 0.844156 0.000000
vt 0.837662 0.000000
vt 0.831169 0.000000
vt 0.824675 0.000000
vt 0.818182 0.000000
vt 0.811688 0.000000
vt 0.805195 0.000000
vt 0.798701 0.000000
vt 0.792208 0.000000
vt 0.785714 0.000000
vt 0.779221 0.000000
vt 0.772727 0.000000
vt 0.766234 0.000000
vt 0.759740 0.000000
vt 0.753247 0.000000
vt 0.746753 0.000000
vt 0.740260 0.000000
vt 0.733766 0.000000
vt 0.727273 0.000000
vt 0.720779 0.000000
vt 0.707792 0.000000
vt 0.701299 0.000000
vt 0.694805 0.000000
vt 0.688312 0.000000
vt 0.681818 0.000000
vt 0.675325 0.000000
vt 0.668831 0.000000
vt 0.655844 0.000000
vt 0.642857 0.000000
vt 0.649351 0.000000
vt 0.019481 0.000000
vt 0.025974 0.000000
vt 0.032468 0.000000
vt 0.636364 0.000000
vt 0.038961 0.000000
vt 0.629870 0.000000
vt 0.045455 0.000000
vt 0.623377 0.000000
vt 0.051948 0.000000
vt 0.058442 0.000000
vt 0.616883 0.000000
vt 0.064935 0.000000
vt 0.610390 0.000000
vt 0.071429 0.000000
vt 0.603896 0.000000
vt 0.077922 0.000000
vt 0.084416 0.000000
vt 0.597403 0.000000
vt 0.090909 0.000000
vt 0.590909 0.000000
vt 0.097403 0.000000
vt 0.584416 0.000000
vt 0.103896 0.000000
vt 0.110390 0.000000
vt 0.577922 0.000000
vt 0.116883 0.000000
vt 0.123377 0.000000
vt 0.564935 0.000000
vt 0.129870 0.000000
vt 0.136364 0.000000
vt 0.558442 0.000000
vt 0.551948 0.000000
vt 0.149351 0.000000
vt 0.545455 0.000000
vt 0.155844 0.000000
vt 0.162338 0.000000
vt 0.538961 0.000000
vt 0.168831 0.000000
vt 0.532468 0.000000
vt 0.175325 0.000000
vt 0.525974 0.000000
vt 0.181818 0.000000
vt 0.519481 0.000000
vt 0.188312 0.000000
vt 0.512987 0.000000
vt 0.194805 0.000000
vt 0.506494 0.000000
vt 0.201299 0.000000
vt 0.207792 0.000000
vt 0.493506 0.000000
vt 0.214286 0.000000
vt 0.487013 0.000000
vt 0.220779 0.000000
vt 0.480519 0.000000
vt 0.474026 0.000000
vt 0.227273 0.000000
vt 0.467532 0.000000
vt 0.233766 0.000000
vt 0.461039 0.000000
vt 0.240260 0.000000
vt 0.454545 0.000000
vt 0.246753 0.000000
vt 0.448052 0.000000
vt 0.441558 0.000000
vt 0.253247 0.000000
vt 0.435065 0.000000
vt 0.259740 0.000000
vt 0.266234 0.000000
vt 0.422078 0.000000
vt 0.415584 0.000000
vt 0.272727 0.000000
vt 0.409091 0.000000
vt 0.279221 0.000000
vt 0.402597 0.000000
vt 0.396104 0.000000
vt 0.292208 0.000000
vt 0.389610 0.000000
vt 0.383117 0.000000
vt 0.298701 0.000000
vt 0.376623 0.000000
vt 0.305195 0.000000
vt 0.370130 0.000000
vt 0.311688 0.000000
vt 0.363636 0.000000
vt 0.357143 0.000000
vt 0.318182 0.000000
vt 0.350649 0.000000
vt 0.324675 0.000000
vt 0.344156 0.000000
vt 0.331169 0.000000
vt 0.337662 0.000000
vt 0.722467 0.000000
vt 0.453745 0.000000
vt 0.726872 0.000000
vt 0.731278 0.000000
vt 0.449339 0.000000
vt 0.004405 0.000000
vt 0.735683 0.000000
vt 0.458150 0.000000
vt 0.444934 0.000000
vt 0.008811 0.000000
vt 0.718062 0.000000
vt 0.462555 0.000000
vt 0.995595 0.000000
vt 0.740088 0.000000
vt 0.713656 0.000000
vt 0.991189 0.000000
vt 0.466960 0.000000
vt 0.744493 0.000000
vt 0.709251 0.000000
vt 0.986784 0.000000
vt 0.704846 0.000000
vt 0.982379 0.000000
vt 0.471366 0.000000
vt 0.748899 0.000000
vt 0.700441 0.000000
vt 0.977974 0.000000
vt 0.696035 0.000000
vt 0.973568 0.000000
vt 0.475771 0.000000
vt 0.753304 0.000000
vt 0.691630 0.000000
vt 0.969163 0.000000
vt 0.687225 0.000000
vt 0.964758 0.000000
vt 0.480176 0.000000
vt 0.757709 0.000000
vt 0.682819 0.000000
vt 0.960352 0.000000
vt 0.678414 0.000000
vt 0.955947 0.000000
vt 0.484582 0.000000
vt 0.762115 0.000000
vt 0.674009 0.000000
vt 0.951542 0.000000
vt 0.669604 0.000000
vt 0.947137 0.000000
vt 0.665198 0.000000
vt 0.942731 0.000000
vt 0.488987 0.000000
vt 0.766520 0.000000
vt 0.660793 0.000000
vt 0.938326 0.000000
vt 0.656388 0.000000
vt 0.933921 0.000000
vt 0.493392 0.000000
vt 0.770925 0.000000
vt 0.651982 0.000000
vt 0.929515 0.000000
vt 0.497797 0.000000
vt 0.775330 0.000000
vt 0.647577 0.000000
vt 0.925110 0.000000
vt 0.643172 0.000000
vt 0.920705 0.000000
vt 0.502203 0.000000
vt 0.779736 0.000000
vt 0.638767 0.000000
vt 0.916300 0.000000
vt 0.634361 0.000000
vt 0.911894 0.000000
vt 0.506608 0.000000
vt 0.784141 0.000000
vt 0.629956 0.000000
vt 0.907489 0.000000
vt 0.511013 0.000000
vt 0.788546 0.000000
vt 0.625551 0.000000
vt 0.903084 0.000000
vt 0.515419 0.000000
vt 0.792952 0.000000
vt 0.621145 0.000000
vt 0.898678 0.000000
vt 0.616740 0.000000
vt 0.894273 0.000000
vt 0.519824 0.000000
vt 0.797357 0.000000
vt 0.612335 0.000000
vt 0.889868 0.000000
vt 0.524229 0.000000
vt 0.801762 0.000000
vt 0.607930 0.000000
vt 0.885463 0.000000
vt 0.528634 0.000000
vt 0.806167 0.000000
vt 0.603524 0.000000
vt 0.881057 0.000000
vt 0.533040 0.000000
vt 0.810573 0.000000
vt 0.599119 0.000000
vt 0.876652 0.000000
vt 0.537445 0.000000
vt 0.814978 0.000000
vt 0.594714 0.000000
vt 0.872247 0.000000
vt 0.541850 0.000000
vt 0.819383 0.000000
vt 0.590308 0.000000
vt 0.867841 0.000000
vt 0.585903 0.000000
vt 0.863436 0.000000
vt 0.546256 0.000000
vt 0.823789 0.000000
vt 0.581498 0.000000
vt 0.859031 0.000000
vt 0.550661 0.000000
vt 0.828194 0.000000
vt 0.577093 0.000000
vt 0.854626 0.000000
vt 0.555066 0.000000
vt 0.832599 0.000000
vt 0.572687 0.000000
vt 0.850220 0.000000
vt 0.559471 0.000000
vt 0.837004 0.000000
vt 0.568282 0.000000
vt 0.845815 0.000000
vt 0.563877 0.000000
vt 0.841410 0.000000
vt 0.436123 0.000000
vt 0.440529 0.000000
vt 0.013216 0.000000
vt 0.017621 0.000000
vt 0.022026 0.000000
vt 0.431718 0.000000
vt 0.026432 0.000000
vt 0.427313 0.000000
vt 0.030837 0.000000
vt 0.422908 0.000000
vt 0.035242 0.000000
vt 0.039648 0.000000
vt 0.418502 0.000000
vt 0.044053 0.000000
vt 0.414097 0.000000
vt 0.048458 0.000000
vt 0.409692 0.000000
vt 0.052863 0.000000
vt 0.057269 0.000000
vt 0.405286 0.000000
vt 0.061674 0.000000
vt 0.400881 0.000000
vt 0.066079 0.000000
vt 0.396476 0.000000
vt 0.070485 0.000000
vt 0.074890 0.000000
vt 0.392070 0.000000
vt 0.079295 0.000000
vt 0.387665 0.000000
vt 0.083700 0.000000
vt 0.383260 0.000000
vt 0.088106 0.000000
vt 0.092511 0.000000
vt 0.378855 0.000000
vt 0.096916 0.000000
vt 0.374449 0.000000
vt 0.101322 0.000000
vt 0.370044 0.000000
vt 0.105727 0.000000
vt 0.110132 0.000000
vt 0.365639 0.000000
vt 0.114537 0.000000
vt 0.361233 0.000000
vt 0.118943 0.000000
vt 0.356828 0.000000
vt 0.123348 0.000000
vt 0.352423 0.000000
vt 0.127753 0.000000
vt 0.348018 0.000000
vt 0.132159 0.000000
vt 0.343612 0.000000
vt 0.136564 0.000000
vt 0.339207 0.000000
vt 0.140969 0.000000
vt 0.334802 0.000000
vt 0.145374 0.000000
vt 0.330396 0.000000
vt 0.149780 0.000000
vt 0.325991 0.000000
vt 0.321586 0.000000
vt 0.154185 0.000000
vt 0.317181 0.000000
vt 0.158590 0.000000
vt 0.312775 0.000000
vt 0.162996 0.000000
vt 0.308370 0.000000
vt 0.167401 0.000000
vt 0.303965 0.000000
vt 0.299559 0.000000
vt 0.171806 0.000000
vt 0.295154 0.000000
vt 0.176211 0.000000
vt 0.290749 0.000000
vt 0.180617 0.000000
vt 0.286344 0.000000
vt 0.281938 0.000000
vt 0.185022 0.000000
vt 0.277533 0.000000
vt 0.189427 0.000000
vt 0.273128 0.000000
vt 0.193833 0.000000
vt 0.268722 0.000000
vt 0.198238 0.000000
vt 0.264317 0.000000
vt 0.259912 0.000000
vt 0.202643 0.000000
vt 0.255507 0.000000
vt 0.207048 0.000000
vt 0.251101 0.000000
vt 0.211454 0.000000
vt 0.246696 0.000000
vt 0.242291 0.000000
vt 0.215859 0.000000
vt 0.237885 0.000000
vt 0.220264 0.000000
vt 0.233480 0.000000
vt 0.224670 0.000000
vt 0.229075 0.000000
vt 0.000000 1.000000
vt 0.004386 1.000000
vt 0.004386 0.000000
vt 0.008772 1.000000
vt 0.008772 0.000000
vt 0.013158 1.000000
vt 0.013158 0.000000
vt 0.017544 1.000000
vt 0.017544 0.000000
vt 0.021930 1.000000
vt 0.021930 0.000000
vt 0.026316 1.000000
vt 0.026316 0.000000
vt 0.030702 1.000000
vt 0.030702 0.000000
vt 0.035088 1.000000
vt 0.035088 0.000000
vt 0.039474 1.000000
vt 0.039474 0.000000
vt 0.043860 1.000000
vt 0.043860 0.000000
vt 0.048246 1.000000
vt 0.048246 0.000000
vt 0.052632 1.000000
vt 0.052632 0.000000
vt 0.057018 1.000000
vt 0.057018 0.000000
vt 0.061404 1.000000
vt 0.061404 0.000000
vt 0.065789 1.000000
vt 0.065789 0.000000
vt 0.070175 1.000000
vt 0.070175 0.000000
vt 0.074561 1.000000
vt 0.074561 0.000000
vt 0.078947 1.000000
vt 0.078947 0.000000
vt 0.083333 1.000000
vt 0.083333 0.000000
vt 0.087719 1.000000
vt 0.087719 0.000000
vt 0.092105 1.000000
vt 0.092105 0.000000
vt 0.096491 1.000000
vt 0.096491 0.000000
vt 0.100877 1.000000
vt 0.100877 0.000000
vt 0.105263 1.000000
vt 0.105263 0.000000
vt 0.109649 1.000000
vt 0.109649 0.000000
vt 0.114035 1.000000
vt 0.114035 0.000000
vt 0.118421 1.000000
vt 0.118421 0.000000
vt 0.122807 1.000000
vt 0.122807 0.000000
vt 0.127193 1.000000
vt 0.127193 0.000000
vt 0.131579 1.000000
vt 0.131579 0.000000
vt 0.135965 1.000000
vt 0.135965 0.000000
vt 0.140351 1.000000
vt 0.140351 0.000000
vt 0.144737 1.000000
vt 0.144737 0.000000
vt 0.149123 1.000000
vt 0.149123 0.000000
vt 0.153509 1.000000
vt 0.153509 0.000000
vt 0.157895 1.000000
vt 0.157895 0.000000
vt 0.162281 1.000000
vt 0.162281 0.000000
vt 0.166667 1.000000
vt 0.171053 1.000000
vt 0.171053 0.000000
vt 0.175439 1.000000
vt 0.175439 0.000000
vt 0.179825 1.000000
vt 0.179825 0.000000
vt 0.184211 1.000000
vt 0.184211 0.000000
vt 0.188596 1.000000
vt 0.188596 0.000000
vt 0.192982 1.000000
vt 0.192982 0.000000
vt 0.197368 1.000000
vt 0.197368 0.000000
vt 0.201754 1.000000
vt 0.201754 0.000000
vt 0.206140 1.000000
vt 0.206140 0.000000
vt 0.210526 1.000000
vt 0.210526 0.000000
vt 0.214912 1.000000
vt 0.214912 0.000000
vt 0.219298 1.000000
vt 0.219298 0.000000
vt 0.223684 1.000000
vt 0.223684 0.000000
vt 0.228070 1.000000
vt 0.228070 0.000000
vt 0.232456 1.000000
vt 0.232456 0.000000
vt 0.236842 1.000000
vt 0.236842 0.000000
vt 0.241228 1.000000
vt 0.241228 0.000000
vt 0.245614 1.000000
vt 0.245614 0.000000
vt 0.250000 1.000000
vt 0.250000 0.000000
vt 0.254386 1.000000
vt 0.254386 0.000000
vt 0.258772 1.000000
vt 0.258772 0.000000
vt 0.263158 1.000000
vt 0.263158 0.000000
vt 0.267544 1.000000
vt 0.267544 0.000000
vt 0.271930 1.000000
vt 0.271930 0.000000
vt 0.276316 1.000000
vt 0.276316 0.000000
vt 0.280702 1.000000
vt 0.280702 0.000000
vt 0.285088 1.000000
vt 0.285088 0.000000
vt 0.289474 1.000000
vt 0.289474 0.000000
vt 0.293860 1.000000
vt 0.293860 0.000000
vt 0.298246 1.000000
vt 0.298246 0.000000
vt 0.302632 1.000000
vt 0.302632 0.000000
vt 0.307018 1.000000
vt 0.307018 0.000000
vt 0.311404 1.000000
vt 0.311404 0.000000
vt 0.315789 1.000000
vt 0.315789 0.000000
vt 0.320175 1.000000
vt 0.320175 0.000000
vt 0.324561 1.000000
vt 0.324561 0.000000
vt 0.328947 1.000000
vt 0.328947 0.000000
vt 0.333333 1.000000
vt 0.337719 1.000000
vt 0.337719 0.000000
vt 0.342105 1.000000
vt 0.342105 0.000000
vt 0.346491 1.000000
vt 0.346491 0.000000
vt 0.350877 1.000000
vt 0.350877 0.000000
vt 0.355263 1.000000
vt 0.355263 0.000000
vt 0.359649 1.000000
vt 0.359649 0.000000
vt 0.364035 1.000000
vt 0.364035 0.000000
vt 0.368421 1.000000
vt 0.368421 0.000000
vt 0.372807 1.000000
vt 0.372807 0.000000
vt 0.377193 1.000000
vt 0.377193 0.000000
vt 0.381579 1.000000
vt 0.381579 0.000000
vt 0.385965 1.000000
vt 0.385965 0.000000
vt 0.390351 1.000000
vt 0.390351 0.000000
vt 0.394737 1.000000
vt 0.394737 0.000000
vt 0.399123 1.000000
vt 0.399123 0.000000
vt 0.403509 1.000000
vt 0.403509 0.000000
vt 0.407895 1.000000
vt 0.407895 0.000000
vt 0.412281 1.000000
vt 0.412281 0.000000
vt 0.416667 1.000000
vt 0.416667 0.000000
vt 0.421053 1.000000
vt 0.421053 0.000000
vt 0.425439 1.000000
vt 0.425439 0.000000
vt 0.429825 1.000000
vt 0.429825 0.000000
vt 0.434211 1.000000
vt 0.434211 0.000000
vt 0.438596 1.000000
vt 0.438596 0.000000
vt 0.442982 1.000000
vt 0.442982 0.000000
vt 0.447368 1.000000
vt 0.447368 0.000000
vt 0.451754 1.000000
vt 0.451754 0.000000
vt 0.456140 1.000000
vt 0.456140 0.000000
vt 0.460526 1.000000
vt 0.460526 0.000000
vt 0.464912 1.000000
vt 0.464912 0.000000
vt 0.469298 1.000000
vt 0.469298 0.000000
vt 0.473684 1.000000
vt 0.473684 0.000000
vt 0.478070 1.000000
vt 0.478070 0.000000
vt 0.482456 1.000000
vt 0.482456 0.000000
vt 0.486842 1.000000
vt 0.486842 0.000000
vt 0.491228 1.000000
vt 0.491228 0.000000
vt 0.495614 1.000000
vt 0.495614 0.000000
vt 0.500000 1.000000
vt 0.504386 1.000000
vt 0.504386 0.000000
vt 0.508772 1.000000
vt 0.508772 0.000000
vt 0.513158 1.000000
vt 0.513158 0.000000
vt 0.517544 1.000000
vt 0.517544 0.000000
vt 0.521930 1.000000
vt 0.521930 0.000000
vt 0.526316 1.000000
vt 0.526316 0.000000
vt 0.530702 1.000000
vt 0.530702 0.000000
vt 0.535088 1.000000
vt 0.535088 0.000000
vt 0.539474 1.000000
vt 0.539474 0.000000
vt 0.543860 1.000000
vt 0.543860 0.000000
vt 0.548246 1.000000
vt 0.548246 0.000000
vt 0.552632 1.000000
vt 0.552632 0.000000
vt 0.557018 1.000000
vt 0.557018 0.000000
vt 0.561404 1.000000
vt 0.561404 0.000000
vt 0.565789 1.000000
vt 0.565789 0.000000
vt 0.570175 1.000000
vt 0.570175 0.000000
vt 0.574561 1.000000
vt 0.574561 0.000000
vt 0.578947 1.000000
vt 0.578947 0.000000
vt 0.583333 1.000000
vt 0.583333 0.000000
vt 0.587719 1.000000
vt 0.587719 0.000000
vt 0.592105 1.000000
vt 0.592105 0.000000
vt 0.596491 1.000000
vt 0.596491 0.000000
vt 0.600877 1.000000
vt 0.600877 0.000000
vt 0.605263 1.000000
vt 0.605263 0.000000
vt 0.609649 1.000000
vt 0.609649 0.000000
vt 0.614035 1.000000
vt 0.614035 0.000000
vt 0.618421 1.000000
vt 0.618421 0.000000
vt 0.622807 1.000000
vt 0.622807 0.000000
vt 0.627193 1.000000
vt 0.627193 0.000000
vt 0.631579 1.000000
vt 0.631579 0.000000
vt 0.635965 1.000000
vt 0.635965 0.000000
vt 0.640351 1.000000
vt 0.640351 0.000000
vt 0.644737 1.000000
vt 0.644737 0.000000
vt 0.649123 1.000000
vt 0.649123 0.000000
vt 0.653509 1.000000
vt 0.653509 0.000000
vt 0.657895 1.000000
vt 0.657895 0.000000
vt 0.662281 1.000000
vt 0.662281 0.000000
vt 0.666667 1.000000
vt 0.671053 1.000000
vt 0.671053 0.000000
vt 0.675439 1.000000
vt 0.675439 0.000000
vt 0.679825 1.000000
vt 0.679825 0.000000
vt 0.684211 1.000000
vt 0.684211 0.000000
vt 0.688596 1.000000
vt 0.688596 0.000000
vt 0.692982 1.000000
vt 0.692982 0.000000
vt 0.697368 1.000000
vt 0.697368 0.000000
vt 0.701754 1.000000
vt 0.701754 0.000000
vt 0.706140 1.000000
vt 0.706140 0.000000
vt 0.710526 1.000000
vt 0.710526 0.000000
vt 0.714912 1.000000
vt 0.714912 0.000000
vt 0.719298 1.000000
vt 0.719298 0.000000
vt 0.723684 1.000000
vt 0.723684 0.000000
vt 0.728070 1.000000
vt 0.728070 0.000000
vt 0.732456 1.000000
vt 0.732456 0.000000
vt 0.736842 1.000000
vt 0.736842 0.000000
vt 0.741228 1.000000
vt 0.741228 0.000000
vt 0.745614 1.000000
vt 0.745614 0.000000
vt 0.750000 1.000000
vt 0.750000 0.000000
vt 0.754386 1.000000
vt 0.754386 0.000000
vt 0.758772 1.000000
vt 0.758772 0.000000
vt 0.763158 1.000000
vt 0.763158 0.000000
vt 0.767544 1.000000
vt 0.767544 0.000000
vt 0.771930 1.000000
vt 0.771930 0.000000
vt 0.776316 1.000000
vt 0.776316 0.000000
vt 0.780702 1.000000
vt 0.780702 0.000000
vt 0.785088 1.000000
vt 0.785088 0.000000
vt 0.789474 1.000000
vt 0.789474 0.000000
vt 0.793860 1.000000
vt 0.793860 0.000000
vt 0.798246 1.000000
vt 0.798246 0.000000
vt 0.802632 1.000000
vt 0.802632 0.000000
vt 0.807018 1.000000
vt 0.807018 0.000000
vt 0.811404 1.000000
vt 0.811404 0.000000
vt 0.815789 1.000000
vt 0.815789 0.000000
vt 0.820175 1.000000
vt 0.820175 0.000000
vt 0.824561 1.000000
vt 0.824561 0.000000
vt 0.828947 1.000000
vt 0.828947 0.000000
vt 0.833333 1.000000
vt 0.837719 1.000000
vt 0.837719 0.000000
vt 0.842105 1.000000
vt 0.842105 0.000000
vt 0.846491 1.000000
vt 0.846491 0.000000
vt 0.850877 1.000000
vt 0.850877 0.000000
vt 0.855263 1.000000
vt 0.855263 0.000000
vt 0.859649 1.000000
vt 0.859649 0.000000
vt 0.864035 1.000000
vt 0.864035 0.000000
vt 0.868421 1.000000
vt 0.868421 0.000000
vt 0.872807 1.000000
vt 0.872807 0.000000
vt 0.877193 1.000000
vt 0.877193 0.000000
vt 0.881579 1.000000
vt 0.881579 0.000000
vt 0.885965 1.000000
vt 0.885965 0.000000
vt 0.890351 1.000000
vt 0.890351 0.000000
vt 0.894737 1.000000
vt 0.894737 0.000000
vt 0.899123 1.000000
vt 0.899123 0.000000
vt 0.903509 1.000000
vt 0.903509 0.000000
vt 0.907895 1.000000
vt 0.907895 0.000000
vt 0.912281 1.000000
vt 0.912281 0.000000
vt 0.916667 1.000000
vt 0.916667 0.000000
vt 0.921053 1.000000
vt 0.921053 0.000000
vt 0.925439 1.000000
vt 0.925439 0.000000
vt 0.929825 1.000000
vt 0.929825 0.000000
vt 0.934211 1.000000
vt 0.934211 0.000000
vt 0.938596 1.000000
vt 0.938596 0.000000
vt 0.942982 1.000000
vt 0.942982 0.000000
vt 0.947368 1.000000
vt 0.947368 0.000000
vt 0.951754 1.000000
vt 0.951754 0.000000
vt 0.956140 1.000000
vt 0.956140 0.000000
vt 0.960526 1.000000
vt 0.960526 0.000000
vt 0.964912 1.000000
vt 0.964912 0.000000
vt 0.969298 1.000000
vt 0.969298 0.000000
vt 0.973684 1.000000
vt 0.973684 0.000000
vt 0.978070 1.000000
vt 0.978070 0.000000
vt 0.982456 1.000000
vt 0.982456 0.000000
vt 0.986842 1.000000
vt 0.986842 0.000000
vt 0.991228 1.000000
vt 0.991228 0.000000
vt 0.995614 1.000000
vt 0.995614 0.000000
vt 1.000000 1.000000
vt 0.006623 1.000000
vt 0.006623 0.000000
vt 0.013245 1.000000
vt 0.013245 0.000000
vt 0.019868 1.000000
vt 0.019868 0.000000
vt 0.026490 1.000000
vt 0.026490 0.000000
vt 0.033113 1.000000
vt 0.033113 0.000000
vt 0.039735 1.000000
vt 0.039735 0.000000
vt 0.046358 1.000000
vt 0.046358 0.000000
vt 0.052980 1.000000
vt 0.052980 0.000000
vt 0.059603 1.000000
vt 0.059603 0.000000
vt 0.066225 1.000000
vt 0.066225 0.000000
vt 0.072848 1.000000
vt 0.072848 0.000000
vt 0.079470 1.000000
vt 0.079470 0.000000
vt 0.086093 1.000000
vt 0.086093 0.000000
vt 0.092715 1.000000
vt 0.092715 0.000000
vt 0.099338 1.000000
vt 0.099338 0.000000
vt 0.105960 1.000000
vt 0.105960 0.000000
vt 0.112583 1.000000
vt 0.112583 0.000000
vt 0.119205 1.000000
vt 0.119205 0.000000
vt 0.125828 1.000000
vt 0.125828 0.000000
vt 0.132450 1.000000
vt 0.132450 0.000000
vt 0.139073 1.000000
vt 0.139073 0.000000
vt 0.145695 1.000000
vt 0.145695 0.000000
vt 0.152318 1.000000
vt 0.152318 0.000000
vt 0.158940 1.000000
vt 0.158940 0.000000
vt 0.165563 1.000000
vt 0.165563 0.000000
vt 0.172185 1.000000
vt 0.172185 0.000000
vt 0.178808 1.000000
vt 0.178808 0.000000
vt 0.185430 1.000000
vt 0.185430 0.000000
vt 0.192053 1.000000
vt 0.192053 0.000000
vt 0.198675 1.000000
vt 0.198675 0.000000
vt 0.205298 1.000000
vt 0.205298 0.000000
vt 0.211921 1.000000
vt 0.211921 0.000000
vt 0.218543 1.000000
vt 0.218543 0.000000
vt 0.225166 1.000000
vt 0.225166 0.000000
vt 0.231788 1.000000
vt 0.231788 0.000000
vt 0.238411 1.000000
vt 0.238411 0.000000
vt 0.245033 1.000000
vt 0.245033 0.000000
vt 0.251656 1.000000
vt 0.251656 0.000000
vt 0.258278 1.000000
vt 0.258278 0.000000
vt 0.264901 1.000000
vt 0.264901 0.000000
vt 0.271523 1.000000
vt 0.271523 0.000000
vt 0.278146 1.000000
vt 0.278146 0.000000
vt 0.284768 1.000000
vt 0.284768 0.000000
vt 0.291391 1.000000
vt 0.291391 0.000000
vt 0.298013 1.000000
vt 0.298013 0.000000
vt 0.304636 1.000000
vt 0.304636 0.000000
vt 0.311258 1.000000
vt 0.311258 0.000000
vt 0.317881 1.000000
vt 0.317881 0.000000
vt 0.324503 1.000000
vt 0.324503 0.000000
vt 0.331126 1.000000
vt 0.331126 0.000000
vt 0.337748 1.000000
vt 0.337748 0.000000
vt 0.344371 1.000000
vt 0.344371 0.000000
vt 0.350993 1.000000
vt 0.350993 0.000000
vt 0.357616 1.000000
vt 0.357616 0.000000
vt 0.364238 1.000000
vt 0.364238 0.000000
vt 0.370861 1.000000
vt 0.370861 0.000000
vt 0.377483 1.000000
vt 0.377483 0.000000
vt 0.384106 1.000000
vt 0.384106 0.000000
vt 0.390728 1.000000
vt 0.390728 0.000000
vt 0.397351 1.000000
vt 0.397351 0.000000
vt 0.403974 1.000000
vt 0.403974 0.000000
vt 0.410596 1.000000
vt 0.410596 0.000000
vt 0.417219 1.000000
vt 0.417219 0.000000
vt 0.423841 1.000000
vt 0.423841 0.000000
vt 0.430464 1.000000
vt 0.430464 0.000000
vt 0.437086 1.000000
vt 0.437086 0.000000
vt 0.443709 1.000000
vt 0.443709 0.000000
vt 0.450331 1.000000
vt 0.450331 0.000000
vt 0.456954 1.000000
vt 0.456954 0.000000
vt 0.463576 1.000000
vt 0.463576 0.000000
vt 0.470199 1.000000
vt 0.470199 0.000000
vt 0.476821 1.000000
vt 0.476821 0.000000
vt 0.483444 1.000000
vt 0.483444 0.000000
vt 0.490066 1.000000
vt 0.490066 0.000000
vt 0.496689 1.000000
vt 0.496689 0.000000
vt 0.503311 1.000000
vt 0.503311 0.000000
vt 0.509934 1.000000
vt 0.509934 0.000000
vt 0.516556 1.000000
vt 0.516556 0.000000
vt 0.523179 1.000000
vt 0.523179 0.000000
vt 0.529801 1.000000
vt 0.529801 0.000000
vt 0.536424 1.000000
vt 0.536424 0.000000
vt 0.543046 1.000000
vt 0.543046 0.000000
vt 0.549669 1.000000
vt 0.549669 0.000000
vt 0.556291 1.000000
vt 0.556291 0.000000
vt 0.562914 1.000000
vt 0.562914 0.000000
vt 0.569536 1.000000
vt 0.569536 0.000000
vt 0.576159 1.000000
vt 0.576159 0.000000
vt 0.582781 1.000000
vt 0.582781 0.000000
vt 0.589404 1.000000
vt 0.589404 0.000000
vt 0.596026 1.000000
vt 0.596026 0.000000
vt 0.602649 1.000000
vt 0.602649 0.000000
vt 0.609272 1.000000
vt 0.609272 0.000000
vt 0.615894 1.000000
vt 0.615894 0.000000
vt 0.622517 1.000000
vt 0.622517 0.000000
vt 0.629139 1.000000
vt 0.629139 0.000000
vt 0.635762 1.000000
vt 0.635762 0.000000
vt 0.642384 1.000000
vt 0.642384 0.000000
vt 0.649007 1.000000
vt 0.649007 0.000000
vt 0.655629 1.000000
vt 0.655629 0.000000
vt 0.662252 1.000000
vt 0.662252 0.000000
vt 0.668874 1.000000
vt 0.668874 0.000000
vt 0.675497 1.000000
vt 0.675497 0.000000
vt 0.682119 1.000000
vt 0.682119 0.000000
vt 0.688742 1.000000
vt 0.688742 0.000000
vt 0.695364 1.000000
vt 0.695364 0.000000
vt 0.701987 1.000000
vt 0.701987 0.000000
vt 0.708609 1.000000
vt 0.708609 0.000000
vt 0.715232 1.000000
vt 0.715232 0.000000
vt 0.721854 1.000000
vt 0.721854 0.000000
vt 0.728477 1.000000
vt 0.728477 0.000000
vt 0.735099 1.000000
vt 0.735099 0.000000
vt 0.741722 1.000000
vt 0.741722 0.000000
vt 0.748344 1.000000
vt 0.748344 0.000000
vt 0.754967 1.000000
vt 0.754967 0.000000
vt 0.761589 1.000000
vt 0.761589 0.000000
vt 0.768212 1.000000
vt 0.768212 0.000000
vt 0.774834 1.000000
vt 0.774834 0.000000
vt 0.781457 1.000000
vt 0.781457 0.000000
vt 0.788079 1.000000
vt 0.788079 0.000000
vt 0.794702 1.000000
vt 0.794702 0.000000
vt 0.801324 1.000000
vt 0.801324 0.000000
vt 0.807947 1.000000
vt 0.807947 0.000000
vt 0.814570 1.000000
vt 0.814570 0.000000
vt 0.821192 1.000000
vt 0.821192 0.000000
vt 0.827815 1.000000
vt 0.827815 0.000000
vt 0.834437 1.000000
vt 0.834437 0.000000
vt 0.841060 1.000000
vt 0.841060 0.000000
vt 0.847682 1.000000
vt 0.847682 0.000000
vt 0.854305 1.000000
vt 0.854305 0.000000
vt 0.860927 1.000000
vt 0.860927 0.000000
vt 0.867550 1.000000
vt 0.867550 0.000000
vt 0.874172 1.000000
vt 0.874172 0.000000
vt 0.880795 1.000000
vt 0.880795 0.000000
vt 0.887417 1.000000
vt 0.887417 0.000000
vt 0.894040 1.000000
vt 0.894040 0.000000
vt 0.900662 1.000000
vt 0.900662 0.000000
vt 0.907285 1.000000
vt 0.907285 0.000000
vt 0.913907 1.000000
vt 0.913907 0.000000
vt 0.920530 1.000000
vt 0.920530 0.000000
vt 0.927152 1.000000
vt 0.927152 0.000000
vt 0.933775 1.000000
vt 0.933775 0.000000
vt 0.940397 1.000000
vt 0.940397 0.000000
vt 0.947020 1.000000
vt 0.947020 0.000000
vt 0.953642 1.000000
vt 0.953642 0.000000
vt 0.960265 1.000000
vt 0.960265 0.000000
vt 0.966887 1.000000
vt 0.966887 0.000000
vt 0.973510 1.000000
vt 0.973510 0.000000
vt 0.980132 1.000000
vt 0.980132 0.000000
vt 0.986755 1.000000
vt 0.986755 0.000000
vt 0.993378 1.000000
vt 0.993378 0.000000
vt 0.002907 1.000000
vt 0.002907 0.000000
vt 0.005814 1.000000
vt 0.005814 0.000000
vt 0.008721 1.000000
vt 0.008721 0.000000
vt 0.011628 1.000000
vt 0.011628 0.000000
vt 0.014535 1.000000
vt 0.014535 0.000000
vt 0.017442 1.000000
vt 0.017442 0.000000
vt 0.020349 1.000000
vt 0.020349 0.000000
vt 0.023256 1.000000
vt 0.023256 0.000000
vt 0.026163 1.000000
vt 0.026163 0.000000
vt 0.029070 1.000000
vt 0.029070 0.000000
vt 0.031977 1.000000
vt 0.031977 0.000000
vt 0.034884 1.000000
vt 0.034884 0.000000
vt 0.037791 1.000000
vt 0.037791 0.000000
vt 0.040698 1.000000
vt 0.040698 0.000000
vt 0.043605 1.000000
vt 0.043605 0.000000
vt 0.046512 1.000000
vt 0.046512 0.000000
vt 0.049419 1.000000
vt 0.049419 0.000000
vt 0.052326 1.000000
vt 0.052326 0.000000
vt 0.055233 1.000000
vt 0.055233 0.000000
vt 0.058140 1.000000
vt 0.058140 0.000000
vt 0.061047 1.000000
vt 0.061047 0.000000
vt 0.063953 1.000000
vt 0.063953 0.000000
vt 0.066860 1.000000
vt 0.066860 0.000000
vt 0.069767 1.000000
vt 0.069767 0.000000
vt 0.072674 1.000000
vt 0.072674 0.000000
vt 0.075581 1.000000
vt 0.075581 0.000000
vt 0.078488 1.000000
vt 0.078488 0.000000
vt 0.081395 1.000000
vt 0.081395 0.000000
vt 0.084302 1.000000
vt 0.084302 0.000000
vt 0.087209 1.000000
vt 0.087209 0.000000
vt 0.090116 1.000000
vt 0.090116 0.000000
vt 0.093023 1.000000
vt 0.093023 0.000000
vt 0.095930 1.000000
vt 0.095930 0.000000
vt 0.098837 1.000000
vt 0.098837 0.000000
vt 0.101744 1.000000
vt 0.101744 0.000000
vt 0.104651 1.000000
vt 0.104651 0.000000
vt 0.107558 1.000000
vt 0.107558 0.000000
vt 0.110465 1.000000
vt 0.110465 0.000000
vt 0.113372 1.000000
vt 0.113372 0.000000
vt 0.116279 1.000000
vt 0.116279 0.000000
vt 0.119186 1.000000
vt 0.119186 0.000000
vt 0.122093 1.000000
vt 0.122093 0.000000
vt 0.125000 1.000000
vt 0.125000 0.000000
vt 0.127907 1.000000
vt 0.127907 0.000000
vt 0.130814 1.000000
vt 0.130814 0.000000
vt 0.133721 1.000000
vt 0.133721 0.000000
vt 0.136628 1.000000
vt 0.136628 0.000000
vt 0.139535 1.000000
vt 0.139535 0.000000
vt 0.142442 1.000000
vt 0.142442 0.000000
vt 0.145349 1.000000
vt 0.145349 0.000000
vt 0.148256 1.000000
vt 0.148256 0.000000
vt 0.151163 1.000000
vt 0.151163 0.000000
vt 0.154070 1.000000
vt 0.154070 0.000000
vt 0.156977 1.000000
vt 0.156977 0.000000
vt 0.159884 1.000000
vt 0.159884 0.000000
vt 0.162791 1.000000
vt 0.162791 0.000000
vt 0.165698 1.000000
vt 0.165698 0.000000
vt 0.168605 1.000000
vt 0.168605 0.000000
vt 0.171512 1.000000
vt 0.171512 0.000000
vt 0.174419 1.000000
vt 0.174419 0.000000
vt 0.177326 1.000000
vt 0.177326 0.000000
vt 0.180233 1.000000
vt 0.180233 0.000000
vt 0.183140 1.000000
vt 0.183140 0.000000
vt 0.186047 1.000000
vt 0.186047 0.000000
vt 0.188953 1.000000
vt 0.188953 0.000000
vt 0.191860 1.000000
vt 0.191860 0.000000
vt 0.194767 1.000000
vt 0.194767 0.000000
vt 0.197674 1.000000
vt 0.197674 0.000000
vt 0.200581 1.000000
vt 0.200581 0.000000
vt 0.203488 1.000000
vt 0.203488 0.000000
vt 0.206395 1.000000
vt 0.206395 0.000000
vt 0.209302 1.000000
vt 0.209302 0.000000
vt 0.212209 1.000000
vt 0.212209 0.000000
vt 0.215116 1.000000
vt 0.215116 0.000000
vt 0.218023 1.000000
vt 0.218023 0.000000
vt 0.220930 1.000000
vt 0.220930 0.000000
vt 0.223837 1.000000
vt 0.223837 0.000000
vt 0.226744 1.000000
vt 0.226744 0.000000
vt 0.229651 1.000000
vt 0.229651 0.000000
vt 0.232558 1.000000
vt 0.232558 0.000000
vt 0.235465 1.000000
vt 0.235465 0.000000
vt 0.238372 1.000000
vt 0.238372 0.000000
vt 0.241279 1.000000
vt 0.241279 0.000000
vt 0.244186 1.000000
vt 0.244186 0.000000
vt 0.247093 1.000000
vt 0.247093 0.000000
vt 0.252907 1.000000
vt 0.252907 0.000000
vt 0.255814 1.000000
vt 0.255814 0.000000
vt 0.258721 1.000000
vt 0.258721 0.000000
vt 0.261628 1.000000
vt 0.261628 0.000000
vt 0.264535 1.000000
vt 0.264535 0.000000
vt 0.267442 1.000000
vt 0.267442 0.000000
vt 0.270349 1.000000
vt 0.270349 0.000000
vt 0.273256 1.000000
vt 0.273256 0.000000
vt 0.276163 1.000000
vt 0.276163 0.000000
vt 0.279070 1.000000
vt 0.279070 0.000000
vt 0.281977 1.000000
vt 0.281977 0.000000
vt 0.284884 1.000000
vt 0.284884 0.000000
vt 0.287791 1.000000
vt 0.287791 0.000000
vt 0.290698 1.000000
vt 0.290698 0.000000
vt 0.293605 1.000000
vt 0.293605 0.000000
vt 0.296512 1.000000
vt 0.296512 0.000000
vt 0.299419 1.000000
vt 0.299419 0.000000
vt 0.302326 1.000000
vt 0.302326 0.000000
vt 0.305233 1.000000
vt 0.305233 0.000000
vt 0.308140 1.000000
vt 0.308140 0.000000
vt 0.311047 1.000000
vt 0.311047 0.000000
vt 0.313953 1.000000
vt 0.313953 0.000000
vt 0.316860 1.000000
vt 0.316860 0.000000
vt 0.319767 1.000000
vt 0.319767 0.000000
vt 0.322674 1.000000
vt 0.322674 0.000000
vt 0.325581 1.000000
vt 0.325581 0.000000
vt 0.328488 1.000000
vt 0.328488 0.000000
vt 0.331395 1.000000
vt 0.331395 0.000000
vt 0.334302 1.000000
vt 0.334302 0.000000
vt 0.337209 1.000000
vt 0.337209 0.000000
vt 0.340116 1.000000
vt 0.340116 0.000000
vt 0.343023 1.000000
vt 0.343023 0.000000
vt 0.345930 1.000000
vt 0.345930 0.000000
vt 0.348837 1.000000
vt 0.348837 0.000000
vt 0.351744 1.000000
vt 0.351744 0.000000
vt 0.354651 1.000000
vt 0.354651 0.000000
vt 0.357558 1.000000
vt 0.357558 0.000000
vt 0.360465 1.000000
vt 0.360465 0.000000
vt 0.363372 1.000000
vt 0.363372 0.000000
vt 0.366279 1.000000
vt 0.366279 0.000000
vt 0.369186 1.000000
vt 0.369186 0.000000
vt 0.372093 1.000000
vt 0.372093 0.000000
vt 0.375000 1.000000
vt 0.375000 0.000000
vt 0.377907 1.000000
vt 0.377907 0.000000
vt 0.380814 1.000000
vt 0.380814 0.000000
vt 0.383721 1.000000
vt 0.383721 0.000000
vt 0.386628 1.000000
vt 0.386628 0.000000
vt 0.389535 1.000000
vt 0.389535 0.000000
vt 0.392442 1.000000
vt 0.392442 0.000000
vt 0.395349 1.000000
vt 0.395349 0.000000
vt 0.398256 1.000000
vt 0.398256 0.000000
vt 0.401163 1.000000
vt 0.401163 0.000000
vt 0.404070 1.000000
vt 0.404070 0.000000
vt 0.406977 1.000000
vt 0.406977 0.000000
vt 0.409884 1.000000
vt 0.409884 0.000000
vt 0.412791 1.000000
vt 0.412791 0.000000
vt 0.415698 1.000000
vt 0.415698 0.000000
vt 0.418605 1.000000
vt 0.418605 0.000000
vt 0.421512 1.000000
vt 0.421512 0.000000
vt 0.424419 1.000000
vt 0.424419 0.000000
vt 0.427326 1.000000
vt 0.427326 0.000000
vt 0.430233 1.000000
vt 0.430233 0.000000
vt 0.433140 1.000000
vt 0.433140 0.000000
vt 0.436047 1.000000
vt 0.436047 0.000000
vt 0.438953 1.000000
vt 0.438953 0.000000
vt 0.441860 1.000000
vt 0.441860 0.000000
vt 0.444767 1.000000
vt 0.444767 0.000000
vt 0.447674 1.000000
vt 0.447674 0.000000
vt 0.450581 1.000000
vt 0.450581 0.000000
vt 0.453488 1.000000
vt 0.453488 0.000000
vt 0.456395 1.000000
vt 0.456395 0.000000
vt 0.459302 1.000000
vt 0.459302 0.000000
vt 0.462209 1.000000
vt 0.462209 0.000000
vt 0.465116 1.000000
vt 0.465116 0.000000
vt 0.468023 1.000000
vt 0.468023 0.000000
vt 0.470930 1.000000
vt 0.470930 0.000000
vt 0.473837 1.000000
vt 0.473837 0.000000
vt 0.476744 1.000000
vt 0.476744 0.000000
vt 0.479651 1.000000
vt 0.479651 0.000000
vt 0.482558 1.000000
vt 0.482558 0.000000
vt 0.485465 1.000000
vt 0.485465 0.000000
vt 0.488372 1.000000
vt 0.488372 0.000000
vt 0.491279 1.000000
vt 0.491279 0.000000
vt 0.494186 1.000000
vt 0.494186 0.000000
vt 0.497093 1.000000
vt 0.497093 0.000000
vt 0.502907 1.000000
vt 0.502907 0.000000
vt 0.505814 1.000000
vt 0.505814 0.000000
vt 0.508721 1.000000
vt 0.508721 0.000000
vt 0.511628 1.000000
vt 0.511628 0.000000
vt 0.514535 1.000000
vt 0.514535 0.000000
vt 0.517442 1.000000
vt 0.517442 0.000000
vt 0.520349 1.000000
vt 0.520349 0.000000
vt 0.523256 1.000000
vt 0.523256 0.000000
vt 0.526163 1.000000
vt 0.526163 0.000000
vt 0.529070 1.000000
vt 0.529070 0.000000
vt 0.531977 1.000000
vt 0.531977 0.000000
vt 0.534884 1.000000
vt 0.534884 0.000000
vt 0.537791 1.000000
vt 0.537791 0.000000
vt 0.540698 1.000000
vt 0.540698 0.000000
vt 0.543605 1.000000
vt 0.543605 0.000000
vt 0.546512 1.000000
vt 0.546512 0.000000
vt 0.549419 1.000000
vt 0.549419 0.000000
vt 0.552326 1.000000
vt 0.552326 0.000000
vt 0.555233 1.000000
vt 0.555233 0.000000
vt 0.558140 1.000000
vt 0.558140 0.000000
vt 0.561047 1.000000
vt 0.561047 0.000000
vt 0.563953 1.000000
vt 0.563953 0.000000
vt 0.566860 1.000000
vt 0.566860 0.000000
vt 0.569767 1.000000
vt 0.569767 0.000000
vt 0.572674 1.000000
vt 0.572674 0.000000
vt 0.575581 1.000000
vt 0.575581 0.000000
vt 0.578488 1.000000
vt 0.578488 0.000000
vt 0.581395 1.000000
vt 0.581395 0.000000
vt 0.584302 1.000000
vt 0.584302 0.000000
vt 0.587209 1.000000
vt 0.587209 0.000000
vt 0.590116 1.000000
vt 0.590116 0.000000
vt 0.593023 1.000000
vt 0.593023 0.000000
vt 0.595930 1.000000
vt 0.595930 0.000000
vt 0.598837 1.000000
vt 0.598837 0.000000
vt 0.601744 1.000000
vt 0.601744 0.000000
vt 0.604651 1.000000
vt 0.604651 0.000000
vt 0.607558 1.000000
vt 0.607558 0.000000
vt 0.610465 1.000000
vt 0.610465 0.000000
vt 0.613372 1.000000
vt 0.613372 0.000000
vt 0.616279 1.000000
vt 0.616279 0.000000
vt 0.619186 1.000000
vt 0.619186 0.000000
vt 0.622093 1.000000
vt 0.622093 0.000000
vt 0.625000 1.000000
vt 0.625000 0.000000
vt 0.627907 1.000000
vt 0.627907 0.000000
vt 0.630814 1.000000
vt 0.630814 0.000000
vt 0.633721 1.000000
vt 0.633721 0.000000
vt 0.636628 1.000000
vt 0.636628 0.000000
vt 0.639535 1.000000
vt 0.639535 0.000000
vt 0.642442 1.000000
vt 0.642442 0.000000
vt 0.645349 1.000000
vt 0.645349 0.000000
vt 0.648256 1.000000
vt 0.648256 0.000000
vt 0.651163 1.000000
vt 0.651163 0.000000
vt 0.654070 1.000000
vt 0.654070 0.000000
vt 0.656977 1.000000
vt 0.656977 0.000000
vt 0.659884 1.000000
vt 0.659884 0.000000
vt 0.662791 1.000000
vt 0.662791 0.000000
vt 0.665698 1.000000
vt 0.665698 0.000000
vt 0.668605 1.000000
vt 0.668605 0.000000
vt 0.671512 1.000000
vt 0.671512 0.000000
vt 0.674419 1.000000
vt 0.674419 0.000000
vt 0.677326 1.000000
vt 0.677326 0.000000
vt 0.680233 1.000000
vt 0.680233 0.000000
vt 0.683140 1.000000
vt 0.683140 0.000000
vt 0.686047 1.000000
vt 0.686047 0.000000
vt 0.688953 1.000000
vt 0.688953 0.000000
vt 0.691860 1.000000
vt 0.691860 0.000000
vt 0.694767 1.000000
vt 0.694767 0.000000
vt 0.697674 1.000000
vt 0.697674 0.000000
vt 0.700581 1.000000
vt 0.700581 0.000000
vt 0.703488 1.000000
vt 0.703488 0.000000
vt 0.706395 1.000000
vt 0.706395 0.000000
vt 0.709302 1.000000
vt 0.709302 0.000000
vt 0.712209 1.000000
vt 0.712209 0.000000
vt 0.715116 1.000000
vt 0.715116 0.000000
vt 0.718023 1.000000
vt 0.718023 0.000000
vt 0.720930 1.000000
vt 0.720930 0.000000
vt 0.723837 1.000000
vt 0.723837 0.000000
vt 0.726744 1.000000
vt 0.726744 0.000000
vt 0.729651 1.000000
vt 0.729651 0.000000
vt 0.732558 1.000000
vt 0.732558 0.000000
vt 0.735465 1.000000
vt 0.735465 0.000000
vt 0.738372 1.000000
vt 0.738372 0.000000
vt 0.741279 1.000000
vt 0.741279 0.000000
vt 0.744186 1.000000
vt 0.744186 0.000000
vt 0.747093 1.000000
vt 0.747093 0.000000
vt 0.752907 1.000000
vt 0.752907 0.000000
vt 0.755814 1.000000
vt 0.755814 0.000000
vt 0.758721 1.000000
vt 0.758721 0.000000
vt 0.761628 1.000000
vt 0.761628 0.000000
vt 0.764535 1.000000
vt 0.764535 0.000000
vt 0.767442 1.000000
vt 0.767442 0.000000
vt 0.770349 1.000000
vt 0.770349 0.000000
vt 0.773256 1.000000
vt 0.773256 0.000000
vt 0.776163 1.000000
vt 0.776163 0.000000
vt 0.779070 1.000000
vt 0.779070 0.000000
vt 0.781977 1.000000
vt 0.781977 0.000000
vt 0.784884 1.000000
vt 0.784884 0.000000
vt 0.787791 1.000000
vt 0.787791 0.000000
vt 0.790698 1.000000
vt 0.790698 0.000000
vt 0.793605 1.000000
vt 0.793605 0.000000
vt 0.796512 1.000000
vt 0.796512 0.000000
vt 0.799419 1.000000
vt 0.799419 0.000000
vt 0.802326 1.000000
vt 0.802326 0.000000
vt 0.805233 1.000000
vt 0.805233 0.000000
vt 0.808140 1.000000
vt 0.808140 0.000000
vt 0.811047 1.000000
vt 0.811047 0.000000
vt 0.813953 1.000000
vt 0.813953 0.000000
vt 0.816860 1.000000
vt 0.816860 0.000000
vt 0.819767 1.000000
vt 0.819767 0.000000
vt 0.822674 1.000000
vt 0.822674 0.000000
vt 0.825581 1.000000
vt 0.825581 0.000000
vt 0.828488 1.000000
vt 0.828488 0.000000
vt 0.831395 1.000000
vt 0.831395 0.000000
vt 0.834302 1.000000
vt 0.834302 0.000000
vt 0.837209 1.000000
vt 0.837209 0.000000
vt 0.840116 1.000000
vt 0.840116 0.000000
vt 0.843023 1.000000
vt 0.843023 0.000000
vt 0.845930 1.000000
vt 0.845930 0.000000
vt 0.848837 1.000000
vt 0.848837 0.000000
vt 0.851744 1.000000
vt 0.851744 0.000000
vt 0.854651 1.000000
vt 0.854651 0.000000
vt 0.857558 1.000000
vt 0.857558 0.000000
vt 0.860465 1.000000
vt 0.860465 0.000000
vt 0.863372 1.000000
vt 0.863372 0.000000
vt 0.866279 1.000000
vt 0.866279 0.000000
vt 0.869186 1.000000
vt 0.869186 0.000000
vt 0.872093 1.000000
vt 0.872093 0.000000
vt 0.875000 1.000000
vt 0.875000 0.000000
vt 0.877907 1.000000
vt 0.877907 0.000000
vt 0.880814 1.000000
vt 0.880814 0.000000
vt 0.883721 1.000000
vt 0.883721 0.000000
vt 0.886628 1.000000
vt 0.886628 0.000000
vt 0.889535 1.000000
vt 0.889535 0.000000
vt 0.892442 1.000000
vt 0.892442 0.000000
vt 0.895349 1.000000
vt 0.895349 0.000000
vt 0.898256 1.000000
vt 0.898256 0.000000
vt 0.901163 1.000000
vt 0.901163 0.000000
vt 0.904070 1.000000
vt 0.904070 0.000000
vt 0.906977 1.000000
vt 0.906977 0.000000
vt 0.909884 1.000000
vt 0.909884 0.000000
vt 0.912791 1.000000
vt 0.912791 0.000000
vt 0.915698 1.000000
vt 0.915698 0.000000
vt 0.918605 1.000000
vt 0.918605 0.000000
vt 0.921512 1.000000
vt 0.921512 0.000000
vt 0.924419 1.000000
vt 0.924419 0.000000
vt 0.927326 1.000000
vt 0.927326 0.000000
vt 0.930233 1.000000
vt 0.930233 0.000000
vt 0.933140 1.000000
vt 0.933140 0.000000
vt 0.936047 1.000000
vt 0.936047 0.000000
vt 0.938953 1.000000
vt 0.938953 0.000000
vt 0.941860 1.000000
vt 0.941860 0.000000
vt 0.944767 1.000000
vt 0.944767 0.000000
vt 0.947674 1.000000
vt 0.947674 0.000000
vt 0.950581 1.000000
vt 0.950581 0.000000
vt 0.953488 1.000000
vt 0.953488 0.000000
vt 0.956395 1.000000
vt 0.956395 0.000000
vt 0.959302 1.000000
vt 0.959302 0.000000
vt 0.962209 1.000000
vt 0.962209 0.000000
vt 0.965116 1.000000
vt 0.965116 0.000000
vt 0.968023 1.000000
vt 0.968023 0.000000
vt 0.970930 1.000000
vt 0.970930 0.000000
vt 0.973837 1.000000
vt 0.973837 0.000000
vt 0.976744 1.000000
vt 0.976744 0.000000
vt 0.979651 1.000000
vt 0.979651 0.000000
vt 0.982558 1.000000
vt 0.982558 0.000000
vt 0.985465 1.000000
vt 0.985465 0.000000
vt 0.988372 1.000000
vt 0.988372 0.000000
vt 0.991279 1.000000
vt 0.991279 0.000000
vt 0.994186 1.000000
vt 0.994186 0.000000
vt 0.997093 1.000000
vt 0.997093 0.000000
vt 0.004149 1.000000
vt 0.004149 0.000000
vt 0.008299 1.000000
vt 0.008299 0.000000
vt 0.012448 1.000000
vt 0.012448 0.000000
vt 0.016598 1.000000
vt 0.016598 0.000000
vt 0.020747 1.000000
vt 0.020747 0.000000
vt 0.024896 1.000000
vt 0.024896 0.000000
vt 0.029046 1.000000
vt 0.029046 0.000000
vt 0.033195 1.000000
vt 0.033195 0.000000
vt 0.037344 1.000000
vt 0.037344 0.000000
vt 0.041494 1.000000
vt 0.041494 0.000000
vt 0.045643 1.000000
vt 0.045643 0.000000
vt 0.049793 1.000000
vt 0.049793 0.000000
vt 0.053942 1.000000
vt 0.053942 0.000000
vt 0.058091 1.000000
vt 0.058091 0.000000
vt 0.062241 1.000000
vt 0.062241 0.000000
vt 0.066390 1.000000
vt 0.066390 0.000000
vt 0.070539 1.000000
vt 0.070539 0.000000
vt 0.074689 1.000000
vt 0.074689 0.000000
vt 0.078838 1.000000
vt 0.078838 0.000000
vt 0.082988 1.000000
vt 0.082988 0.000000
vt 0.087137 1.000000
vt 0.087137 0.000000
vt 0.091286 1.000000
vt 0.091286 0.000000
vt 0.095436 1.000000
vt 0.095436 0.000000
vt 0.099585 1.000000
vt 0.099585 0.000000
vt 0.103734 1.000000
vt 0.103734 0.000000
vt 0.107884 1.000000
vt 0.107884 0.000000
vt 0.112033 1.000000
vt 0.112033 0.000000
vt 0.116183 1.000000
vt 0.116183 0.000000
vt 0.120332 1.000000
vt 0.120332 0.000000
vt 0.124481 1.000000
vt 0.124481 0.000000
vt 0.128631 1.000000
vt 0.128631 0.000000
vt 0.132780 1.000000
vt 0.132780 0.000000
vt 0.136929 1.000000
vt 0.136929 0.000000
vt 0.141079 1.000000
vt 0.141079 0.000000
vt 0.145228 1.000000
vt 0.145228 0.000000
vt 0.149378 1.000000
vt 0.149378 0.000000
vt 0.153527 1.000000
vt 0.153527 0.000000
vt 0.157676 1.000000
vt 0.157676 0.000000
vt 0.161826 1.000000
vt 0.161826 0.000000
vt 0.165975 1.000000
vt 0.165975 0.000000
vt 0.170124 1.000000
vt 0.170124 0.000000
vt 0.174274 1.000000
vt 0.174274 0.000000
vt 0.178423 1.000000
vt 0.178423 0.000000
vt 0.182573 1.000000
vt 0.182573 0.000000
vt 0.186722 1.000000
vt 0.186722 0.000000
vt 0.190871 1.000000
vt 0.190871 0.000000
vt 0.195021 1.000000
vt 0.195021 0.000000
vt 0.199170 1.000000
vt 0.199170 0.000000
vt 0.203320 1.000000
vt 0.203320 0.000000
vt 0.207469 1.000000
vt 0.207469 0.000000
vt 0.211618 1.000000
vt 0.211618 0.000000
vt 0.215768 1.000000
vt 0.215768 0.000000
vt 0.219917 1.000000
vt 0.219917 0.000000
vt 0.224066 1.000000
vt 0.224066 0.000000
vt 0.228216 1.000000
vt 0.228216 0.000000
vt 0.232365 1.000000
vt 0.232365 0.000000
vt 0.236515 1.000000
vt 0.236515 0.000000
vt 0.240664 1.000000
vt 0.240664 0.000000
vt 0.244813 1.000000
vt 0.244813 0.000000
vt 0.248963 1.000000
vt 0.248963 0.000000
vt 0.253112 1.000000
vt 0.253112 0.000000
vt 0.257261 1.000000
vt 0.257261 0.000000
vt 0.261411 1.000000
vt 0.261411 0.000000
vt 0.265560 1.000000
vt 0.265560 0.000000
vt 0.269710 1.000000
vt 0.269710 0.000000
vt 0.273859 1.000000
vt 0.273859 0.000000
vt 0.278008 1.000000
vt 0.278008 0.000000
vt 0.282158 1.000000
vt 0.282158 0.000000
vt 0.286307 1.000000
vt 0.286307 0.000000
vt 0.290456 1.000000
vt 0.290456 0.000000
vt 0.294606 1.000000
vt 0.294606 0.000000
vt 0.298755 1.000000
vt 0.298755 0.000000
vt 0.302905 1.000000
vt 0.302905 0.000000
vt 0.307054 1.000000
vt 0.307054 0.000000
vt 0.311203 1.000000
vt 0.311203 0.000000
vt 0.315353 1.000000
vt 0.315353 0.000000
vt 0.319502 1.000000
vt 0.319502 0.000000
vt 0.323651 1.000000
vt 0.323651 0.000000
vt 0.327801 1.000000
vt 0.327801 0.000000
vt 0.331950 1.000000
vt 0.331950 0.000000
vt 0.336100 1.000000
vt 0.336100 0.000000
vt 0.340249 1.000000
vt 0.340249 0.000000
vt 0.344398 1.000000
vt 0.344398 0.000000
vt 0.348548 1.000000
vt 0.348548 0.000000
vt 0.352697 1.000000
vt 0.352697 0.000000
vt 0.356846 1.000000
vt 0.356846 0.000000
vt 0.360996 1.000000
vt 0.360996 0.000000
vt 0.365145 1.000000
vt 0.365145 0.000000
vt 0.369295 1.000000
vt 0.369295 0.000000
vt 0.373444 1.000000
vt 0.373444 0.000000
vt 0.377593 1.000000
vt 0.377593 0.000000
vt 0.381743 1.000000
vt 0.381743 0.000000
vt 0.385892 1.000000
vt 0.385892 0.000000
vt 0.390042 1.000000
vt 0.390042 0.000000
vt 0.394191 1.000000
vt 0.394191 0.000000
vt 0.398340 1.000000
vt 0.398340 0.000000
vt 0.402490 1.000000
vt 0.402490 0.000000
vt 0.406639 1.000000
vt 0.406639 0.000000
vt 0.410788 1.000000
vt 0.410788 0.000000
vt 0.414938 1.000000
vt 0.414938 0.000000
vt 0.419087 1.000000
vt 0.419087 0.000000
vt 0.423237 1.000000
vt 0.423237 0.000000
vt 0.427386 1.000000
vt 0.427386 0.000000
vt 0.431535 1.000000
vt 0.431535 0.000000
vt 0.435685 1.000000
vt 0.435685 0.000000
vt 0.439834 1.000000
vt 0.439834 0.000000
vt 0.443983 1.000000
vt 0.443983 0.000000
vt 0.448133 1.000000
vt 0.448133 0.000000
vt 0.452282 1.000000
vt 0.452282 0.000000
vt 0.456432 1.000000
vt 0.456432 0.000000
vt 0.460581 1.000000
vt 0.460581 0.000000
vt 0.464730 1.000000
vt 0.464730 0.000000
vt 0.468880 1.000000
vt 0.468880 0.000000
vt 0.473029 1.000000
vt 0.473029 0.000000
vt 0.477178 1.000000
vt 0.477178 0.000000
vt 0.481328 1.000000
vt 0.481328 0.000000
vt 0.485477 1.000000
vt 0.485477 0.000000
vt 0.489627 1.000000
vt 0.489627 0.000000
vt 0.493776 1.000000
vt 0.493776 0.000000
vt 0.497925 1.000000
vt 0.497925 0.000000
vt 0.502075 1.000000
vt 0.502075 0.000000
vt 0.506224 1.000000
vt 0.506224 0.000000
vt 0.510373 1.000000
vt 0.510373 0.000000
vt 0.514523 1.000000
vt 0.514523 0.000000
vt 0.518672 1.000000
vt 0.518672 0.000000
vt 0.522822 1.000000
vt 0.522822 0.000000
vt 0.526971 1.000000
vt 0.526971 0.000000
vt 0.531120 1.000000
vt 0.531120 0.000000
vt 0.535270 1.000000
vt 0.535270 0.000000
vt 0.539419 1.000000
vt 0.539419 0.000000
vt 0.543568 1.000000
vt 0.543568 0.000000
vt 0.547718 1.000000
vt 0.547718 0.000000
vt 0.551867 1.000000
vt 0.551867 0.000000
vt 0.556017 1.000000
vt 0.556017 0.000000
vt 0.560166 1.000000
vt 0.560166 0.000000
vt 0.564315 1.000000
vt 0.564315 0.000000
vt 0.568465 1.000000
vt 0.568465 0.000000
vt 0.572614 1.000000
vt 0.572614 0.000000
vt 0.576764 1.000000
vt 0.576764 0.000000
vt 0.580913 1.000000
vt 0.580913 0.000000
vt 0.585062 1.000000
vt 0.585062 0.000000
vt 0.589212 1.000000
vt 0.589212 0.000000
vt 0.593361 1.000000
vt 0.593361 0.000000
vt 0.597510 1.000000
vt 0.597510 0.000000
vt 0.601660 1.000000
vt 0.601660 0.000000
vt 0.605809 1.000000
vt 0.605809 0.000000
vt 0.609959 1.000000
vt 0.609959 0.000000
vt 0.614108 1.000000
vt 0.614108 0.000000
vt 0.618257 1.000000
vt 0.618257 0.000000
vt 0.622407 1.000000
vt 0.622407 0.000000
vt 0.626556 1.000000
vt 0.626556 0.000000
vt 0.630705 1.000000
vt 0.630705 0.000000
vt 0.634855 1.000000
vt 0.634855 0.000000
vt 0.639004 1.000000
vt 0.639004 0.000000
vt 0.643154 1.000000
vt 0.643154 0.000000
vt 0.647303 1.000000
vt 0.647303 0.000000
vt 0.651452 1.000000
vt 0.651452 0.000000
vt 0.655602 1.000000
vt 0.655602 0.000000
vt 0.659751 1.000000
vt 0.659751 0.000000
vt 0.663900 1.000000
vt 0.663900 0.000000
vt 0.668050 1.000000
vt 0.668050 0.000000
vt 0.672199 1.000000
vt 0.672199 0.000000
vt 0.676349 1.000000
vt 0.676349 0.000000
vt 0.680498 1.000000
vt 0.680498 0.000000
vt 0.684647 1.000000
vt 0.684647 0.000000
vt 0.688797 1.000000
vt 0.688797 0.000000
vt 0.692946 1.000000
vt 0.692946 0.000000
vt 0.697095 1.000000
vt 0.697095 0.000000
vt 0.701245 1.000000
vt 0.701245 0.000000
vt 0.705394 1.000000
vt 0.705394 0.000000
vt 0.709544 1.000000
vt 0.709544 0.000000
vt 0.713693 1.000000
vt 0.713693 0.000000
vt 0.717842 1.000000
vt 0.717842 0.000000
vt 0.721992 1.000000
vt 0.721992 0.000000
vt 0.726141 1.000000
vt 0.726141 0.000000
vt 0.730290 1.000000
vt 0.730290 0.000000
vt 0.734440 1.000000
vt 0.734440 0.000000
vt 0.738589 1.000000
vt 0.738589 0.000000
vt 0.742739 1.000000
vt 0.742739 0.000000
vt 0.746888 1.000000
vt 0.746888 0.000000
vt 0.751037 1.000000
vt 0.751037 0.000000
vt 0.755187 1.000000
vt 0.755187 0.000000
vt 0.759336 1.000000
vt 0.759336 0.000000
vt 0.763485 1.000000
vt 0.763485 0.000000
vt 0.767635 1.000000
vt 0.767635 0.000000
vt 0.771784 1.000000
vt 0.771784 0.000000
vt 0.775934 1.000000
vt 0.775934 0.000000
vt 0.780083 1.000000
vt 0.780083 0.000000
vt 0.784232 1.000000
vt 0.784232 0.000000
vt 0.788382 1.000000
vt 0.788382 0.000000
vt 0.792531 1.000000
vt 0.792531 0.000000
vt 0.796681 1.000000
vt 0.796681 0.000000
vt 0.800830 1.000000
vt 0.800830 0.000000
vt 0.804979 1.000000
vt 0.804979 0.000000
vt 0.809129 1.000000
vt 0.809129 0.000000
vt 0.813278 1.000000
vt 0.813278 0.000000
vt 0.817427 1.000000
vt 0.817427 0.000000
vt 0.821577 1.000000
vt 0.821577 0.000000
vt 0.825726 1.000000
vt 0.825726 0.000000
vt 0.829876 1.000000
vt 0.829876 0.000000
vt 0.834025 1.000000
vt 0.834025 0.000000
vt 0.838174 1.000000
vt 0.838174 0.000000
vt 0.842324 1.000000
vt 0.842324 0.000000
vt 0.846473 1.000000
vt 0.846473 0.000000
vt 0.850622 1.000000
vt 0.850622 0.000000
vt 0.854772 1.000000
vt 0.854772 0.000000
vt 0.858921 1.000000
vt 0.858921 0.000000
vt 0.863071 1.000000
vt 0.863071 0.000000
vt 0.867220 1.000000
vt 0.867220 0.000000
vt 0.871369 1.000000
vt 0.871369 0.000000
vt 0.875519 1.000000
vt 0.875519 0.000000
vt 0.879668 1.000000
vt 0.879668 0.000000
vt 0.883817 1.000000
vt 0.883817 0.000000
vt 0.887967 1.000000
vt 0.887967 0.000000
vt 0.892116 1.000000
vt 0.892116 0.000000
vt 0.896266 1.000000
vt 0.896266 0.000000
vt 0.900415 1.000000
vt 0.900415 0.000000
vt 0.904564 1.000000
vt 0.904564 0.000000
vt 0.908714 1.000000
vt 0.908714 0.000000
vt 0.912863 1.000000
vt 0.912863 0.000000
vt 0.917012 1.000000
vt 0.917012 0.000000
vt 0.921162 1.000000
vt 0.921162 0.000000
vt 0.925311 1.000000
vt 0.925311 0.000000
vt 0.929461 1.000000
vt 0.929461 0.000000
vt 0.933610 1.000000
vt 0.933610 0.000000
vt 0.937759 1.000000
vt 0.937759 0.000000
vt 0.941909 1.000000
vt 0.941909 0.000000
vt 0.946058 1.000000
vt 0.946058 0.000000
vt 0.950207 1.000000
vt 0.950207 0.000000
vt 0.954357 1.000000
vt 0.954357 0.000000
vt 0.958506 1.000000
vt 0.958506 0.000000
vt 0.962656 1.000000
vt 0.962656 0.000000
vt 0.966805 1.000000
vt 0.966805 0.000000
vt 0.970954 1.000000
vt 0.970954 0.000000
vt 0.975104 1.000000
vt 0.975104 0.000000
vt 0.979253 1.000000
vt 0.979253 0.000000
vt 0.983402 1.000000
vt 0.983402 0.000000
vt 0.987552 1.000000
vt 0.987552 0.000000
vt 0.991701 1.000000
vt 0.991701 0.000000
vt 0.995851 1.000000
vt 0.995851 0.000000
vt 0.020408 1.000000
vt 0.040816 1.000000
vt 0.061224 1.000000
vt 0.081633 1.000000
vt 0.102041 1.000000
vt 0.122449 1.000000
vt 0.142857 1.000000
vt 0.163265 1.000000
vt 0.183673 1.000000
vt 0.204082 1.000000
vt 0.224490 1.000000
vt 0.244898 1.000000
vt 0.265306 1.000000
vt 0.285714 1.000000
vt 0.306122 1.000000
vt 0.326531 1.000000
vt 0.346939 1.000000
vt 0.367347 1.000000
vt 0.387755 1.000000
vt 0.408163 1.000000
vt 0.428571 1.000000
vt 0.448980 1.000000
vt 0.469388 1.000000
vt 0.489796 1.000000
vt 0.510204 1.000000
vt 0.530612 1.000000
vt 0.551020 1.000000
vt 0.571429 1.000000
vt 0.591837 1.000000
vt 0.612245 1.000000
vt 0.632653 1.000000
vt 0.653061 1.000000
vt 0.673469 1.000000
vt 0.693878 1.000000
vt 0.714286 1.000000
vt 0.734694 1.000000
vt 0.755102 1.000000
vt 0.775510 1.000000
vt 0.795918 1.000000
vt 0.816327 1.000000
vt 0.836735 1.000000
vt 0.857143 1.000000
vt 0.877551 1.000000
vt 0.897959 1.000000
vt 0.918367 1.000000
vt 0.938776 1.000000
vt 0.959184 1.000000
vt 0.979592 1.000000
s 0
f 217/1/1 219/2/1 218/3/1
f 216/4/1 219/2/1 217/1/1
f 216/4/1 220/5/1 219/2/1
f 215/6/1 220/5/1 216/4/1
f 215/6/1 221/7/1 220/5/1
f 214/8/1 221/7/1 215/6/1
f 213/9/1 221/7/1 214/8/1
f 213/9/1 222/10/1 221/7/1
f 212/11/1 222/10/1 213/9/1
f 212/11/1 223/12/1 222/10/1
f 211/13/1 223/12/1 212/11/1
f 210/14/1 223/12/1 211/13/1
f 210/14/1 224/15/1 223/12/1
f 209/16/1 224/15/1 210/14/1
f 209/16/1 225/17/1 224/15/1
f 208/18/1 225/17/1 209/16/1
f 207/19/1 225/17/1 208/18/1
f 207/19/1 226/20/1 225/17/1
f 206/21/1 226/20/1 207/19/1
f 206/21/1 227/22/1 226/20/1
f 205/23/1 227/22/1 206/21/1
f 204/24/1 227/22/1 205/23/1
f 204/24/1 228/25/1 227/22/1
f 203/26/1 228/25/1 204/24/1
f 203/26/1 229/27/1 228/25/1
f 202/28/1 229/27/1 203/26/1
f 201/29/1 267/30/1 202/28/1
f 267/30/1 229/27/1 202/28/1
f 267/30/1 266/31/1 229/27/1
f 266/31/1 230/32/1 229/27/1
f 201/29/1 268/33/1 267/30/1
f 201/29/1 269/34/1 268/33/1
f 265/35/1 230/32/1 266/31/1
f 201/29/1 270/36/1 269/34/1
f 264/37/1 230/32/1 265/35/1
f 200/38/1 270/36/1 201/29/1
f 200/38/1 271/39/1 270/36/1
f 263/40/1 230/32/1 264/37/1
f 200/38/1 272/41/1 271/39/1
f 262/42/1 230/32/1 263/40/1
f 199/43/1 272/41/1 200/38/1
f 199/43/1 273/44/1 272/41/1
f 261/45/1 230/32/1 262/42/1
f 261/45/1 231/46/1 230/32/1
f 199/43/1 274/47/1 273/44/1
f 260/48/1 231/46/1 261/45/1
f 198/49/1 274/47/1 199/43/1
f 198/49/1 275/50/1 274/47/1
f 259/51/1 231/46/1 260/48/1
f 259/51/1 232/52/1 231/46/1
f 197/53/1 275/50/1 198/49/1
f 197/53/1 276/54/1 275/50/1
f 258/55/1 232/52/1 259/51/1
f 196/56/1 276/54/1 197/53/1
f 196/56/1 277/57/1 276/54/1
f 257/58/1 232/52/1 258/55/1
f 257/58/1 233/59/1 232/52/1
f 195/60/1 277/57/1 196/56/1
f 195/60/1 278/61/1 277/57/1
f 256/62/1 233/59/1 257/58/1
f 194/63/1 278/61/1 195/60/1
f 256/62/1 234/64/1 233/59/1
f 194/63/1 279/65/1 278/61/1
f 255/66/1 234/64/1 256/62/1
f 193/67/1 279/65/1 194/63/1
f 193/67/1 280/68/1 279/65/1
f 254/69/1 234/64/1 255/66/1
f 254/69/1 235/70/1 234/64/1
f 192/71/1 280/68/1 193/67/1
f 192/71/1 281/72/1 280/68/1
f 253/73/1 235/70/1 254/69/1
f 191/74/1 281/72/1 192/71/1
f 253/73/1 236/75/1 235/70/1
f 191/74/1 282/76/1 281/72/1
f 190/77/1 282/76/1 191/74/1
f 252/78/1 236/75/1 253/73/1
f 189/79/1 282/76/1 190/77/1
f 252/78/1 237/80/1 236/75/1
f 189/79/1 283/81/1 282/76/1
f 251/82/1 237/80/1 252/78/1
f 188/83/1 283/81/1 189/79/1
f 188/83/1 284/84/1 283/81/1
f 250/85/1 237/80/1 251/82/1
f 250/85/1 238/86/1 237/80/1
f 187/87/1 284/84/1 188/83/1
f 187/87/1 285/88/1 284/84/1
f 249/89/1 238/86/1 250/85/1
f 186/90/1 285/88/1 187/87/1
f 249/89/1 239/91/1 238/86/1
f 186/90/1 286/92/1 285/88/1
f 185/93/1 286/92/1 186/90/1
f 248/94/1 239/91/1 249/89/1
f 248/94/1 240/95/1 239/91/1
f 184/96/1 286/92/1 185/93/1
f 184/96/1 287/97/1 286/92/1
f 247/98/1 240/95/1 248/94/1
f 183/99/1 287/97/1 184/96/1
f 247/98/1 241/100/1 240/95/1
f 183/99/1 288/101/1 287/97/1
f 246/102/1 241/100/1 247/98/1
f 182/103/1 288/101/1 183/99/1
f 182/103/1 289/104/1 288/101/1
f 245/105/1 241/100/1 246/102/1
f 245/105/1 1/106/1 241/100/1
f 181/107/1 289/104/1 182/103/1
f 180/108/1 289/104/1 181/107/1
f 180/108/1 290/109/1 289/104/1
f 244/110/1 1/106/1 245/105/1
f 244/110/1 2/111/1 1/106/1
f 179/112/1 290/109/1 180/108/1
f 244/110/1 3/113/1 2/111/1
f 179/112/1 242/114/1 290/109/1
f 243/115/1 3/113/1 244/110/1
f 243/115/1 4/116/1 3/113/1
f 178/117/1 242/114/1 179/112/1
f 243/115/1 5/118/1 4/116/1
f 243/115/1 6/119/1 5/118/1
f 178/117/1 243/115/1 242/114/1
f 178/117/1 6/119/1 243/115/1
f 177/120/1 6/119/1 178/117/1
f 177/120/1 7/121/1 6/119/1
f 177/120/1 8/122/1 7/121/1
f 176/123/1 8/122/1 177/120/1
f 176/123/1 9/124/1 8/122/1
f 175/125/1 9/124/1 176/123/1
f 175/125/1 10/126/1 9/124/1
f 175/125/1 11/127/1 10/126/1
f 174/128/1 11/127/1 175/125/1
f 174/128/1 12/129/1 11/127/1
f 173/130/1 14/131/1 174/128/1
f 14/131/1 12/129/1 174/128/1
f 14/131/1 13/132/1 12/129/1
f 173/130/1 15/133/1 14/131/1
f 173/130/1 16/134/1 15/133/1
f 172/135/1 16/134/1 173/130/1
f 172/135/1 17/136/1 16/134/1
f 172/135/1 18/137/1 17/136/1
f 172/135/1 19/138/1 18/137/1
f 172/135/1 20/139/1 19/138/1
f 171/140/1 20/139/1 172/135/1
f 171/140/1 21/141/1 20/139/1
f 171/140/1 22/142/1 21/141/1
f 171/140/1 23/143/1 22/142/1
f 171/140/1 24/144/1 23/143/1
f 171/140/1 25/145/1 24/144/1
f 170/146/1 25/145/1 171/140/1
f 170/146/1 26/147/1 25/145/1
f 170/146/1 27/148/1 26/147/1
f 169/149/1 27/148/1 170/146/1
f 169/149/1 28/150/1 27/148/1
f 168/151/1 28/150/1 169/149/1
f 168/151/1 29/152/1 28/150/1
f 168/151/1 30/153/1 29/152/1
f 167/154/1 30/153/1 168/151/1
f 167/154/1 31/155/1 30/153/1
f 166/156/1 31/155/1 167/154/1
f 166/156/1 32/157/1 31/155/1
f 165/158/1 32/157/1 166/156/1
f 165/158/1 33/159/1 32/157/1
f 164/160/1 33/159/1 165/158/1
f 164/160/1 34/161/1 33/159/1
f 164/160/1 35/162/1 34/161/1
f 163/163/1 35/162/1 164/160/1
f 163/163/1 36/164/1 35/162/1
f 85/165/1 87/166/1 86/167/1
f 85/165/1 88/168/1 87/166/1
f 84/169/1 88/168/1 85/165/1
f 84/169/1 89/170/1 88/168/1
f 83/171/1 89/170/1 84/169/1
f 83/171/1 90/172/1 89/170/1
f 82/173/1 90/172/1 83/171/1
f 82/173/1 91/174/1 90/172/1
f 82/173/1 92/175/1 91/174/1
f 81/176/1 92/175/1 82/173/1
f 162/177/1 36/164/1 163/163/1
f 81/176/1 93/178/1 92/175/1
f 80/179/1 93/178/1 81/176/1
f 80/179/1 94/180/1 93/178/1
f 79/181/1 94/180/1 80/179/1
f 79/181/1 95/182/1 94/180/1
f 78/183/1 95/182/1 79/181/1
f 78/183/1 96/184/1 95/182/1
f 78/183/1 97/185/1 96/184/1
f 77/186/1 97/185/1 78/183/1
f 77/186/1 98/187/1 97/185/1
f 162/177/1 37/188/1 36/164/1
f 76/189/1 98/187/1 77/186/1
f 76/189/1 99/190/1 98/187/1
f 75/191/1 99/190/1 76/189/1
f 75/191/1 100/192/1 99/190/1
f 74/193/1 100/192/1 75/191/1
f 74/193/1 101/194/1 100/192/1
f 74/193/1 102/195/1 101/194/1
f 73/196/1 102/195/1 74/193/1
f 73/196/1 103/197/1 102/195/1
f 73/196/1 104/198/1 103/197/1
f 73/196/1 105/199/1 104/198/1
f 73/196/1 106/200/1 105/199/1
f 72/201/1 106/200/1 73/196/1
f 161/202/1 37/188/1 162/177/1
f 161/202/1 38/203/1 37/188/1
f 72/201/1 107/204/1 106/200/1
f 72/201/1 108/205/1 107/204/1
f 72/201/1 109/206/1 108/205/1
f 72/201/1 110/207/1 109/206/1
f 71/208/1 110/207/1 72/201/1
f 71/208/1 111/209/1 110/207/1
f 71/208/1 112/210/1 111/209/1
f 161/202/1 39/211/1 38/203/1
f 70/212/1 112/210/1 71/208/1
f 70/212/1 113/213/1 112/210/1
f 70/212/1 114/214/1 113/213/1
f 160/215/1 39/211/1 161/202/1
f 70/212/1 115/216/1 114/214/1
f 69/217/1 115/216/1 70/212/1
f 69/217/1 116/218/1 115/216/1
f 69/217/1 117/219/1 116/218/1
f 160/215/1 40/220/1 39/211/1
f 69/217/1 118/221/1 117/219/1
f 68/222/1 118/221/1 69/217/1
f 68/222/1 119/223/1 118/221/1
f 68/222/1 120/224/1 119/223/1
f 67/225/1 120/224/1 68/222/1
f 67/225/1 121/226/1 120/224/1
f 159/227/1 40/220/1 160/215/1
f 67/225/1 122/228/1 121/226/1
f 159/227/1 41/229/1 40/220/1
f 67/225/1 123/230/1 122/228/1
f 66/231/1 123/230/1 67/225/1
f 65/232/1 123/230/1 66/231/1
f 65/232/1 124/233/1 123/230/1
f 159/227/1 42/234/1 41/229/1
f 64/235/1 124/233/1 65/232/1
f 64/235/1 125/236/1 124/233/1
f 158/237/1 42/234/1 159/227/1
f 63/238/1 125/236/1 64/235/1
f 158/237/1 43/239/1 42/234/1
f 62/240/1 125/236/1 63/238/1
f 62/240/1 126/241/1 125/236/1
f 61/242/1 126/241/1 62/240/1
f 158/237/1 44/243/1 43/239/1
f 61/242/1 127/244/1 126/241/1
f 60/245/1 127/244/1 61/242/1
f 157/246/1 44/243/1 158/237/1
f 157/246/1 45/247/1 44/243/1
f 59/248/1 127/244/1 60/245/1
f 59/248/1 128/249/1 127/244/1
f 58/250/1 128/249/1 59/248/1
f 157/246/1 46/251/1 45/247/1
f 57/252/1 128/249/1 58/250/1
f 57/252/1 129/253/1 128/249/1
f 56/254/1 129/253/1 57/252/1
f 157/246/1 47/255/1 46/251/1
f 55/256/1 129/253/1 56/254/1
f 156/257/1 47/255/1 157/246/1
f 156/257/1 48/258/1 47/255/1
f 54/259/1 129/253/1 55/256/1
f 53/260/1 129/253/1 54/259/1
f 53/260/1 130/261/1 129/253/1
f 156/257/1 49/262/1 48/258/1
f 52/263/1 130/261/1 53/260/1
f 51/264/1 130/261/1 52/263/1
f 156/257/1 50/265/1 49/262/1
f 50/265/1 130/261/1 51/264/1
f 156/257/1 130/261/1 50/265/1
f 156/257/1 131/266/1 130/261/1
f 155/267/1 131/266/1 156/257/1
f 155/267/1 132/268/1 131/266/1
f 155/267/1 133/269/1 132/268/1
f 154/270/1 133/269/1 155/267/1
f 154/270/1 134/271/1 133/269/1
f 153/272/1 134/271/1 154/270/1
f 153/272/1 135/273/1 134/271/1
f 153/272/1 136/274/1 135/273/1
f 152/275/1 136/274/1 153/272/1
f 152/275/1 137/276/1 136/274/1
f 151/277/1 137/276/1 152/275/1
f 151/277/1 138/278/1 137/276/1
f 151/277/1 139/279/1 138/278/1
f 150/280/1 139/279/1 151/277/1
f 150/280/1 140/281/1 139/279/1
f 149/282/1 140/281/1 150/280/1
f 149/282/1 141/283/1 140/281/1
f 149/282/1 142/284/1 141/283/1
f 148/285/1 142/284/1 149/282/1
f 148/285/1 143/286/1 142/284/1
f 147/287/1 143/286/1 148/285/1
f 147/287/1 144/288/1 143/286/1
f 147/287/1 145/289/1 144/288/1
f 146/290/1 145/289/1 147/287/1
f 441/109/1 292/291/1 291/106/1
f 441/109/1 393/292/1 292/291/1
f 393/292/1 293/293/1 292/291/1
f 440/294/1 393/292/1 441/109/1
f 439/295/1 393/292/1 440/294/1
f 438/296/1 393/292/1 439/295/1
f 437/297/1 393/292/1 438/296/1
f 436/298/1 393/292/1 437/297/1
f 435/299/1 393/292/1 436/298/1
f 434/300/1 393/292/1 435/299/1
f 433/301/1 393/292/1 434/300/1
f 432/302/1 393/292/1 433/301/1
f 431/303/1 393/292/1 432/302/1
f 430/304/1 393/292/1 431/303/1
f 429/305/1 393/292/1 430/304/1
f 428/306/1 393/292/1 429/305/1
f 427/307/1 393/292/1 428/306/1
f 426/308/1 393/292/1 427/307/1
f 425/309/1 393/292/1 426/308/1
f 424/310/1 393/292/1 425/309/1
f 423/311/1 393/292/1 424/310/1
f 422/312/1 393/292/1 423/311/1
f 421/313/1 393/292/1 422/312/1
f 420/314/1 393/292/1 421/313/1
f 419/315/1 393/292/1 420/314/1
f 418/316/1 393/292/1 419/315/1
f 417/317/1 393/292/1 418/316/1
f 416/318/1 393/292/1 417/317/1
f 415/319/1 393/292/1 416/318/1
f 414/320/1 393/292/1 415/319/1
f 413/321/1 393/292/1 414/320/1
f 412/322/1 393/292/1 413/321/1
f 411/323/1 393/292/1 412/322/1
f 410/324/1 393/292/1 411/323/1
f 409/325/1 393/292/1 410/324/1
f 408/326/1 393/292/1 409/325/1
f 407/327/1 393/292/1 408/326/1
f 406/328/1 393/292/1 407/327/1
f 405/329/1 393/292/1 406/328/1
f 404/330/1 393/292/1 405/329/1
f 403/331/1 393/292/1 404/330/1
f 402/332/1 393/292/1 403/331/1
f 401/333/1 393/292/1 402/332/1
f 400/334/1 393/292/1 401/333/1
f 399/335/1 393/292/1 400/334/1
f 398/336/1 393/292/1 399/335/1
f 397/337/1 393/292/1 398/336/1
f 396/338/1 393/292/1 397/337/1
f 395/339/1 393/292/1 396/338/1
f 394/340/1 393/292/1 395/339/1
f 392/341/1 293/293/1 393/292/1
f 390/342/1 392/341/1 391/343/1
f 390/342/1 293/293/1 392/341/1
f 390/342/1 294/344/1 293/293/1
f 390/342/1 295/345/1 294/344/1
f 390/342/1 296/346/1 295/345/1
f 389/347/1 296/346/1 390/342/1
f 389/347/1 297/348/1 296/346/1
f 388/349/1 297/348/1 389/347/1
f 388/349/1 298/350/1 297/348/1
f 387/351/1 298/350/1 388/349/1
f 387/351/1 299/352/1 298/350/1
f 387/351/1 300/353/1 299/352/1
f 386/354/1 300/353/1 387/351/1
f 386/354/1 301/355/1 300/353/1
f 385/356/1 301/355/1 386/354/1
f 385/356/1 302/357/1 301/355/1
f 384/358/1 302/357/1 385/356/1
f 384/358/1 303/359/1 302/357/1
f 384/358/1 304/360/1 303/359/1
f 383/361/1 304/360/1 384/358/1
f 383/361/1 305/362/1 304/360/1
f 382/363/1 305/362/1 383/361/1
f 382/363/1 306/364/1 305/362/1
f 381/365/1 306/364/1 382/363/1
f 381/365/1 307/366/1 306/364/1
f 381/365/1 308/367/1 307/366/1
f 380/368/1 308/367/1 381/365/1
f 380/368/1 309/369/1 308/367/1
f 379/370/1 309/369/1 380/368/1
f 379/370/1 310/371/1 309/369/1
f 378/372/1 310/371/1 379/370/1
f 378/372/1 311/373/1 310/371/1
f 378/372/1 312/374/1 311/373/1
f 377/375/1 312/374/1 378/372/1
f 377/375/1 313/376/1 312/374/1
f 376/377/1 313/376/1 377/375/1
f 376/377/1 314/378/1 313/376/1
f 375/379/1 314/378/1 376/377/1
f 375/379/1 315/380/1 314/378/1
f 375/379/1 316/381/1 315/380/1
f 374/382/1 316/381/1 375/379/1
f 374/382/1 317/383/1 316/381/1
f 373/384/1 317/383/1 374/382/1
f 373/384/1 318/385/1 317/383/1
f 372/386/1 318/385/1 373/384/1
f 372/386/1 319/387/1 318/385/1
f 371/388/1 319/387/1 372/386/1
f 371/388/1 320/389/1 319/387/1
f 370/390/1 320/389/1 371/388/1
f 370/390/1 321/391/1 320/389/1
f 369/392/1 321/391/1 370/390/1
f 369/392/1 322/393/1 321/391/1
f 368/394/1 322/393/1 369/392/1
f 368/394/1 323/395/1 322/393/1
f 367/396/1 323/395/1 368/394/1
f 367/396/1 324/397/1 323/395/1
f 366/398/1 324/397/1 367/396/1
f 366/398/1 325/399/1 324/397/1
f 365/400/1 325/399/1 366/398/1
f 364/401/1 325/399/1 365/400/1
f 364/401/1 326/402/1 325/399/1
f 363/403/1 326/402/1 364/401/1
f 363/403/1 327/404/1 326/402/1
f 362/405/1 327/404/1 363/403/1
f 362/405/1 328/406/1 327/404/1
f 361/407/1 328/406/1 362/405/1
f 361/407/1 329/408/1 328/406/1
f 360/409/1 329/408/1 361/407/1
f 359/410/1 329/408/1 360/409/1
f 359/410/1 330/411/1 329/408/1
f 358/412/1 330/411/1 359/410/1
f 358/412/1 331/413/1 330/411/1
f 357/414/1 331/413/1 358/412/1
f 357/414/1 332/415/1 331/413/1
f 356/416/1 332/415/1 357/414/1
f 355/417/1 332/415/1 356/416/1
f 355/417/1 333/418/1 332/415/1
f 354/419/1 333/418/1 355/417/1
f 354/419/1 334/420/1 333/418/1
f 353/421/1 334/420/1 354/419/1
f 353/421/1 335/422/1 334/420/1
f 352/423/1 335/422/1 353/421/1
f 352/423/1 336/424/1 335/422/1
f 351/425/1 336/424/1 352/423/1
f 350/426/1 336/424/1 351/425/1
f 350/426/1 337/427/1 336/424/1
f 349/428/1 337/427/1 350/426/1
f 349/428/1 338/429/1 337/427/1
f 348/430/1 338/429/1 349/428/1
f 348/430/1 339/431/1 338/429/1
f 347/432/1 339/431/1 348/430/1
f 346/433/1 339/431/1 347/432/1
f 346/433/1 340/434/1 339/431/1
f 345/435/1 340/434/1 346/433/1
f 345/435/1 341/436/1 340/434/1
f 344/437/1 341/436/1 345/435/1
f 344/437/1 342/438/1 341/436/1
f 343/439/1 342/438/1 344/437/1
f 749/440/1 751/441/1 750/442/1
f 749/440/1 752/443/1 751/441/1
f 748/444/1 752/443/1 749/440/1
f 748/444/1 753/445/1 752/443/1
f 747/446/1 753/445/1 748/444/1
f 747/446/1 754/447/1 753/445/1
f 746/448/1 754/447/1 747/446/1
f 746/448/1 755/449/1 754/447/1
f 745/450/1 755/449/1 746/448/1
f 745/450/1 756/451/1 755/449/1
f 745/450/1 757/452/1 756/451/1
f 744/453/1 757/452/1 745/450/1
f 744/453/1 758/454/1 757/452/1
f 743/455/1 758/454/1 744/453/1
f 743/455/1 759/456/1 758/454/1
f 742/457/1 759/456/1 743/455/1
f 742/457/1 760/458/1 759/456/1
f 741/459/1 760/458/1 742/457/1
f 741/459/1 761/460/1 760/458/1
f 740/461/1 761/460/1 741/459/1
f 740/461/1 762/462/1 761/460/1
f 740/461/1 763/463/1 762/462/1
f 739/464/1 763/463/1 740/461/1
f 739/464/1 764/465/1 763/463/1
f 738/466/1 764/465/1 739/464/1
f 738/466/1 765/467/1 764/465/1
f 737/468/1 765/467/1 738/466/1
f 737/468/1 766/469/1 765/467/1
f 736/470/1 766/469/1 737/468/1
f 736/470/1 767/471/1 766/469/1
f 736/470/1 768/472/1 767/471/1
f 735/473/1 768/472/1 736/470/1
f 735/473/1 769/474/1 768/472/1
f 734/475/1 769/474/1 735/473/1
f 734/475/1 770/476/1 769/474/1
f 734/475/1 771/477/1 770/476/1
f 733/478/1 771/477/1 734/475/1
f 733/478/1 772/479/1 771/477/1
f 733/478/1 773/480/1 772/479/1
f 732/481/1 773/480/1 733/478/1
f 732/481/1 774/482/1 773/480/1
f 731/483/1 774/482/1 732/481/1
f 731/483/1 775/484/1 774/482/1
f 731/483/1 776/485/1 775/484/1
f 731/483/1 777/486/1 776/485/1
f 730/487/1 777/486/1 731/483/1
f 730/487/1 778/488/1 777/486/1
f 730/487/1 779/489/1 778/488/1
f 729/490/1 779/489/1 730/487/1
f 729/490/1 780/491/1 779/489/1
f 729/490/1 781/492/1 780/491/1
f 728/493/1 781/492/1 729/490/1
f 728/493/1 782/494/1 781/492/1
f 728/493/1 783/495/1 782/494/1
f 727/496/1 783/495/1 728/493/1
f 727/496/1 784/497/1 783/495/1
f 727/496/1 785/109/1 784/497/1
f 726/498/1 785/109/1 727/496/1
f 726/498/1 442/106/1 785/109/1
f 725/499/1 442/106/1 726/498/1
f 725/499/1 443/500/1 442/106/1
f 723/501/1 725/499/1 724/502/1
f 723/501/1 443/500/1 725/499/1
f 723/501/1 444/503/1 443/500/1
f 723/501/1 445/504/1 444/503/1
f 723/501/1 446/505/1 445/504/1
f 722/506/1 446/505/1 723/501/1
f 722/506/1 447/507/1 446/505/1
f 721/508/1 447/507/1 722/506/1
f 721/508/1 448/509/1 447/507/1
f 721/508/1 449/510/1 448/509/1
f 720/511/1 449/510/1 721/508/1
f 720/511/1 450/512/1 449/510/1
f 719/513/1 450/512/1 720/511/1
f 719/513/1 451/514/1 450/512/1
f 718/515/1 451/514/1 719/513/1
f 718/515/1 452/516/1 451/514/1
f 718/515/1 453/517/1 452/516/1
f 717/518/1 453/517/1 718/515/1
f 717/518/1 454/519/1 453/517/1
f 716/520/1 454/519/1 717/518/1
f 716/520/1 455/521/1 454/519/1
f 716/520/1 456/522/1 455/521/1
f 715/523/1 456/522/1 716/520/1
f 715/523/1 457/524/1 456/522/1
f 714/525/1 457/524/1 715/523/1
f 714/525/1 458/526/1 457/524/1
f 713/527/1 458/526/1 714/525/1
f 713/527/1 459/528/1 458/526/1
f 713/527/1 460/529/1 459/528/1
f 712/530/1 460/529/1 713/527/1
f 712/530/1 461/531/1 460/529/1
f 711/532/1 461/531/1 712/530/1
f 711/532/1 462/533/1 461/531/1
f 710/534/1 462/533/1 711/532/1
f 710/534/1 463/535/1 462/533/1
f 710/534/1 464/536/1 463/535/1
f 709/537/1 464/536/1 710/534/1
f 709/537/1 465/538/1 464/536/1
f 708/539/1 465/538/1 709/537/1
f 708/539/1 466/540/1 465/538/1
f 707/541/1 466/540/1 708/539/1
f 707/541/1 467/542/1 466/540/1
f 706/543/1 467/542/1 707/541/1
f 706/543/1 468/544/1 467/542/1
f 705/545/1 468/544/1 706/543/1
f 705/545/1 469/546/1 468/544/1
f 704/547/1 469/546/1 705/545/1
f 704/547/1 470/548/1 469/546/1
f 703/549/1 470/548/1 704/547/1
f 703/549/1 471/550/1 470/548/1
f 702/551/1 471/550/1 703/549/1
f 702/551/1 472/552/1 471/550/1
f 702/551/1 473/553/1 472/552/1
f 701/554/1 473/553/1 702/551/1
f 701/554/1 474/555/1 473/553/1
f 700/556/1 474/555/1 701/554/1
f 700/556/1 475/557/1 474/555/1
f 699/558/1 475/557/1 700/556/1
f 699/558/1 476/559/1 475/557/1
f 698/560/1 476/559/1 699/558/1
f 698/560/1 477/561/1 476/559/1
f 697/562/1 477/561/1 698/560/1
f 697/562/1 478/563/1 477/561/1
f 697/562/1 479/564/1 478/563/1
f 696/565/1 479/564/1 697/562/1
f 696/565/1 480/566/1 479/564/1
f 695/567/1 480/566/1 696/565/1
f 695/567/1 481/568/1 480/566/1
f 694/569/1 481/568/1 695/567/1
f 694/569/1 482/570/1 481/568/1
f 693/571/1 482/570/1 694/569/1
f 693/571/1 483/572/1 482/570/1
f 692/573/1 483/572/1 693/571/1
f 692/573/1 484/574/1 483/572/1
f 691/575/1 484/574/1 692/573/1
f 691/575/1 485/576/1 484/574/1
f 691/575/1 486/577/1 485/576/1
f 690/578/1 486/577/1 691/575/1
f 690/578/1 487/579/1 486/577/1
f 689/580/1 487/579/1 690/578/1
f 689/580/1 488/581/1 487/579/1
f 688/582/1 488/581/1 689/580/1
f 688/582/1 489/583/1 488/581/1
f 687/584/1 489/583/1 688/582/1
f 687/584/1 490/585/1 489/583/1
f 687/584/1 491/586/1 490/585/1
f 686/587/1 491/586/1 687/584/1
f 686/587/1 492/588/1 491/586/1
f 685/589/1 492/588/1 686/587/1
f 685/589/1 493/590/1 492/588/1
f 684/591/1 493/590/1 685/589/1
f 684/591/1 494/592/1 493/590/1
f 684/591/1 495/593/1 494/592/1
f 683/594/1 495/593/1 684/591/1
f 683/594/1 496/595/1 495/593/1
f 682/596/1 496/595/1 683/594/1
f 682/596/1 497/597/1 496/595/1
f 681/598/1 497/597/1 682/596/1
f 681/598/1 498/599/1 497/597/1
f 680/600/1 498/599/1 681/598/1
f 680/600/1 499/601/1 498/599/1
f 680/600/1 500/602/1 499/601/1
f 679/603/1 500/602/1 680/600/1
f 679/603/1 501/604/1 500/602/1
f 678/605/1 501/604/1 679/603/1
f 678/605/1 502/606/1 501/604/1
f 677/607/1 502/606/1 678/605/1
f 677/607/1 503/608/1 502/606/1
f 676/609/1 503/608/1 677/607/1
f 676/609/1 504/610/1 503/608/1
f 675/611/1 504/610/1 676/609/1
f 674/612/1 505/613/1 675/611/1
f 505/613/2 504/610/2 675/611/2
f 674/612/1 506/614/1 505/613/1
f 673/615/1 506/614/1 674/612/1
f 673/615/1 507/616/1 506/614/1
f 673/615/1 508/617/1 507/616/1
f 672/618/1 508/617/1 673/615/1
f 672/618/1 509/619/1 508/617/1
f 671/620/1 509/619/1 672/618/1
f 671/620/1 510/621/1 509/619/1
f 670/622/1 510/621/1 671/620/1
f 670/622/1 511/623/1 510/621/1
f 670/622/1 512/624/1 511/623/1
f 669/625/1 512/624/1 670/622/1
f 669/625/1 513/626/1 512/624/1
f 668/627/1 513/626/1 669/625/1
f 668/627/1 514/628/1 513/626/1
f 667/629/1 514/628/1 668/627/1
f 667/629/1 515/630/1 514/628/1
f 667/629/1 516/631/1 515/630/1
f 666/632/1 516/631/1 667/629/1
f 666/632/1 517/633/1 516/631/1
f 665/634/1 517/633/1 666/632/1
f 665/634/1 518/635/1 517/633/1
f 664/636/1 518/635/1 665/634/1
f 664/636/1 519/637/1 518/635/1
f 663/638/1 519/637/1 664/636/1
f 663/638/1 520/639/1 519/637/1
f 662/640/1 520/639/1 663/638/1
f 661/641/1 520/639/1 662/640/1
f 661/641/1 521/642/1 520/639/1
f 661/641/1 522/643/1 521/642/1
f 660/644/1 522/643/1 661/641/1
f 577/645/1 579/646/1 578/647/1
f 660/644/1 523/648/1 522/643/1
f 577/645/1 580/649/1 579/646/1
f 576/650/1 580/649/1 577/645/1
f 576/650/1 581/651/1 580/649/1
f 575/652/1 581/651/1 576/650/1
f 575/652/1 582/653/1 581/651/1
f 574/654/1 582/653/1 575/652/1
f 574/654/1 583/655/1 582/653/1
f 573/656/1 583/655/1 574/654/1
f 573/656/1 584/657/1 583/655/1
f 572/658/1 584/657/1 573/656/1
f 572/658/1 585/659/1 584/657/1
f 572/658/1 586/660/1 585/659/1
f 571/661/1 586/660/1 572/658/1
f 571/661/1 587/662/1 586/660/1
f 570/663/1 587/662/1 571/661/1
f 570/663/1 588/664/1 587/662/1
f 569/665/1 588/664/1 570/663/1
f 569/665/1 589/666/1 588/664/1
f 568/667/1 589/666/1 569/665/1
f 660/644/1 524/668/1 523/648/1
f 568/667/1 590/669/1 589/666/1
f 659/670/1 524/668/1 660/644/1
f 567/671/1 590/669/1 568/667/1
f 567/671/1 591/672/1 590/669/1
f 566/673/1 591/672/1 567/671/1
f 566/673/1 592/674/1 591/672/1
f 566/673/1 593/675/1 592/674/1
f 565/676/1 593/675/1 566/673/1
f 565/676/1 594/677/1 593/675/1
f 659/670/1 525/678/1 524/668/1
f 565/676/1 595/679/1 594/677/1
f 564/680/1 595/679/1 565/676/1
f 564/680/1 596/681/1 595/679/1
f 564/680/1 597/682/1 596/681/1
f 658/683/1 525/678/1 659/670/1
f 658/683/1 526/684/1 525/678/1
f 564/680/1 598/685/1 597/682/1
f 563/686/1 598/685/1 564/680/1
f 563/686/1 599/687/1 598/685/1
f 563/686/1 600/688/1 599/687/1
f 562/689/1 600/688/1 563/686/1
f 658/683/1 527/690/1 526/684/1
f 562/689/1 601/691/1 600/688/1
f 562/689/1 602/692/1 601/691/1
f 657/693/1 527/690/1 658/683/1
f 561/694/1 602/692/1 562/689/1
f 561/694/1 603/695/1 602/692/1
f 657/693/1 528/696/1 527/690/1
f 561/694/1 604/697/1 603/695/1
f 560/698/1 604/697/1 561/694/1
f 560/698/1 605/699/1 604/697/1
f 657/693/1 529/700/1 528/696/1
f 559/701/1 605/699/1 560/698/1
f 559/701/1 606/702/1 605/699/1
f 656/703/1 529/700/1 657/693/1
f 559/701/1 607/704/1 606/702/1
f 558/705/1 607/704/1 559/701/1
f 656/703/1 530/706/1 529/700/1
f 558/705/1 608/707/1 607/704/1
f 557/708/1 608/707/1 558/705/1
f 557/708/1 609/709/1 608/707/1
f 656/703/1 531/710/1 530/706/1
f 556/711/1 609/709/1 557/708/1
f 655/712/1 531/710/1 656/703/1
f 556/711/1 610/713/1 609/709/1
f 556/711/1 611/714/1 610/713/1
f 555/715/1 611/714/1 556/711/1
f 655/712/1 532/716/1 531/710/1
f 555/715/1 612/717/1 611/714/1
f 554/718/1 612/717/1 555/715/1
f 554/718/1 613/719/1 612/717/1
f 655/712/1 533/720/1 532/716/1
f 654/721/1 533/720/1 655/712/1
f 554/718/1 614/722/1 613/719/1
f 553/723/1 614/722/1 554/718/1
f 654/721/1 534/724/1 533/720/1
f 553/723/1 615/725/1 614/722/1
f 552/726/1 615/725/1 553/723/1
f 654/721/1 535/727/1 534/724/1
f 551/728/1 615/725/1 552/726/1
f 653/729/1 535/727/1 654/721/1
f 551/728/1 616/730/1 615/725/1
f 550/731/1 616/730/1 551/728/1
f 653/729/1 536/732/1 535/727/1
f 549/733/1 616/730/1 550/731/1
f 653/729/1 537/734/1 536/732/1
f 548/735/1 616/730/1 549/733/1
f 548/735/1 617/736/1 616/730/1
f 653/729/1 538/737/1 537/734/1
f 547/738/1 617/736/1 548/735/1
f 652/739/1 538/737/1 653/729/1
f 652/739/1 539/740/1 538/737/1
f 546/741/1 617/736/1 547/738/1
f 545/742/1 617/736/1 546/741/1
f 652/739/1 540/743/1 539/740/1
f 544/744/1 617/736/1 545/742/1
f 652/739/1 541/745/1 540/743/1
f 543/746/1 617/736/1 544/744/1
f 543/746/1 618/747/1 617/736/1
f 652/739/1 542/748/1 541/745/1
f 542/748/1 618/747/1 543/746/1
f 652/739/1 618/747/1 542/748/1
f 651/749/1 618/747/1 652/739/1
f 651/749/1 619/750/1 618/747/1
f 651/749/1 620/751/1 619/750/1
f 650/752/1 620/751/1 651/749/1
f 650/752/1 621/753/1 620/751/1
f 649/754/1 621/753/1 650/752/1
f 649/754/1 622/755/1 621/753/1
f 649/754/1 623/756/1 622/755/1
f 648/757/1 623/756/1 649/754/1
f 648/757/1 624/758/1 623/756/1
f 647/759/1 624/758/1 648/757/1
f 647/759/1 625/760/1 624/758/1
f 646/761/1 625/760/1 647/759/1
f 646/761/1 626/762/1 625/760/1
f 646/761/1 627/763/1 626/762/1
f 645/764/1 627/763/1 646/761/1
f 645/764/1 628/765/1 627/763/1
f 644/766/1 628/765/1 645/764/1
f 644/766/1 629/767/1 628/765/1
f 644/766/1 630/768/1 629/767/1
f 643/769/1 630/768/1 644/766/1
f 643/769/1 631/770/1 630/768/1
f 642/771/1 631/770/1 643/769/1
f 642/771/1 632/772/1 631/770/1
f 642/771/1 633/773/1 632/772/1
f 641/774/1 633/773/1 642/771/1
f 641/774/1 634/775/1 633/773/1
f 640/776/1 634/775/1 641/774/1
f 640/776/1 635/777/1 634/775/1
f 640/776/1 636/778/1 635/777/1
f 639/779/1 636/778/1 640/776/1
f 639/779/1 637/780/1 636/778/1
f 638/781/1 637/780/1 639/779/1
f 940/109/1 938/782/1 937/783/1
f 940/109/1 939/784/1 938/782/1
f 936/785/1 787/786/1 786/106/1
f 936/785/1 888/787/1 787/786/1
f 888/787/1 788/788/1 787/786/1
f 935/789/1 888/787/1 936/785/1
f 934/790/1 888/787/1 935/789/1
f 933/791/1 888/787/1 934/790/1
f 932/792/1 888/787/1 933/791/1
f 931/793/1 888/787/1 932/792/1
f 930/794/1 888/787/1 931/793/1
f 929/795/1 888/787/1 930/794/1
f 928/796/1 888/787/1 929/795/1
f 927/797/1 888/787/1 928/796/1
f 926/798/1 888/787/1 927/797/1
f 925/799/1 888/787/1 926/798/1
f 924/800/1 888/787/1 925/799/1
f 923/801/1 888/787/1 924/800/1
f 922/802/1 888/787/1 923/801/1
f 921/803/1 888/787/1 922/802/1
f 920/804/1 888/787/1 921/803/1
f 919/805/1 888/787/1 920/804/1
f 918/470/1 888/787/1 919/805/1
f 917/806/1 888/787/1 918/470/1
f 916/807/1 888/787/1 917/806/1
f 915/808/1 888/787/1 916/807/1
f 914/809/1 888/787/1 915/808/1
f 913/810/1 888/787/1 914/809/1
f 912/811/1 888/787/1 913/810/1
f 911/812/1 888/787/1 912/811/1
f 910/813/1 888/787/1 911/812/1
f 909/814/1 888/787/1 910/813/1
f 908/815/1 888/787/1 909/814/1
f 907/816/1 888/787/1 908/815/1
f 906/817/1 888/787/1 907/816/1
f 905/818/1 888/787/1 906/817/1
f 904/819/1 888/787/1 905/818/1
f 903/820/1 888/787/1 904/819/1
f 902/821/1 888/787/1 903/820/1
f 901/822/1 888/787/1 902/821/1
f 900/823/1 888/787/1 901/822/1
f 899/824/1 888/787/1 900/823/1
f 898/825/1 888/787/1 899/824/1
f 897/826/1 888/787/1 898/825/1
f 896/584/1 888/787/1 897/826/1
f 895/827/1 888/787/1 896/584/1
f 894/828/1 888/787/1 895/827/1
f 893/829/1 888/787/1 894/828/1
f 892/830/1 888/787/1 893/829/1
f 891/831/1 888/787/1 892/830/1
f 890/832/1 888/787/1 891/831/1
f 889/833/1 888/787/1 890/832/1
f 887/834/1 788/788/1 888/787/1
f 885/835/1 887/834/1 886/836/1
f 885/835/1 788/788/1 887/834/1
f 885/835/1 789/837/1 788/788/1
f 885/835/1 790/838/1 789/837/1
f 885/835/1 791/839/1 790/838/1
f 884/840/1 791/839/1 885/835/1
f 884/840/1 792/841/1 791/839/1
f 883/842/1 792/841/1 884/840/1
f 883/842/1 793/843/1 792/841/1
f 882/844/1 793/843/1 883/842/1
f 882/844/1 794/845/1 793/843/1
f 882/844/1 795/846/1 794/845/1
f 881/847/1 795/846/1 882/844/1
f 881/847/1 796/848/1 795/846/1
f 880/849/1 796/848/1 881/847/1
f 880/849/1 797/850/1 796/848/1
f 879/851/1 797/850/1 880/849/1
f 879/851/1 798/852/1 797/850/1
f 879/851/1 799/853/1 798/852/1
f 878/854/1 799/853/1 879/851/1
f 878/854/1 800/855/1 799/853/1
f 877/856/1 800/855/1 878/854/1
f 877/856/1 801/857/1 800/855/1
f 876/858/1 801/857/1 877/856/1
f 876/858/1 802/859/1 801/857/1
f 876/858/1 803/860/1 802/859/1
f 875/861/1 803/860/1 876/858/1
f 875/861/1 804/862/1 803/860/1
f 874/781/1 804/862/1 875/861/1
f 874/781/1 805/863/1 804/862/1
f 873/864/1 805/863/1 874/781/1
f 873/864/1 806/865/1 805/863/1
f 873/864/1 807/866/1 806/865/1
f 872/867/1 807/866/1 873/864/1
f 872/867/1 808/586/1 807/866/1
f 871/868/1 808/586/1 872/867/1
f 871/868/1 809/869/1 808/586/1
f 870/870/1 809/869/1 871/868/1
f 870/870/1 810/871/1 809/869/1
f 870/870/1 811/872/1 810/871/1
f 869/873/1 811/872/1 870/870/1
f 869/873/1 812/874/1 811/872/1
f 868/875/1 812/874/1 869/873/1
f 868/875/1 813/876/1 812/874/1
f 867/877/1 813/876/1 868/875/1
f 867/877/1 814/878/1 813/876/1
f 866/879/1 814/878/1 867/877/1
f 866/879/1 815/880/1 814/878/1
f 865/881/1 815/880/1 866/879/1
f 865/881/1 816/882/1 815/880/1
f 864/883/1 816/882/1 865/881/1
f 864/883/1 817/884/1 816/882/1
f 863/398/1 817/884/1 864/883/1
f 863/398/1 818/885/1 817/884/1
f 862/886/1 818/885/1 863/398/1
f 862/886/1 819/887/1 818/885/1
f 861/888/1 819/887/1 862/886/1
f 861/888/1 820/889/1 819/887/1
f 860/890/1 820/889/1 861/888/1
f 859/891/1 820/889/1 860/890/1
f 859/891/1 821/892/1 820/889/1
f 858/893/1 821/892/1 859/891/1
f 858/893/1 822/894/1 821/892/1
f 857/895/1 822/894/1 858/893/1
f 857/895/1 823/896/1 822/894/1
f 856/897/1 823/896/1 857/895/1
f 856/897/1 824/898/1 823/896/1
f 855/899/1 824/898/1 856/897/1
f 854/900/1 824/898/1 855/899/1
f 854/900/1 825/901/1 824/898/1
f 853/902/1 825/901/1 854/900/1
f 853/902/1 826/903/1 825/901/1
f 852/666/1 826/903/1 853/902/1
f 852/666/1 827/904/1 826/903/1
f 851/905/1 827/904/1 852/666/1
f 850/906/1 827/904/1 851/905/1
f 850/906/1 828/907/1 827/904/1
f 849/908/1 828/907/1 850/906/1
f 849/908/1 829/909/1 828/907/1
f 848/910/1 829/909/1 849/908/1
f 848/910/1 830/743/1 829/909/1
f 847/911/1 830/743/1 848/910/1
f 847/911/1 831/912/1 830/743/1
f 846/913/1 831/912/1 847/911/1
f 845/914/1 831/912/1 846/913/1
f 845/914/1 832/915/1 831/912/1
f 844/916/1 832/915/1 845/914/1
f 844/916/1 833/917/1 832/915/1
f 843/918/1 833/917/1 844/916/1
f 843/918/1 834/919/1 833/917/1
f 842/920/1 834/919/1 843/918/1
f 841/921/1 834/919/1 842/920/1
f 841/921/1 835/922/1 834/919/1
f 840/923/1 835/922/1 841/921/1
f 840/923/1 836/924/1 835/922/1
f 839/925/1 836/924/1 840/923/1
f 839/925/1 837/926/1 836/924/1
f 838/927/1 837/926/1 839/925/1
f 1105/928/1 1044/929/1 1106/930/1
f 1044/929/1 1107/931/1 1106/930/1
f 1044/929/1 1043/932/1 1107/931/1
f 1043/932/1 942/933/1 1107/931/1
f 942/933/1 941/106/1 1107/931/1
f 941/106/1 1108/934/1 1107/931/1
f 1105/928/1 1045/935/1 1044/929/1
f 1042/936/1 942/933/1 1043/932/1
f 1042/936/1 943/937/1 942/933/1
f 1168/109/1 1108/934/1 941/106/1
f 1104/938/1 1045/935/1 1105/928/1
f 1104/938/1 1046/939/1 1045/935/1
f 1167/940/1 1108/934/1 1168/109/1
f 1167/940/1 1109/941/1 1108/934/1
f 1103/942/1 1046/939/1 1104/938/1
f 1166/943/1 1109/941/1 1167/940/1
f 1103/942/1 1047/944/1 1046/939/1
f 1166/943/1 1110/945/1 1109/941/1
f 1102/946/1 1047/944/1 1103/942/1
f 1165/947/1 1110/945/1 1166/943/1
f 1101/948/1 1047/944/1 1102/946/1
f 1164/949/1 1110/945/1 1165/947/1
f 1101/948/1 1048/950/1 1047/944/1
f 1164/949/1 1111/951/1 1110/945/1
f 1100/952/1 1048/950/1 1101/948/1
f 1163/953/1 1111/951/1 1164/949/1
f 1099/954/1 1048/950/1 1100/952/1
f 1162/955/1 1111/951/1 1163/953/1
f 1099/954/1 1049/956/1 1048/950/1
f 1162/955/1 1112/957/1 1111/951/1
f 1098/958/1 1049/956/1 1099/954/1
f 1161/959/1 1112/957/1 1162/955/1
f 1097/960/1 1049/956/1 1098/958/1
f 1160/961/1 1112/957/1 1161/959/1
f 1097/960/1 1050/962/1 1049/956/1
f 1160/961/1 1113/963/1 1112/957/1
f 1096/964/1 1050/962/1 1097/960/1
f 1159/965/1 1113/963/1 1160/961/1
f 1095/966/1 1050/962/1 1096/964/1
f 1158/967/1 1113/963/1 1159/965/1
f 1095/966/1 1051/968/1 1050/962/1
f 1158/967/1 1114/969/1 1113/963/1
f 1094/970/1 1051/968/1 1095/966/1
f 1157/971/1 1114/969/1 1158/967/1
f 1093/972/1 1051/968/1 1094/970/1
f 1156/973/1 1114/969/1 1157/971/1
f 1092/974/1 1051/968/1 1093/972/1
f 1155/975/1 1114/969/1 1156/973/1
f 1092/974/1 1052/976/1 1051/968/1
f 1155/975/1 1115/977/1 1114/969/1
f 1091/978/1 1052/976/1 1092/974/1
f 1154/979/1 1115/977/1 1155/975/1
f 1090/980/1 1052/976/1 1091/978/1
f 1153/981/1 1115/977/1 1154/979/1
f 1090/980/1 1053/982/1 1052/976/1
f 1153/981/1 1116/983/1 1115/977/1
f 1089/984/1 1053/982/1 1090/980/1
f 1152/985/1 1116/983/1 1153/981/1
f 1089/984/1 1054/986/1 1053/982/1
f 1152/985/1 1117/987/1 1116/983/1
f 1088/988/1 1054/986/1 1089/984/1
f 1151/989/1 1117/987/1 1152/985/1
f 1087/990/1 1054/986/1 1088/988/1
f 1150/991/1 1117/987/1 1151/989/1
f 1087/990/1 1055/992/1 1054/986/1
f 1150/991/1 1118/993/1 1117/987/1
f 1086/994/1 1055/992/1 1087/990/1
f 1149/995/1 1118/993/1 1150/991/1
f 1085/996/1 1055/992/1 1086/994/1
f 1148/997/1 1118/993/1 1149/995/1
f 1085/996/1 1056/998/1 1055/992/1
f 1148/997/1 1119/999/1 1118/993/1
f 1084/1000/1 1056/998/1 1085/996/1
f 1147/1001/1 1119/999/1 1148/997/1
f 1084/1000/1 1057/1002/1 1056/998/1
f 1147/1001/1 1120/1003/1 1119/999/1
f 1083/1004/1 1057/1002/1 1084/1000/1
f 1146/1005/1 1120/1003/1 1147/1001/1
f 1083/1004/1 1058/1006/1 1057/1002/1
f 1146/1005/1 1121/1007/1 1120/1003/1
f 1082/1008/1 1058/1006/1 1083/1004/1
f 1145/1009/1 1121/1007/1 1146/1005/1
f 1081/1010/1 1058/1006/1 1082/1008/1
f 1144/1011/1 1121/1007/1 1145/1009/1
f 1081/1010/1 1059/1012/1 1058/1006/1
f 1144/1011/1 1122/1013/1 1121/1007/1
f 1080/1014/1 1059/1012/1 1081/1010/1
f 1143/1015/1 1122/1013/1 1144/1011/1
f 1080/1014/1 1060/1016/1 1059/1012/1
f 1143/1015/1 1123/1017/1 1122/1013/1
f 1079/1018/1 1060/1016/1 1080/1014/1
f 1142/1019/1 1123/1017/1 1143/1015/1
f 1079/1018/1 1061/1020/1 1060/1016/1
f 1142/1019/1 1124/1021/1 1123/1017/1
f 1078/1022/1 1061/1020/1 1079/1018/1
f 1141/1023/1 1124/1021/1 1142/1019/1
f 1078/1022/1 1062/1024/1 1061/1020/1
f 1141/1023/1 1125/1025/1 1124/1021/1
f 1077/1026/1 1062/1024/1 1078/1022/1
f 1140/1027/1 1125/1025/1 1141/1023/1
f 1077/1026/1 1063/1028/1 1062/1024/1
f 1140/1027/1 1126/1029/1 1125/1025/1
f 1076/1030/1 1063/1028/1 1077/1026/1
f 1139/1031/1 1126/1029/1 1140/1027/1
f 1076/1030/1 1064/1032/1 1063/1028/1
f 1139/1031/1 1127/1033/1 1126/1029/1
f 1075/1034/1 1064/1032/1 1076/1030/1
f 1138/1035/1 1127/1033/1 1139/1031/1
f 1074/1036/1 1064/1032/1 1075/1034/1
f 1137/1037/1 1127/1033/1 1138/1035/1
f 1074/1036/1 1065/1038/1 1064/1032/1
f 1137/1037/1 1128/1039/1 1127/1033/1
f 1073/1040/1 1065/1038/1 1074/1036/1
f 1136/1041/1 1128/1039/1 1137/1037/1
f 1073/1040/1 1066/1042/1 1065/1038/1
f 1136/1041/1 1129/1043/1 1128/1039/1
f 1072/1044/1 1066/1042/1 1073/1040/1
f 1135/1045/1 1129/1043/1 1136/1041/1
f 1072/1044/1 1067/1046/1 1066/1042/1
f 1135/1045/1 1130/1047/1 1129/1043/1
f 1071/1048/1 1067/1046/1 1072/1044/1
f 1134/1049/1 1130/1047/1 1135/1045/1
f 1071/1048/1 1068/1050/1 1067/1046/1
f 1134/1049/1 1131/1051/1 1130/1047/1
f 1070/1052/1 1068/1050/1 1071/1048/1
f 1133/1053/1 1131/1051/1 1134/1049/1
f 1070/1052/1 1069/1054/1 1068/1050/1
f 1133/1053/1 1132/1055/1 1131/1051/1
f 1040/1056/1 1042/936/1 1041/1057/1
f 1040/1056/1 943/937/1 1042/936/1
f 1040/1056/1 944/1058/1 943/937/1
f 1040/1056/1 945/1059/1 944/1058/1
f 1040/1056/1 946/1060/1 945/1059/1
f 1039/1061/1 946/1060/1 1040/1056/1
f 1039/1061/1 947/1062/1 946/1060/1
f 1038/1063/1 947/1062/1 1039/1061/1
f 1038/1063/1 948/1064/1 947/1062/1
f 1037/1065/1 948/1064/1 1038/1063/1
f 1037/1065/1 949/1066/1 948/1064/1
f 1037/1065/1 950/1067/1 949/1066/1
f 1036/1068/1 950/1067/1 1037/1065/1
f 1036/1068/1 951/1069/1 950/1067/1
f 1035/1070/1 951/1069/1 1036/1068/1
f 1035/1070/1 952/1071/1 951/1069/1
f 1034/1072/1 952/1071/1 1035/1070/1
f 1034/1072/1 953/1073/1 952/1071/1
f 1034/1072/1 954/1074/1 953/1073/1
f 1033/1075/1 954/1074/1 1034/1072/1
f 1033/1075/1 955/1076/1 954/1074/1
f 1032/1077/1 955/1076/1 1033/1075/1
f 1032/1077/1 956/1078/1 955/1076/1
f 1031/1079/1 956/1078/1 1032/1077/1
f 1031/1079/1 957/1080/1 956/1078/1
f 1031/1079/1 958/1081/1 957/1080/1
f 1030/1082/1 958/1081/1 1031/1079/1
f 1030/1082/1 959/1083/1 958/1081/1
f 1029/1084/1 959/1083/1 1030/1082/1
f 1029/1084/1 960/1085/1 959/1083/1
f 1028/1086/1 960/1085/1 1029/1084/1
f 1028/1086/1 961/1087/1 960/1085/1
f 1028/1086/1 962/1088/1 961/1087/1
f 1027/1089/1 962/1088/1 1028/1086/1
f 1027/1089/1 963/1090/1 962/1088/1
f 1026/1091/1 963/1090/1 1027/1089/1
f 1026/1091/1 964/1092/1 963/1090/1
f 1025/1093/1 964/1092/1 1026/1091/1
f 1025/1093/1 965/1094/1 964/1092/1
f 1025/1093/1 966/1095/1 965/1094/1
f 1024/1096/1 966/1095/1 1025/1093/1
f 1024/1096/1 967/1097/1 966/1095/1
f 1023/1098/1 967/1097/1 1024/1096/1
f 1023/1098/1 968/1099/1 967/1097/1
f 1022/1100/1 968/1099/1 1023/1098/1
f 1022/1100/1 969/1101/1 968/1099/1
f 1021/1102/1 969/1101/1 1022/1100/1
f 1021/1102/1 970/1103/1 969/1101/1
f 1020/1104/1 970/1103/1 1021/1102/1
f 1020/1104/1 971/1105/1 970/1103/1
f 1019/1106/1 971/1105/1 1020/1104/1
f 1019/1106/1 972/1107/1 971/1105/1
f 1018/1108/1 972/1107/1 1019/1106/1
f 1018/1108/1 973/1109/1 972/1107/1
f 1017/1110/1 973/1109/1 1018/1108/1
f 1017/1110/1 974/1111/1 973/1109/1
f 1016/1112/1 974/1111/1 1017/1110/1
f 1016/1112/1 975/1113/1 974/1111/1
f 1015/1114/1 975/1113/1 1016/1112/1
f 1014/1115/1 975/1113/1 1015/1114/1
f 1014/1115/1 976/1116/1 975/1113/1
f 1013/1117/1 976/1116/1 1014/1115/1
f 1013/1117/1 977/1118/1 976/1116/1
f 1012/1119/1 977/1118/1 1013/1117/1
f 1012/1119/1 978/1120/1 977/1118/1
f 1011/1121/1 978/1120/1 1012/1119/1
f 1011/1121/1 979/1122/1 978/1120/1
f 1010/1123/1 979/1122/1 1011/1121/1
f 1009/1124/1 979/1122/1 1010/1123/1
f 1009/1124/1 980/1125/1 979/1122/1
f 1008/1126/1 980/1125/1 1009/1124/1
f 1008/1126/1 981/1127/1 980/1125/1
f 1007/1128/1 981/1127/1 1008/1126/1
f 1007/1128/1 982/1129/1 981/1127/1
f 1006/1130/1 982/1129/1 1007/1128/1
f 1005/1131/1 982/1129/1 1006/1130/1
f 1005/1131/1 983/1132/1 982/1129/1
f 1004/1133/1 983/1132/1 1005/1131/1
f 1004/1133/1 984/1134/1 983/1132/1
f 1003/1135/1 984/1134/1 1004/1133/1
f 1003/1135/1 985/1136/1 984/1134/1
f 1002/1137/1 985/1136/1 1003/1135/1
f 1002/1137/1 986/1138/1 985/1136/1
f 1001/1139/1 986/1138/1 1002/1137/1
f 1000/1140/1 986/1138/1 1001/1139/1
f 1000/1140/1 987/1141/1 986/1138/1
f 999/1142/1 987/1141/1 1000/1140/1
f 999/1142/1 988/1143/1 987/1141/1
f 998/1144/1 988/1143/1 999/1142/1
f 998/1144/1 989/1145/1 988/1143/1
f 997/1146/1 989/1145/1 998/1144/1
f 996/1147/1 989/1145/1 997/1146/1
f 996/1147/1 990/1148/1 989/1145/1
f 995/1149/1 990/1148/1 996/1147/1
f 995/1149/1 991/1150/1 990/1148/1
f 994/1151/1 991/1150/1 995/1149/1
f 994/1151/1 992/1152/1 991/1150/1
f 993/1153/1 992/1152/1 994/1151/1
f 1385/1/2 1386/3/2 1387/2/2
f 1384/4/2 1385/1/2 1387/2/2
f 1384/4/2 1387/2/2 1388/5/2
f 1383/6/2 1384/4/2 1388/5/2
f 1383/6/2 1388/5/2 1389/7/2
f 1382/8/2 1383/6/2 1389/7/2
f 1381/9/2 1382/8/2 1389/7/2
f 1381/9/2 1389/7/2 1390/10/2
f 1380/11/2 1381/9/2 1390/10/2
f 1380/11/2 1390/10/2 1391/12/2
f 1379/13/2 1380/11/2 1391/12/2
f 1378/14/2 1379/13/2 1391/12/2
f 1378/14/2 1391/12/2 1392/15/2
f 1377/16/2 1378/14/2 1392/15/2
f 1377/16/2 1392/15/2 1393/17/2
f 1376/18/2 1377/16/2 1393/17/2
f 1375/19/2 1376/18/2 1393/17/2
f 1375/19/2 1393/17/2 1394/20/2
f 1374/21/2 1375/19/2 1394/20/2
f 1374/21/2 1394/20/2 1395/22/2
f 1373/23/2 1374/21/2 1395/22/2
f 1372/24/2 1373/23/2 1395/22/2
f 1372/24/2 1395/22/2 1396/25/2
f 1371/26/2 1372/24/2 1396/25/2
f 1371/26/2 1396/25/2 1397/27/2
f 1370/28/2 1371/26/2 1397/27/2
f 1369/29/2 1370/28/2 1435/30/2
f 1435/30/2 1370/28/2 1397/27/2
f 1435/30/2 1397/27/2 1434/31/2
f 1434/31/2 1397/27/2 1398/32/2
f 1369/29/2 1435/30/2 1436/33/2
f 1369/29/2 1436/33/2 1437/34/2
f 1433/35/2 1434/31/2 1398/32/2
f 1369/29/2 1437/34/2 1438/36/2
f 1432/37/2 1433/35/2 1398/32/2
f 1368/38/2 1369/29/2 1438/36/2
f 1368/38/2 1438/36/2 1439/39/2
f 1431/40/2 1432/37/2 1398/32/2
f 1368/38/2 1439/39/2 1440/41/2
f 1430/42/2 1431/40/2 1398/32/2
f 1367/43/2 1368/38/2 1440/41/2
f 1367/43/2 1440/41/2 1441/44/2
f 1429/45/2 1430/42/2 1398/32/2
f 1429/45/2 1398/32/2 1399/46/2
f 1367/43/2 1441/44/2 1442/47/2
f 1428/48/2 1429/45/2 1399/46/2
f 1366/49/2 1367/43/2 1442/47/2
f 1366/49/2 1442/47/2 1443/50/2
f 1427/51/2 1428/48/2 1399/46/2
f 1427/51/2 1399/46/2 1400/52/2
f 1365/53/2 1366/49/2 1443/50/2
f 1365/53/2 1443/50/2 1444/54/2
f 1426/55/2 1427/51/2 1400/52/2
f 1364/56/2 1365/53/2 1444/54/2
f 1364/56/2 1444/54/2 1445/57/2
f 1425/58/2 1426/55/2 1400/52/2
f 1425/58/2 1400/52/2 1401/59/2
f 1363/60/2 1364/56/2 1445/57/2
f 1363/60/2 1445/57/2 1446/61/2
f 1424/62/2 1425/58/2 1401/59/2
f 1362/63/2 1363/60/2 1446/61/2
f 1424/62/2 1401/59/2 1402/64/2
f 1362/63/2 1446/61/2 1447/65/2
f 1423/66/2 1424/62/2 1402/64/2
f 1361/67/2 1362/63/2 1447/65/2
f 1361/67/2 1447/65/2 1448/68/2
f 1422/69/2 1423/66/2 1402/64/2
f 1422/69/2 1402/64/2 1403/70/2
f 1360/71/2 1361/67/2 1448/68/2
f 1360/71/2 1448/68/2 1449/72/2
f 1421/73/2 1422/69/2 1403/70/2
f 1359/74/2 1360/71/2 1449/72/2
f 1421/73/2 1403/70/2 1404/75/2
f 1359/74/2 1449/72/2 1450/76/2
f 1358/77/2 1359/74/2 1450/76/2
f 1420/78/2 1421/73/2 1404/75/2
f 1357/79/2 1358/77/2 1450/76/2
f 1420/78/2 1404/75/2 1405/80/2
f 1357/79/2 1450/76/2 1451/81/2
f 1419/82/2 1420/78/2 1405/80/2
f 1356/83/2 1357/79/2 1451/81/2
f 1356/83/2 1451/81/2 1452/84/2
f 1418/85/2 1419/82/2 1405/80/2
f 1418/85/2 1405/80/2 1406/86/2
f 1355/87/2 1356/83/2 1452/84/2
f 1355/87/2 1452/84/2 1453/88/2
f 1417/89/2 1418/85/2 1406/86/2
f 1354/90/2 1355/87/2 1453/88/2
f 1417/89/2 1406/86/2 1407/91/2
f 1354/90/2 1453/88/2 1454/92/2
f 1353/93/2 1354/90/2 1454/92/2
f 1416/94/2 1417/89/2 1407/91/2
f 1416/94/2 1407/91/2 1408/95/2
f 1352/96/2 1353/93/2 1454/92/2
f 1352/96/2 1454/92/2 1455/97/2
f 1415/98/2 1416/94/2 1408/95/2
f 1351/99/2 1352/96/2 1455/97/2
f 1415/98/2 1408/95/2 1409/100/2
f 1351/99/2 1455/97/2 1456/101/2
f 1414/102/2 1415/98/2 1409/100/2
f 1350/103/2 1351/99/2 1456/101/2
f 1350/103/2 1456/101/2 1457/104/2
f 1413/105/2 1414/102/2 1409/100/2
f 1413/105/2 1409/100/2 1169/106/2
f 1349/107/2 1350/103/2 1457/104/2
f 1348/108/2 1349/107/2 1457/104/2
f 1348/108/2 1457/104/2 1458/109/2
f 1412/110/2 1413/105/2 1169/106/2
f 1412/110/2 1169/106/2 1170/111/2
f 1347/112/2 1348/108/2 1458/109/2
f 1412/110/2 1170/111/2 1171/113/2
f 1347/112/2 1458/109/2 1410/114/2
f 1411/115/2 1412/110/2 1171/113/2
f 1411/115/2 1171/113/2 1172/116/2
f 1346/117/2 1347/112/2 1410/114/2
f 1411/115/2 1172/116/2 1173/118/2
f 1411/115/2 1173/118/2 1174/119/2
f 1346/117/2 1410/114/2 1411/115/2
f 1346/117/2 1411/115/2 1174/119/2
f 1345/120/2 1346/117/2 1174/119/2
f 1345/120/2 1174/119/2 1175/121/2
f 1345/120/2 1175/121/2 1176/122/2
f 1344/123/2 1345/120/2 1176/122/2
f 1344/123/2 1176/122/2 1177/124/2
f 1343/125/2 1344/123/2 1177/124/2
f 1343/125/2 1177/124/2 1178/126/2
f 1343/125/2 1178/126/2 1179/127/2
f 1342/128/2 1343/125/2 1179/127/2
f 1342/128/2 1179/127/2 1180/129/2
f 1341/130/2 1342/128/2 1182/131/2
f 1182/131/2 1342/128/2 1180/129/2
f 1182/131/2 1180/129/2 1181/132/2
f 1341/130/2 1182/131/2 1183/133/2
f 1341/130/2 1183/133/2 1184/134/2
f 1340/135/2 1341/130/2 1184/134/2
f 1340/135/2 1184/134/2 1185/136/2
f 1340/135/2 1185/136/2 1186/137/2
f 1340/135/2 1186/137/2 1187/138/2
f 1340/135/2 1187/138/2 1188/139/2
f 1339/140/2 1340/135/2 1188/139/2
f 1339/140/2 1188/139/2 1189/141/2
f 1339/140/2 1189/141/2 1190/142/2
f 1339/140/2 1190/142/2 1191/143/2
f 1339/140/2 1191/143/2 1192/144/2
f 1339/140/2 1192/144/2 1193/145/2
f 1338/146/2 1339/140/2 1193/145/2
f 1338/146/2 1193/145/2 1194/147/2
f 1338/146/2 1194/147/2 1195/148/2
f 1337/149/2 1338/146/2 1195/148/2
f 1337/149/2 1195/148/2 1196/150/2
f 1336/151/2 1337/149/2 1196/150/2
f 1336/151/2 1196/150/2 1197/152/2
f 1336/151/2 1197/152/2 1198/153/2
f 1335/154/2 1336/151/2 1198/153/2
f 1335/154/2 1198/153/2 1199/155/2
f 1334/156/2 1335/154/2 1199/155/2
f 1334/156/2 1199/155/2 1200/157/2
f 1333/158/2 1334/156/2 1200/157/2
f 1333/158/2 1200/157/2 1201/159/2
f 1332/160/2 1333/158/2 1201/159/2
f 1332/160/2 1201/159/2 1202/161/2
f 1332/160/2 1202/161/2 1203/162/2
f 1331/163/2 1332/160/2 1203/162/2
f 1331/163/2 1203/162/2 1204/164/2
f 1253/165/2 1254/167/2 1255/166/2
f 1253/165/2 1255/166/2 1256/168/2
f 1252/169/2 1253/165/2 1256/168/2
f 1252/169/2 1256/168/2 1257/170/2
f 1251/171/2 1252/169/2 1257/170/2
f 1251/171/2 1257/170/2 1258/172/2
f 1250/173/2 1251/171/2 1258/172/2
f 1250/173/2 1258/172/2 1259/174/2
f 1250/173/2 1259/174/2 1260/175/2
f 1249/176/2 1250/173/2 1260/175/2
f 1330/177/2 1331/163/2 1204/164/2
f 1249/176/2 1260/175/2 1261/178/2
f 1248/179/2 1249/176/2 1261/178/2
f 1248/179/2 1261/178/2 1262/180/2
f 1247/181/2 1248/179/2 1262/180/2
f 1247/181/2 1262/180/2 1263/182/2
f 1246/183/2 1247/181/2 1263/182/2
f 1246/183/2 1263/182/2 1264/184/2
f 1246/183/2 1264/184/2 1265/185/2
f 1245/186/2 1246/183/2 1265/185/2
f 1245/186/2 1265/185/2 1266/187/2
f 1330/177/2 1204/164/2 1205/188/2
f 1244/189/2 1245/186/2 1266/187/2
f 1244/189/2 1266/187/2 1267/190/2
f 1243/191/2 1244/189/2 1267/190/2
f 1243/191/2 1267/190/2 1268/192/2
f 1242/193/2 1243/191/2 1268/192/2
f 1242/193/2 1268/192/2 1269/194/2
f 1242/193/2 1269/194/2 1270/195/2
f 1241/196/2 1242/193/2 1270/195/2
f 1241/196/2 1270/195/2 1271/197/2
f 1241/196/2 1271/197/2 1272/198/2
f 1241/196/2 1272/198/2 1273/199/2
f 1241/196/2 1273/199/2 1274/200/2
f 1240/201/2 1241/196/2 1274/200/2
f 1329/202/2 1330/177/2 1205/188/2
f 1329/202/2 1205/188/2 1206/203/2
f 1240/201/2 1274/200/2 1275/204/2
f 1240/201/2 1275/204/2 1276/205/2
f 1240/201/2 1276/205/2 1277/206/2
f 1240/201/2 1277/206/2 1278/207/2
f 1239/208/2 1240/201/2 1278/207/2
f 1239/208/2 1278/207/2 1279/209/2
f 1239/208/2 1279/209/2 1280/210/2
f 1329/202/2 1206/203/2 1207/211/2
f 1238/212/2 1239/208/2 1280/210/2
f 1238/212/2 1280/210/2 1281/213/2
f 1238/212/2 1281/213/2 1282/214/2
f 1328/215/2 1329/202/2 1207/211/2
f 1238/212/2 1282/214/2 1283/216/2
f 1237/217/2 1238/212/2 1283/216/2
f 1237/217/2 1283/216/2 1284/218/2
f 1237/217/2 1284/218/2 1285/219/2
f 1328/215/2 1207/211/2 1208/220/2
f 1237/217/2 1285/219/2 1286/221/2
f 1236/222/2 1237/217/2 1286/221/2
f 1236/222/2 1286/221/2 1287/223/2
f 1236/222/2 1287/223/2 1288/224/2
f 1235/225/2 1236/222/2 1288/224/2
f 1235/225/2 1288/224/2 1289/226/2
f 1327/227/2 1328/215/2 1208/220/2
f 1235/225/2 1289/226/2 1290/228/2
f 1327/227/2 1208/220/2 1209/229/2
f 1235/225/2 1290/228/2 1291/230/2
f 1234/231/2 1235/225/2 1291/230/2
f 1233/232/2 1234/231/2 1291/230/2
f 1233/232/2 1291/230/2 1292/233/2
f 1327/227/2 1209/229/2 1210/234/2
f 1232/235/2 1233/232/2 1292/233/2
f 1232/235/2 1292/233/2 1293/236/2
f 1326/237/2 1327/227/2 1210/234/2
f 1231/238/2 1232/235/2 1293/236/2
f 1326/237/2 1210/234/2 1211/239/2
f 1230/240/2 1231/238/2 1293/236/2
f 1230/240/2 1293/236/2 1294/241/2
f 1229/242/2 1230/240/2 1294/241/2
f 1326/237/2 1211/239/2 1212/243/2
f 1229/242/2 1294/241/2 1295/244/2
f 1228/245/2 1229/242/2 1295/244/2
f 1325/246/2 1326/237/2 1212/243/2
f 1325/246/2 1212/243/2 1213/247/2
f 1227/248/2 1228/245/2 1295/244/2
f 1227/248/2 1295/244/2 1296/249/2
f 1226/250/2 1227/248/2 1296/249/2
f 1325/246/2 1213/247/2 1214/251/2
f 1225/252/2 1226/250/2 1296/249/2
f 1225/252/2 1296/249/2 1297/253/2
f 1224/254/2 1225/252/2 1297/253/2
f 1325/246/2 1214/251/2 1215/255/2
f 1223/256/2 1224/254/2 1297/253/2
f 1324/257/2 1325/246/2 1215/255/2
f 1324/257/2 1215/255/2 1216/258/2
f 1222/259/2 1223/256/2 1297/253/2
f 1221/260/2 1222/259/2 1297/253/2
f 1221/260/2 1297/253/2 1298/261/2
f 1324/257/2 1216/258/2 1217/262/2
f 1220/263/2 1221/260/2 1298/261/2
f 1219/264/2 1220/263/2 1298/261/2
f 1324/257/2 1217/262/2 1218/265/2
f 1218/265/2 1219/264/2 1298/261/2
f 1324/257/2 1218/265/2 1298/261/2
f 1324/257/2 1298/261/2 1299/266/2
f 1323/267/2 1324/257/2 1299/266/2
f 1323/267/2 1299/266/2 1300/268/2
f 1323/267/2 1300/268/2 1301/269/2
f 1322/270/2 1323/267/2 1301/269/2
f 1322/270/2 1301/269/2 1302/271/2
f 1321/272/2 1322/270/2 1302/271/2
f 1321/272/2 1302/271/2 1303/273/2
f 1321/272/2 1303/273/2 1304/274/2
f 1320/275/2 1321/272/2 1304/274/2
f 1320/275/2 1304/274/2 1305/276/2
f 1319/277/2 1320/275/2 1305/276/2
f 1319/277/2 1305/276/2 1306/278/2
f 1319/277/2 1306/278/2 1307/279/2
f 1318/280/2 1319/277/2 1307/279/2
f 1318/280/2 1307/279/2 1308/281/2
f 1317/282/2 1318/280/2 1308/281/2
f 1317/282/2 1308/281/2 1309/283/2
f 1317/282/2 1309/283/2 1310/284/2
f 1316/285/2 1317/282/2 1310/284/2
f 1316/285/2 1310/284/2 1311/286/2
f 1315/287/2 1316/285/2 1311/286/2
f 1315/287/2 1311/286/2 1312/288/2
f 1315/287/2 1312/288/2 1313/289/2
f 1314/290/2 1315/287/2 1313/289/2
f 1609/109/2 1459/106/2 1460/291/2
f 1609/109/2 1460/291/2 1561/292/2
f 1561/292/2 1460/291/2 1461/293/2
f 1608/294/2 1609/109/2 1561/292/2
f 1607/295/2 1608/294/2 1561/292/2
f 1606/296/2 1607/295/2 1561/292/2
f 1605/297/2 1606/296/2 1561/292/2
f 1604/298/2 1605/297/2 1561/292/2
f 1603/299/2 1604/298/2 1561/292/2
f 1602/300/2 1603/299/2 1561/292/2
f 1601/301/2 1602/300/2 1561/292/2
f 1600/302/2 1601/301/2 1561/292/2
f 1599/303/2 1600/302/2 1561/292/2
f 1598/304/2 1599/303/2 1561/292/2
f 1597/305/2 1598/304/2 1561/292/2
f 1596/306/2 1597/305/2 1561/292/2
f 1595/307/2 1596/306/2 1561/292/2
f 1594/308/2 1595/307/2 1561/292/2
f 1593/309/2 1594/308/2 1561/292/2
f 1592/310/2 1593/309/2 1561/292/2
f 1591/311/2 1592/310/2 1561/292/2
f 1590/312/2 1591/311/2 1561/292/2
f 1589/313/2 1590/312/2 1561/292/2
f 1588/314/2 1589/313/2 1561/292/2
f 1587/315/2 1588/314/2 1561/292/2
f 1586/316/2 1587/315/2 1561/292/2
f 1585/317/2 1586/316/2 1561/292/2
f 1584/318/2 1585/317/2 1561/292/2
f 1583/319/2 1584/318/2 1561/292/2
f 1582/320/2 1583/319/2 1561/292/2
f 1581/321/2 1582/320/2 1561/292/2
f 1580/322/2 1581/321/2 1561/292/2
f 1579/323/2 1580/322/2 1561/292/2
f 1578/324/2 1579/323/2 1561/292/2
f 1577/325/2 1578/324/2 1561/292/2
f 1576/326/2 1577/325/2 1561/292/2
f 1575/327/2 1576/326/2 1561/292/2
f 1574/328/2 1575/327/2 1561/292/2
f 1573/329/2 1574/328/2 1561/292/2
f 1572/330/2 1573/329/2 1561/292/2
f 1571/331/2 1572/330/2 1561/292/2
f 1570/332/2 1571/331/2 1561/292/2
f 1569/333/2 1570/332/2 1561/292/2
f 1568/334/2 1569/333/2 1561/292/2
f 1567/335/2 1568/334/2 1561/292/2
f 1566/336/2 1567/335/2 1561/292/2
f 1565/337/2 1566/336/2 1561/292/2
f 1564/338/2 1565/337/2 1561/292/2
f 1563/339/2 1564/338/2 1561/292/2
f 1562/340/2 1563/339/2 1561/292/2
f 1560/341/2 1561/292/2 1461/293/2
f 1558/342/2 1559/343/2 1560/341/2
f 1558/342/2 1560/341/2 1461/293/2
f 1558/342/2 1461/293/2 1462/344/2
f 1558/342/2 1462/344/2 1463/345/2
f 1558/342/2 1463/345/2 1464/346/2
f 1557/347/2 1558/342/2 1464/346/2
f 1557/347/2 1464/346/2 1465/348/2
f 1556/349/2 1557/347/2 1465/348/2
f 1556/349/2 1465/348/2 1466/350/2
f 1555/351/2 1556/349/2 1466/350/2
f 1555/351/2 1466/350/2 1467/352/2
f 1555/351/2 1467/352/2 1468/353/2
f 1554/354/2 1555/351/2 1468/353/2
f 1554/354/2 1468/353/2 1469/355/2
f 1553/356/2 1554/354/2 1469/355/2
f 1553/356/2 1469/355/2 1470/357/2
f 1552/358/2 1553/356/2 1470/357/2
f 1552/358/2 1470/357/2 1471/359/2
f 1552/358/2 1471/359/2 1472/360/2
f 1551/361/2 1552/358/2 1472/360/2
f 1551/361/2 1472/360/2 1473/362/2
f 1550/363/2 1551/361/2 1473/362/2
f 1550/363/2 1473/362/2 1474/364/2
f 1549/365/2 1550/363/2 1474/364/2
f 1549/365/2 1474/364/2 1475/366/2
f 1549/365/2 1475/366/2 1476/367/2
f 1548/368/2 1549/365/2 1476/367/2
f 1548/368/2 1476/367/2 1477/369/2
f 1547/370/2 1548/368/2 1477/369/2
f 1547/370/2 1477/369/2 1478/371/2
f 1546/372/2 1547/370/2 1478/371/2
f 1546/372/2 1478/371/2 1479/373/2
f 1546/372/2 1479/373/2 1480/374/2
f 1545/375/2 1546/372/2 1480/374/2
f 1545/375/2 1480/374/2 1481/376/2
f 1544/377/2 1545/375/2 1481/376/2
f 1544/377/2 1481/376/2 1482/378/2
f 1543/379/2 1544/377/2 1482/378/2
f 1543/379/2 1482/378/2 1483/380/2
f 1543/379/2 1483/380/2 1484/381/2
f 1542/382/2 1543/379/2 1484/381/2
f 1542/382/2 1484/381/2 1485/383/2
f 1541/384/2 1542/382/2 1485/383/2
f 1541/384/2 1485/383/2 1486/385/2
f 1540/386/2 1541/384/2 1486/385/2
f 1540/386/2 1486/385/2 1487/387/2
f 1539/388/2 1540/386/2 1487/387/2
f 1539/388/2 1487/387/2 1488/389/2
f 1538/390/2 1539/388/2 1488/389/2
f 1538/390/2 1488/389/2 1489/391/2
f 1537/392/2 1538/390/2 1489/391/2
f 1537/392/2 1489/391/2 1490/393/2
f 1536/394/2 1537/392/2 1490/393/2
f 1536/394/2 1490/393/2 1491/395/2
f 1535/396/2 1536/394/2 1491/395/2
f 1535/396/2 1491/395/2 1492/397/2
f 1534/398/2 1535/396/2 1492/397/2
f 1534/398/2 1492/397/2 1493/399/2
f 1533/400/2 1534/398/2 1493/399/2
f 1532/401/2 1533/400/2 1493/399/2
f 1532/401/2 1493/399/2 1494/402/2
f 1531/403/2 1532/401/2 1494/402/2
f 1531/403/2 1494/402/2 1495/404/2
f 1530/405/2 1531/403/2 1495/404/2
f 1530/405/2 1495/404/2 1496/406/2
f 1529/407/2 1530/405/2 1496/406/2
f 1529/407/2 1496/406/2 1497/408/2
f 1528/409/2 1529/407/2 1497/408/2
f 1527/410/2 1528/409/2 1497/408/2
f 1527/410/2 1497/408/2 1498/411/2
f 1526/412/2 1527/410/2 1498/411/2
f 1526/412/2 1498/411/2 1499/413/2
f 1525/414/2 1526/412/2 1499/413/2
f 1525/414/2 1499/413/2 1500/415/2
f 1524/416/2 1525/414/2 1500/415/2
f 1523/417/2 1524/416/2 1500/415/2
f 1523/417/2 1500/415/2 1501/418/2
f 1522/419/2 1523/417/2 1501/418/2
f 1522/419/2 1501/418/2 1502/420/2
f 1521/421/2 1522/419/2 1502/420/2
f 1521/421/2 1502/420/2 1503/422/2
f 1520/423/2 1521/421/2 1503/422/2
f 1520/423/2 1503/422/2 1504/424/2
f 1519/425/2 1520/423/2 1504/424/2
f 1518/426/2 1519/425/2 1504/424/2
f 1518/426/2 1504/424/2 1505/427/2
f 1517/428/2 1518/426/2 1505/427/2
f 1517/428/2 1505/427/2 1506/429/2
f 1516/430/2 1517/428/2 1506/429/2
f 1516/430/2 1506/429/2 1507/431/2
f 1515/432/2 1516/430/2 1507/431/2
f 1514/433/2 1515/432/2 1507/431/2
f 1514/433/2 1507/431/2 1508/434/2
f 1513/435/2 1514/433/2 1508/434/2
f 1513/435/2 1508/434/2 1509/436/2
f 1512/437/2 1513/435/2 1509/436/2
f 1512/437/2 1509/436/2 1510/438/2
f 1511/439/2 1512/437/2 1510/438/2
f 1917/440/2 1918/442/2 1919/441/2
f 1917/440/2 1919/441/2 1920/443/2
f 1916/444/2 1917/440/2 1920/443/2
f 1916/444/2 1920/443/2 1921/445/2
f 1915/446/2 1916/444/2 1921/445/2
f 1915/446/2 1921/445/2 1922/447/2
f 1914/448/2 1915/446/2 1922/447/2
f 1914/448/2 1922/447/2 1923/449/2
f 1913/450/2 1914/448/2 1923/449/2
f 1913/450/2 1923/449/2 1924/451/2
f 1913/450/2 1924/451/2 1925/452/2
f 1912/453/2 1913/450/2 1925/452/2
f 1912/453/2 1925/452/2 1926/454/2
f 1911/455/2 1912/453/2 1926/454/2
f 1911/455/2 1926/454/2 1927/456/2
f 1910/457/2 1911/455/2 1927/456/2
f 1910/457/2 1927/456/2 1928/458/2
f 1909/459/2 1910/457/2 1928/458/2
f 1909/459/2 1928/458/2 1929/460/2
f 1908/461/2 1909/459/2 1929/460/2
f 1908/461/2 1929/460/2 1930/462/2
f 1908/461/2 1930/462/2 1931/463/2
f 1907/464/2 1908/461/2 1931/463/2
f 1907/464/2 1931/463/2 1932/465/2
f 1906/466/2 1907/464/2 1932/465/2
f 1906/466/2 1932/465/2 1933/467/2
f 1905/468/2 1906/466/2 1933/467/2
f 1905/468/2 1933/467/2 1934/469/2
f 1904/470/2 1905/468/2 1934/469/2
f 1904/470/2 1934/469/2 1935/471/2
f 1904/470/2 1935/471/2 1936/472/2
f 1903/473/2 1904/470/2 1936/472/2
f 1903/473/2 1936/472/2 1937/474/2
f 1902/475/2 1903/473/2 1937/474/2
f 1902/475/2 1937/474/2 1938/476/2
f 1902/475/2 1938/476/2 1939/477/2
f 1901/478/2 1902/475/2 1939/477/2
f 1901/478/2 1939/477/2 1940/479/2
f 1901/478/2 1940/479/2 1941/480/2
f 1900/481/2 1901/478/2 1941/480/2
f 1900/481/2 1941/480/2 1942/482/2
f 1899/483/2 1900/481/2 1942/482/2
f 1899/483/2 1942/482/2 1943/484/2
f 1899/483/2 1943/484/2 1944/485/2
f 1899/483/2 1944/485/2 1945/486/2
f 1898/487/2 1899/483/2 1945/486/2
f 1898/487/2 1945/486/2 1946/488/2
f 1898/487/2 1946/488/2 1947/489/2
f 1897/490/2 1898/487/2 1947/489/2
f 1897/490/2 1947/489/2 1948/491/2
f 1897/490/2 1948/491/2 1949/492/2
f 1896/493/2 1897/490/2 1949/492/2
f 1896/493/2 1949/492/2 1950/494/2
f 1896/493/2 1950/494/2 1951/495/2
f 1895/496/2 1896/493/2 1951/495/2
f 1895/496/2 1951/495/2 1952/497/2
f 1895/496/2 1952/497/2 1953/109/2
f 1894/498/2 1895/496/2 1953/109/2
f 1894/498/2 1953/109/2 1610/106/2
f 1893/499/2 1894/498/2 1610/106/2
f 1893/499/2 1610/106/2 1611/500/2
f 1891/501/2 1892/502/2 1893/499/2
f 1891/501/2 1893/499/2 1611/500/2
f 1891/501/2 1611/500/2 1612/503/2
f 1891/501/2 1612/503/2 1613/504/2
f 1891/501/2 1613/504/2 1614/505/2
f 1890/506/2 1891/501/2 1614/505/2
f 1890/506/2 1614/505/2 1615/507/2
f 1889/508/2 1890/506/2 1615/507/2
f 1889/508/2 1615/507/2 1616/509/2
f 1889/508/2 1616/509/2 1617/510/2
f 1888/511/2 1889/508/2 1617/510/2
f 1888/511/2 1617/510/2 1618/512/2
f 1887/513/2 1888/511/2 1618/512/2
f 1887/513/2 1618/512/2 1619/514/2
f 1886/515/2 1887/513/2 1619/514/2
f 1886/515/2 1619/514/2 1620/516/2
f 1886/515/2 1620/516/2 1621/517/2
f 1885/518/2 1886/515/2 1621/517/2
f 1885/518/2 1621/517/2 1622/519/2
f 1884/520/2 1885/518/2 1622/519/2
f 1884/520/2 1622/519/2 1623/521/2
f 1884/520/2 1623/521/2 1624/522/2
f 1883/523/2 1884/520/2 1624/522/2
f 1883/523/2 1624/522/2 1625/524/2
f 1882/525/2 1883/523/2 1625/524/2
f 1882/525/2 1625/524/2 1626/526/2
f 1881/527/2 1882/525/2 1626/526/2
f 1881/527/2 1626/526/2 1627/528/2
f 1881/527/2 1627/528/2 1628/529/2
f 1880/530/2 1881/527/2 1628/529/2
f 1880/530/2 1628/529/2 1629/531/2
f 1879/532/2 1880/530/2 1629/531/2
f 1879/532/2 1629/531/2 1630/533/2
f 1878/534/2 1879/532/2 1630/533/2
f 1878/534/2 1630/533/2 1631/535/2
f 1878/534/2 1631/535/2 1632/536/2
f 1877/537/2 1878/534/2 1632/536/2
f 1877/537/2 1632/536/2 1633/538/2
f 1876/539/2 1877/537/2 1633/538/2
f 1876/539/2 1633/538/2 1634/540/2
f 1875/541/2 1876/539/2 1634/540/2
f 1875/541/2 1634/540/2 1635/542/2
f 1874/543/2 1875/541/2 1635/542/2
f 1874/543/2 1635/542/2 1636/544/2
f 1873/545/2 1874/543/2 1636/544/2
f 1873/545/2 1636/544/2 1637/546/2
f 1872/547/2 1873/545/2 1637/546/2
f 1872/547/2 1637/546/2 1638/548/2
f 1871/549/2 1872/547/2 1638/548/2
f 1871/549/2 1638/548/2 1639/550/2
f 1870/551/2 1871/549/2 1639/550/2
f 1870/551/2 1639/550/2 1640/552/2
f 1870/551/2 1640/552/2 1641/553/2
f 1869/554/2 1870/551/2 1641/553/2
f 1869/554/2 1641/553/2 1642/555/2
f 1868/556/2 1869/554/2 1642/555/2
f 1868/556/2 1642/555/2 1643/557/2
f 1867/558/2 1868/556/2 1643/557/2
f 1867/558/2 1643/557/2 1644/559/2
f 1866/560/2 1867/558/2 1644/559/2
f 1866/560/2 1644/559/2 1645/561/2
f 1865/562/2 1866/560/2 1645/561/2
f 1865/562/2 1645/561/2 1646/563/2
f 1865/562/2 1646/563/2 1647/564/2
f 1864/565/2 1865/562/2 1647/564/2
f 1864/565/2 1647/564/2 1648/566/2
f 1863/567/2 1864/565/2 1648/566/2
f 1863/567/2 1648/566/2 1649/568/2
f 1862/569/2 1863/567/2 1649/568/2
f 1862/569/2 1649/568/2 1650/570/2
f 1861/571/2 1862/569/2 1650/570/2
f 1861/571/2 1650/570/2 1651/572/2
f 1860/573/2 1861/571/2 1651/572/2
f 1860/573/2 1651/572/2 1652/574/2
f 1859/575/2 1860/573/2 1652/574/2
f 1859/575/2 1652/574/2 1653/576/2
f 1859/575/2 1653/576/2 1654/577/2
f 1858/578/2 1859/575/2 1654/577/2
f 1858/578/2 1654/577/2 1655/579/2
f 1857/580/2 1858/578/2 1655/579/2
f 1857/580/2 1655/579/2 1656/581/2
f 1856/582/2 1857/580/2 1656/581/2
f 1856/582/2 1656/581/2 1657/583/2
f 1855/584/2 1856/582/2 1657/583/2
f 1855/584/2 1657/583/2 1658/585/2
f 1855/584/2 1658/585/2 1659/586/2
f 1854/587/2 1855/584/2 1659/586/2
f 1854/587/2 1659/586/2 1660/588/2
f 1853/589/2 1854/587/2 1660/588/2
f 1853/589/2 1660/588/2 1661/590/2
f 1852/591/2 1853/589/2 1661/590/2
f 1852/591/2 1661/590/2 1662/592/2
f 1852/591/2 1662/592/2 1663/593/2
f 1851/594/2 1852/591/2 1663/593/2
f 1851/594/2 1663/593/2 1664/595/2
f 1850/596/2 1851/594/2 1664/595/2
f 1850/596/2 1664/595/2 1665/597/2
f 1849/598/2 1850/596/2 1665/597/2
f 1849/598/2 1665/597/2 1666/599/2
f 1848/600/2 1849/598/2 1666/599/2
f 1848/600/2 1666/599/2 1667/601/2
f 1848/600/2 1667/601/2 1668/602/2
f 1847/603/2 1848/600/2 1668/602/2
f 1847/603/2 1668/602/2 1669/604/2
f 1846/605/2 1847/603/2 1669/604/2
f 1846/605/2 1669/604/2 1670/606/2
f 1845/607/2 1846/605/2 1670/606/2
f 1845/607/2 1670/606/2 1671/608/2
f 1844/609/2 1845/607/2 1671/608/2
f 1844/609/2 1671/608/2 1672/610/2
f 1843/611/1 1844/609/1 1672/610/1
f 1842/612/2 1843/611/2 1673/613/2
f 1673/613/1 1843/611/1 1672/610/1
f 1842/612/2 1673/613/2 1674/614/2
f 1841/615/2 1842/612/2 1674/614/2
f 1841/615/2 1674/614/2 1675/616/2
f 1841/615/2 1675/616/2 1676/617/2
f 1840/618/2 1841/615/2 1676/617/2
f 1840/618/2 1676/617/2 1677/619/2
f 1839/620/2 1840/618/2 1677/619/2
f 1839/620/2 1677/619/2 1678/621/2
f 1838/622/2 1839/620/2 1678/621/2
f 1838/622/2 1678/621/2 1679/623/2
f 1838/622/2 1679/623/2 1680/624/2
f 1837/625/2 1838/622/2 1680/624/2
f 1837/625/2 1680/624/2 1681/626/2
f 1836/627/2 1837/625/2 1681/626/2
f 1836/627/2 1681/626/2 1682/628/2
f 1835/629/2 1836/627/2 1682/628/2
f 1835/629/2 1682/628/2 1683/630/2
f 1835/629/2 1683/630/2 1684/631/2
f 1834/632/2 1835/629/2 1684/631/2
f 1834/632/2 1684/631/2 1685/633/2
f 1833/634/2 1834/632/2 1685/633/2
f 1833/634/2 1685/633/2 1686/635/2
f 1832/636/2 1833/634/2 1686/635/2
f 1832/636/2 1686/635/2 1687/637/2
f 1831/638/2 1832/636/2 1687/637/2
f 1831/638/2 1687/637/2 1688/639/2
f 1830/640/2 1831/638/2 1688/639/2
f 1829/641/2 1830/640/2 1688/639/2
f 1829/641/2 1688/639/2 1689/642/2
f 1829/641/2 1689/642/2 1690/643/2
f 1828/644/2 1829/641/2 1690/643/2
f 1745/645/2 1746/647/2 1747/646/2
f 1828/644/2 1690/643/2 1691/648/2
f 1745/645/2 1747/646/2 1748/649/2
f 1744/650/2 1745/645/2 1748/649/2
f 1744/650/2 1748/649/2 1749/651/2
f 1743/652/2 1744/650/2 1749/651/2
f 1743/652/2 1749/651/2 1750/653/2
f 1742/654/2 1743/652/2 1750/653/2
f 1742/654/2 1750/653/2 1751/655/2
f 1741/656/2 1742/654/2 1751/655/2
f 1741/656/2 1751/655/2 1752/657/2
f 1740/658/2 1741/656/2 1752/657/2
f 1740/658/2 1752/657/2 1753/659/2
f 1740/658/2 1753/659/2 1754/660/2
f 1739/661/2 1740/658/2 1754/660/2
f 1739/661/2 1754/660/2 1755/662/2
f 1738/663/2 1739/661/2 1755/662/2
f 1738/663/2 1755/662/2 1756/664/2
f 1737/665/2 1738/663/2 1756/664/2
f 1737/665/2 1756/664/2 1757/666/2
f 1736/667/2 1737/665/2 1757/666/2
f 1828/644/2 1691/648/2 1692/668/2
f 1736/667/2 1757/666/2 1758/669/2
f 1827/670/2 1828/644/2 1692/668/2
f 1735/671/2 1736/667/2 1758/669/2
f 1735/671/2 1758/669/2 1759/672/2
f 1734/673/2 1735/671/2 1759/672/2
f 1734/673/2 1759/672/2 1760/674/2
f 1734/673/2 1760/674/2 1761/675/2
f 1733/676/2 1734/673/2 1761/675/2
f 1733/676/2 1761/675/2 1762/677/2
f 1827/670/2 1692/668/2 1693/678/2
f 1733/676/2 1762/677/2 1763/679/2
f 1732/680/2 1733/676/2 1763/679/2
f 1732/680/2 1763/679/2 1764/681/2
f 1732/680/2 1764/681/2 1765/682/2
f 1826/683/2 1827/670/2 1693/678/2
f 1826/683/2 1693/678/2 1694/684/2
f 1732/680/2 1765/682/2 1766/685/2
f 1731/686/2 1732/680/2 1766/685/2
f 1731/686/2 1766/685/2 1767/687/2
f 1731/686/2 1767/687/2 1768/688/2
f 1730/689/2 1731/686/2 1768/688/2
f 1826/683/2 1694/684/2 1695/690/2
f 1730/689/2 1768/688/2 1769/691/2
f 1730/689/2 1769/691/2 1770/692/2
f 1825/693/2 1826/683/2 1695/690/2
f 1729/694/2 1730/689/2 1770/692/2
f 1729/694/2 1770/692/2 1771/695/2
f 1825/693/2 1695/690/2 1696/696/2
f 1729/694/2 1771/695/2 1772/697/2
f 1728/698/2 1729/694/2 1772/697/2
f 1728/698/2 1772/697/2 1773/699/2
f 1825/693/2 1696/696/2 1697/700/2
f 1727/701/2 1728/698/2 1773/699/2
f 1727/701/2 1773/699/2 1774/702/2
f 1824/703/2 1825/693/2 1697/700/2
f 1727/701/2 1774/702/2 1775/704/2
f 1726/705/2 1727/701/2 1775/704/2
f 1824/703/2 1697/700/2 1698/706/2
f 1726/705/2 1775/704/2 1776/707/2
f 1725/708/2 1726/705/2 1776/707/2
f 1725/708/2 1776/707/2 1777/709/2
f 1824/703/2 1698/706/2 1699/710/2
f 1724/711/2 1725/708/2 1777/709/2
f 1823/712/2 1824/703/2 1699/710/2
f 1724/711/2 1777/709/2 1778/713/2
f 1724/711/2 1778/713/2 1779/714/2
f 1723/715/2 1724/711/2 1779/714/2
f 1823/712/2 1699/710/2 1700/716/2
f 1723/715/2 1779/714/2 1780/717/2
f 1722/718/2 1723/715/2 1780/717/2
f 1722/718/2 1780/717/2 1781/719/2
f 1823/712/2 1700/716/2 1701/720/2
f 1822/721/2 1823/712/2 1701/720/2
f 1722/718/2 1781/719/2 1782/722/2
f 1721/723/2 1722/718/2 1782/722/2
f 1822/721/2 1701/720/2 1702/724/2
f 1721/723/2 1782/722/2 1783/725/2
f 1720/726/2 1721/723/2 1783/725/2
f 1822/721/2 1702/724/2 1703/727/2
f 1719/728/2 1720/726/2 1783/725/2
f 1821/729/2 1822/721/2 1703/727/2
f 1719/728/2 1783/725/2 1784/730/2
f 1718/731/2 1719/728/2 1784/730/2
f 1821/729/2 1703/727/2 1704/732/2
f 1717/733/2 1718/731/2 1784/730/2
f 1821/729/2 1704/732/2 1705/734/2
f 1716/735/2 1717/733/2 1784/730/2
f 1716/735/2 1784/730/2 1785/736/2
f 1821/729/2 1705/734/2 1706/737/2
f 1715/738/2 1716/735/2 1785/736/2
f 1820/739/2 1821/729/2 1706/737/2
f 1820/739/2 1706/737/2 1707/740/2
f 1714/741/2 1715/738/2 1785/736/2
f 1713/742/2 1714/741/2 1785/736/2
f 1820/739/2 1707/740/2 1708/743/2
f 1712/744/2 1713/742/2 1785/736/2
f 1820/739/2 1708/743/2 1709/745/2
f 1711/746/2 1712/744/2 1785/736/2
f 1711/746/2 1785/736/2 1786/747/2
f 1820/739/2 1709/745/2 1710/748/2
f 1710/748/2 1711/746/2 1786/747/2
f 1820/739/2 1710/748/2 1786/747/2
f 1819/749/2 1820/739/2 1786/747/2
f 1819/749/2 1786/747/2 1787/750/2
f 1819/749/2 1787/750/2 1788/751/2
f 1818/752/2 1819/749/2 1788/751/2
f 1818/752/2 1788/751/2 1789/753/2
f 1817/754/2 1818/752/2 1789/753/2
f 1817/754/2 1789/753/2 1790/755/2
f 1817/754/2 1790/755/2 1791/756/2
f 1816/757/2 1817/754/2 1791/756/2
f 1816/757/2 1791/756/2 1792/758/2
f 1815/759/2 1816/757/2 1792/758/2
f 1815/759/2 1792/758/2 1793/760/2
f 1814/761/2 1815/759/2 1793/760/2
f 1814/761/2 1793/760/2 1794/762/2
f 1814/761/2 1794/762/2 1795/763/2
f 1813/764/2 1814/761/2 1795/763/2
f 1813/764/2 1795/763/2 1796/765/2
f 1812/766/2 1813/764/2 1796/765/2
f 1812/766/2 1796/765/2 1797/767/2
f 1812/766/2 1797/767/2 1798/768/2
f 1811/769/2 1812/766/2 1798/768/2
f 1811/769/2 1798/768/2 1799/770/2
f 1810/771/2 1811/769/2 1799/770/2
f 1810/771/2 1799/770/2 1800/772/2
f 1810/771/2 1800/772/2 1801/773/2
f 1809/774/2 1810/771/2 1801/773/2
f 1809/774/2 1801/773/2 1802/775/2
f 1808/776/2 1809/774/2 1802/775/2
f 1808/776/2 1802/775/2 1803/777/2
f 1808/776/2 1803/777/2 1804/778/2
f 1807/779/2 1808/776/2 1804/778/2
f 1807/779/2 1804/778/2 1805/780/2
f 1806/781/2 1807/779/2 1805/780/2
f 2108/109/2 2105/783/2 2106/782/2
f 2108/109/2 2106/782/2 2107/784/2
f 2104/785/2 1954/106/2 1955/786/2
f 2104/785/2 1955/786/2 2056/787/2
f 2056/787/2 1955/786/2 1956/788/2
f 2103/789/2 2104/785/2 2056/787/2
f 2102/790/2 2103/789/2 2056/787/2
f 2101/791/2 2102/790/2 2056/787/2
f 2100/792/2 2101/791/2 2056/787/2
f 2099/793/2 2100/792/2 2056/787/2
f 2098/794/2 2099/793/2 2056/787/2
f 2097/795/2 2098/794/2 2056/787/2
f 2096/796/2 2097/795/2 2056/787/2
f 2095/797/2 2096/796/2 2056/787/2
f 2094/798/2 2095/797/2 2056/787/2
f 2093/799/2 2094/798/2 2056/787/2
f 2092/800/2 2093/799/2 2056/787/2
f 2091/801/2 2092/800/2 2056/787/2
f 2090/802/2 2091/801/2 2056/787/2
f 2089/803/2 2090/802/2 2056/787/2
f 2088/804/2 2089/803/2 2056/787/2
f 2087/805/2 2088/804/2 2056/787/2
f 2086/470/2 2087/805/2 2056/787/2
f 2085/806/2 2086/470/2 2056/787/2
f 2084/807/2 2085/806/2 2056/787/2
f 2083/808/2 2084/807/2 2056/787/2
f 2082/809/2 2083/808/2 2056/787/2
f 2081/810/2 2082/809/2 2056/787/2
f 2080/811/2 2081/810/2 2056/787/2
f 2079/812/2 2080/811/2 2056/787/2
f 2078/813/2 2079/812/2 2056/787/2
f 2077/814/2 2078/813/2 2056/787/2
f 2076/815/2 2077/814/2 2056/787/2
f 2075/816/2 2076/815/2 2056/787/2
f 2074/817/2 2075/816/2 2056/787/2
f 2073/818/2 2074/817/2 2056/787/2
f 2072/819/2 2073/818/2 2056/787/2
f 2071/820/2 2072/819/2 2056/787/2
f 2070/821/2 2071/820/2 2056/787/2
f 2069/822/2 2070/821/2 2056/787/2
f 2068/823/2 2069/822/2 2056/787/2
f 2067/824/2 2068/823/2 2056/787/2
f 2066/825/2 2067/824/2 2056/787/2
f 2065/826/2 2066/825/2 2056/787/2
f 2064/584/2 2065/826/2 2056/787/2
f 2063/827/2 2064/584/2 2056/787/2
f 2062/828/2 2063/827/2 2056/787/2
f 2061/829/2 2062/828/2 2056/787/2
f 2060/830/2 2061/829/2 2056/787/2
f 2059/831/2 2060/830/2 2056/787/2
f 2058/832/2 2059/831/2 2056/787/2
f 2057/833/2 2058/832/2 2056/787/2
f 2055/834/2 2056/787/2 1956/788/2
f 2053/835/2 2054/836/2 2055/834/2
f 2053/835/2 2055/834/2 1956/788/2
f 2053/835/2 1956/788/2 1957/837/2
f 2053/835/2 1957/837/2 1958/838/2
f 2053/835/2 1958/838/2 1959/839/2
f 2052/840/2 2053/835/2 1959/839/2
f 2052/840/2 1959/839/2 1960/841/2
f 2051/842/2 2052/840/2 1960/841/2
f 2051/842/2 1960/841/2 1961/843/2
f 2050/844/2 2051/842/2 1961/843/2
f 2050/844/2 1961/843/2 1962/845/2
f 2050/844/2 1962/845/2 1963/846/2
f 2049/847/2 2050/844/2 1963/846/2
f 2049/847/2 1963/846/2 1964/848/2
f 2048/849/2 2049/847/2 1964/848/2
f 2048/849/2 1964/848/2 1965/850/2
f 2047/851/2 2048/849/2 1965/850/2
f 2047/851/2 1965/850/2 1966/852/2
f 2047/851/2 1966/852/2 1967/853/2
f 2046/854/2 2047/851/2 1967/853/2
f 2046/854/2 1967/853/2 1968/855/2
f 2045/856/2 2046/854/2 1968/855/2
f 2045/856/2 1968/855/2 1969/857/2
f 2044/858/2 2045/856/2 1969/857/2
f 2044/858/2 1969/857/2 1970/859/2
f 2044/858/2 1970/859/2 1971/860/2
f 2043/861/2 2044/858/2 1971/860/2
f 2043/861/2 1971/860/2 1972/862/2
f 2042/781/2 2043/861/2 1972/862/2
f 2042/781/2 1972/862/2 1973/863/2
f 2041/864/2 2042/781/2 1973/863/2
f 2041/864/2 1973/863/2 1974/865/2
f 2041/864/2 1974/865/2 1975/866/2
f 2040/867/2 2041/864/2 1975/866/2
f 2040/867/2 1975/866/2 1976/586/2
f 2039/868/2 2040/867/2 1976/586/2
f 2039/868/2 1976/586/2 1977/869/2
f 2038/870/2 2039/868/2 1977/869/2
f 2038/870/2 1977/869/2 1978/871/2
f 2038/870/2 1978/871/2 1979/872/2
f 2037/873/2 2038/870/2 1979/872/2
f 2037/873/2 1979/872/2 1980/874/2
f 2036/875/2 2037/873/2 1980/874/2
f 2036/875/2 1980/874/2 1981/876/2
f 2035/877/2 2036/875/2 1981/876/2
f 2035/877/2 1981/876/2 1982/878/2
f 2034/879/2 2035/877/2 1982/878/2
f 2034/879/2 1982/878/2 1983/880/2
f 2033/881/2 2034/879/2 1983/880/2
f 2033/881/2 1983/880/2 1984/882/2
f 2032/883/2 2033/881/2 1984/882/2
f 2032/883/2 1984/882/2 1985/884/2
f 2031/398/2 2032/883/2 1985/884/2
f 2031/398/2 1985/884/2 1986/885/2
f 2030/886/2 2031/398/2 1986/885/2
f 2030/886/2 1986/885/2 1987/887/2
f 2029/888/2 2030/886/2 1987/887/2
f 2029/888/2 1987/887/2 1988/889/2
f 2028/890/2 2029/888/2 1988/889/2
f 2027/891/2 2028/890/2 1988/889/2
f 2027/891/2 1988/889/2 1989/892/2
f 2026/893/2 2027/891/2 1989/892/2
f 2026/893/2 1989/892/2 1990/894/2
f 2025/895/2 2026/893/2 1990/894/2
f 2025/895/2 1990/894/2 1991/896/2
f 2024/897/2 2025/895/2 1991/896/2
f 2024/897/2 1991/896/2 1992/898/2
f 2023/899/2 2024/897/2 1992/898/2
f 2022/900/2 2023/899/2 1992/898/2
f 2022/900/2 1992/898/2 1993/901/2
f 2021/902/2 2022/900/2 1993/901/2
f 2021/902/2 1993/901/2 1994/903/2
f 2020/666/2 2021/902/2 1994/903/2
f 2020/666/2 1994/903/2 1995/904/2
f 2019/905/2 2020/666/2 1995/904/2
f 2018/906/2 2019/905/2 1995/904/2
f 2018/906/2 1995/904/2 1996/907/2
f 2017/908/2 2018/906/2 1996/907/2
f 2017/908/2 1996/907/2 1997/909/2
f 2016/910/2 2017/908/2 1997/909/2
f 2016/910/2 1997/909/2 1998/743/2
f 2015/911/2 2016/910/2 1998/743/2
f 2015/911/2 1998/743/2 1999/912/2
f 2014/913/2 2015/911/2 1999/912/2
f 2013/914/2 2014/913/2 1999/912/2
f 2013/914/2 1999/912/2 2000/915/2
f 2012/916/2 2013/914/2 2000/915/2
f 2012/916/2 2000/915/2 2001/917/2
f 2011/918/2 2012/916/2 2001/917/2
f 2011/918/2 2001/917/2 2002/919/2
f 2010/920/2 2011/918/2 2002/919/2
f 2009/921/2 2010/920/2 2002/919/2
f 2009/921/2 2002/919/2 2003/922/2
f 2008/923/2 2009/921/2 2003/922/2
f 2008/923/2 2003/922/2 2004/924/2
f 2007/925/2 2008/923/2 2004/924/2
f 2007/925/2 2004/924/2 2005/926/2
f 2006/927/2 2007/925/2 2005/926/2
f 2273/928/2 2274/930/2 2212/929/2
f 2212/929/2 2274/930/2 2275/931/2
f 2212/929/2 2275/931/2 2211/932/2
f 2211/932/2 2275/931/2 2110/933/2
f 2110/933/2 2275/931/2 2109/106/2
f 2109/106/2 2275/931/2 2276/934/2
f 2273/928/2 2212/929/2 2213/935/2
f 2210/936/2 2211/932/2 2110/933/2
f 2210/936/2 2110/933/2 2111/937/2
f 2336/109/2 2109/106/2 2276/934/2
f 2272/938/2 2273/928/2 2213/935/2
f 2272/938/2 2213/935/2 2214/939/2
f 2335/940/2 2336/109/2 2276/934/2
f 2335/940/2 2276/934/2 2277/941/2
f 2271/942/2 2272/938/2 2214/939/2
f 2334/943/2 2335/940/2 2277/941/2
f 2271/942/2 2214/939/2 2215/944/2
f 2334/943/2 2277/941/2 2278/945/2
f 2270/946/2 2271/942/2 2215/944/2
f 2333/947/2 2334/943/2 2278/945/2
f 2269/948/2 2270/946/2 2215/944/2
f 2332/949/2 2333/947/2 2278/945/2
f 2269/948/2 2215/944/2 2216/950/2
f 2332/949/2 2278/945/2 2279/951/2
f 2268/952/2 2269/948/2 2216/950/2
f 2331/953/2 2332/949/2 2279/951/2
f 2267/954/2 2268/952/2 2216/950/2
f 2330/955/2 2331/953/2 2279/951/2
f 2267/954/2 2216/950/2 2217/956/2
f 2330/955/2 2279/951/2 2280/957/2
f 2266/958/2 2267/954/2 2217/956/2
f 2329/959/2 2330/955/2 2280/957/2
f 2265/960/2 2266/958/2 2217/956/2
f 2328/961/2 2329/959/2 2280/957/2
f 2265/960/2 2217/956/2 2218/962/2
f 2328/961/2 2280/957/2 2281/963/2
f 2264/964/2 2265/960/2 2218/962/2
f 2327/965/2 2328/961/2 2281/963/2
f 2263/966/2 2264/964/2 2218/962/2
f 2326/967/2 2327/965/2 2281/963/2
f 2263/966/2 2218/962/2 2219/968/2
f 2326/967/2 2281/963/2 2282/969/2
f 2262/970/2 2263/966/2 2219/968/2
f 2325/971/2 2326/967/2 2282/969/2
f 2261/972/2 2262/970/2 2219/968/2
f 2324/973/2 2325/971/2 2282/969/2
f 2260/974/2 2261/972/2 2219/968/2
f 2323/975/2 2324/973/2 2282/969/2
f 2260/974/2 2219/968/2 2220/976/2
f 2323/975/2 2282/969/2 2283/977/2
f 2259/978/2 2260/974/2 2220/976/2
f 2322/979/2 2323/975/2 2283/977/2
f 2258/980/2 2259/978/2 2220/976/2
f 2321/981/2 2322/979/2 2283/977/2
f 2258/980/2 2220/976/2 2221/982/2
f 2321/981/2 2283/977/2 2284/983/2
f 2257/984/2 2258/980/2 2221/982/2
f 2320/985/2 2321/981/2 2284/983/2
f 2257/984/2 2221/982/2 2222/986/2
f 2320/985/2 2284/983/2 2285/987/2
f 2256/988/2 2257/984/2 2222/986/2
f 2319/989/2 2320/985/2 2285/987/2
f 2255/990/2 2256/988/2 2222/986/2
f 2318/991/2 2319/989/2 2285/987/2
f 2255/990/2 2222/986/2 2223/992/2
f 2318/991/2 2285/987/2 2286/993/2
f 2254/994/2 2255/990/2 2223/992/2
f 2317/995/2 2318/991/2 2286/993/2
f 2253/996/2 2254/994/2 2223/992/2
f 2316/997/2 2317/995/2 2286/993/2
f 2253/996/2 2223/992/2 2224/998/2
f 2316/997/2 2286/993/2 2287/999/2
f 2252/1000/2 2253/996/2 2224/998/2
f 2315/1001/2 2316/997/2 2287/999/2
f 2252/1000/2 2224/998/2 2225/1002/2
f 2315/1001/2 2287/999/2 2288/1003/2
f 2251/1004/2 2252/1000/2 2225/1002/2
f 2314/1005/2 2315/1001/2 2288/1003/2
f 2251/1004/2 2225/1002/2 2226/1006/2
f 2314/1005/2 2288/1003/2 2289/1007/2
f 2250/1008/2 2251/1004/2 2226/1006/2
f 2313/1009/2 2314/1005/2 2289/1007/2
f 2249/1010/2 2250/1008/2 2226/1006/2
f 2312/1011/2 2313/1009/2 2289/1007/2
f 2249/1010/2 2226/1006/2 2227/1012/2
f 2312/1011/2 2289/1007/2 2290/1013/2
f 2248/1014/2 2249/1010/2 2227/1012/2
f 2311/1015/2 2312/1011/2 2290/1013/2
f 2248/1014/2 2227/1012/2 2228/1016/2
f 2311/1015/2 2290/1013/2 2291/1017/2
f 2247/1018/2 2248/1014/2 2228/1016/2
f 2310/1019/2 2311/1015/2 2291/1017/2
f 2247/1018/2 2228/1016/2 2229/1020/2
f 2310/1019/2 2291/1017/2 2292/1021/2
f 2246/1022/2 2247/1018/2 2229/1020/2
f 2309/1023/2 2310/1019/2 2292/1021/2
f 2246/1022/2 2229/1020/2 2230/1024/2
f 2309/1023/2 2292/1021/2 2293/1025/2
f 2245/1026/2 2246/1022/2 2230/1024/2
f 2308/1027/2 2309/1023/2 2293/1025/2
f 2245/1026/2 2230/1024/2 2231/1028/2
f 2308/1027/2 2293/1025/2 2294/1029/2
f 2244/1030/2 2245/1026/2 2231/1028/2
f 2307/1031/2 2308/1027/2 2294/1029/2
f 2244/1030/2 2231/1028/2 2232/1032/2
f 2307/1031/2 2294/1029/2 2295/1033/2
f 2243/1034/2 2244/1030/2 2232/1032/2
f 2306/1035/2 2307/1031/2 2295/1033/2
f 2242/1036/2 2243/1034/2 2232/1032/2
f 2305/1037/2 2306/1035/2 2295/1033/2
f 2242/1036/2 2232/1032/2 2233/1038/2
f 2305/1037/2 2295/1033/2 2296/1039/2
f 2241/1040/2 2242/1036/2 2233/1038/2
f 2304/1041/2 2305/1037/2 2296/1039/2
f 2241/1040/2 2233/1038/2 2234/1042/2
f 2304/1041/2 2296/1039/2 2297/1043/2
f 2240/1044/2 2241/1040/2 2234/1042/2
f 2303/1045/2 2304/1041/2 2297/1043/2
f 2240/1044/2 2234/1042/2 2235/1046/2
f 2303/1045/2 2297/1043/2 2298/1047/2
f 2239/1048/2 2240/1044/2 2235/1046/2
f 2302/1049/2 2303/1045/2 2298/1047/2
f 2239/1048/2 2235/1046/2 2236/1050/2
f 2302/1049/2 2298/1047/2 2299/1051/2
f 2238/1052/2 2239/1048/2 2236/1050/2
f 2301/1053/2 2302/1049/2 2299/1051/2
f 2238/1052/2 2236/1050/2 2237/1054/2
f 2301/1053/2 2299/1051/2 2300/1055/2
f 2208/1056/2 2209/1057/2 2210/936/2
f 2208/1056/2 2210/936/2 2111/937/2
f 2208/1056/2 2111/937/2 2112/1058/2
f 2208/1056/2 2112/1058/2 2113/1059/2
f 2208/1056/2 2113/1059/2 2114/1060/2
f 2207/1061/2 2208/1056/2 2114/1060/2
f 2207/1061/2 2114/1060/2 2115/1062/2
f 2206/1063/2 2207/1061/2 2115/1062/2
f 2206/1063/2 2115/1062/2 2116/1064/2
f 2205/1065/2 2206/1063/2 2116/1064/2
f 2205/1065/2 2116/1064/2 2117/1066/2
f 2205/1065/2 2117/1066/2 2118/1067/2
f 2204/1068/2 2205/1065/2 2118/1067/2
f 2204/1068/2 2118/1067/2 2119/1069/2
f 2203/1070/2 2204/1068/2 2119/1069/2
f 2203/1070/2 2119/1069/2 2120/1071/2
f 2202/1072/2 2203/1070/2 2120/1071/2
f 2202/1072/2 2120/1071/2 2121/1073/2
f 2202/1072/2 2121/1073/2 2122/1074/2
f 2201/1075/2 2202/1072/2 2122/1074/2
f 2201/1075/2 2122/1074/2 2123/1076/2
f 2200/1077/2 2201/1075/2 2123/1076/2
f 2200/1077/2 2123/1076/2 2124/1078/2
f 2199/1079/2 2200/1077/2 2124/1078/2
f 2199/1079/2 2124/1078/2 2125/1080/2
f 2199/1079/2 2125/1080/2 2126/1081/2
f 2198/1082/2 2199/1079/2 2126/1081/2
f 2198/1082/2 2126/1081/2 2127/1083/2
f 2197/1084/2 2198/1082/2 2127/1083/2
f 2197/1084/2 2127/1083/2 2128/1085/2
f 2196/1086/2 2197/1084/2 2128/1085/2
f 2196/1086/2 2128/1085/2 2129/1087/2
f 2196/1086/2 2129/1087/2 2130/1088/2
f 2195/1089/2 2196/1086/2 2130/1088/2
f 2195/1089/2 2130/1088/2 2131/1090/2
f 2194/1091/2 2195/1089/2 2131/1090/2
f 2194/1091/2 2131/1090/2 2132/1092/2
f 2193/1093/2 2194/1091/2 2132/1092/2
f 2193/1093/2 2132/1092/2 2133/1094/2
f 2193/1093/2 2133/1094/2 2134/1095/2
f 2192/1096/2 2193/1093/2 2134/1095/2
f 2192/1096/2 2134/1095/2 2135/1097/2
f 2191/1098/2 2192/1096/2 2135/1097/2
f 2191/1098/2 2135/1097/2 2136/1099/2
f 2190/1100/2 2191/1098/2 2136/1099/2
f 2190/1100/2 2136/1099/2 2137/1101/2
f 2189/1102/2 2190/1100/2 2137/1101/2
f 2189/1102/2 2137/1101/2 2138/1103/2
f 2188/1104/2 2189/1102/2 2138/1103/2
f 2188/1104/2 2138/1103/2 2139/1105/2
f 2187/1106/2 2188/1104/2 2139/1105/2
f 2187/1106/2 2139/1105/2 2140/1107/2
f 2186/1108/2 2187/1106/2 2140/1107/2
f 2186/1108/2 2140/1107/2 2141/1109/2
f 2185/1110/2 2186/1108/2 2141/1109/2
f 2185/1110/2 2141/1109/2 2142/1111/2
f 2184/1112/2 2185/1110/2 2142/1111/2
f 2184/1112/2 2142/1111/2 2143/1113/2
f 2183/1114/2 2184/1112/2 2143/1113/2
f 2182/1115/2 2183/1114/2 2143/1113/2
f 2182/1115/2 2143/1113/2 2144/1116/2
f 2181/1117/2 2182/1115/2 2144/1116/2
f 2181/1117/2 2144/1116/2 2145/1118/2
f 2180/1119/2 2181/1117/2 2145/1118/2
f 2180/1119/2 2145/1118/2 2146/1120/2
f 2179/1121/2 2180/1119/2 2146/1120/2
f 2179/1121/2 2146/1120/2 2147/1122/2
f 2178/1123/2 2179/1121/2 2147/1122/2
f 2177/1124/2 2178/1123/2 2147/1122/2
f 2177/1124/2 2147/1122/2 2148/1125/2
f 2176/1126/2 2177/1124/2 2148/1125/2
f 2176/1126/2 2148/1125/2 2149/1127/2
f 2175/1128/2 2176/1126/2 2149/1127/2
f 2175/1128/2 2149/1127/2 2150/1129/2
f 2174/1130/2 2175/1128/2 2150/1129/2
f 2173/1131/2 2174/1130/2 2150/1129/2
f 2173/1131/2 2150/1129/2 2151/1132/2
f 2172/1133/2 2173/1131/2 2151/1132/2
f 2172/1133/2 2151/1132/2 2152/1134/2
f 2171/1135/2 2172/1133/2 2152/1134/2
f 2171/1135/2 2152/1134/2 2153/1136/2
f 2170/1137/2 2171/1135/2 2153/1136/2
f 2170/1137/2 2153/1136/2 2154/1138/2
f 2169/1139/2 2170/1137/2 2154/1138/2
f 2168/1140/2 2169/1139/2 2154/1138/2
f 2168/1140/2 2154/1138/2 2155/1141/2
f 2167/1142/2 2168/1140/2 2155/1141/2
f 2167/1142/2 2155/1141/2 2156/1143/2
f 2166/1144/2 2167/1142/2 2156/1143/2
f 2166/1144/2 2156/1143/2 2157/1145/2
f 2165/1146/2 2166/1144/2 2157/1145/2
f 2164/1147/2 2165/1146/2 2157/1145/2
f 2164/1147/2 2157/1145/2 2158/1148/2
f 2163/1149/2 2164/1147/2 2158/1148/2
f 2163/1149/2 2158/1148/2 2159/1150/2
f 2162/1151/2 2163/1149/2 2159/1150/2
f 2162/1151/2 2159/1150/2 2160/1152/2
f 2161/1153/2 2162/1151/2 2160/1152/2
s 1
f 2338/1154/3 2340/1155/4 2339/1156/4 2337/106/3
f 2340/1155/4 2342/1157/5 2341/1158/5 2339/1156/4
f 2342/1157/5 2344/1159/6 2343/1160/6 2341/1158/5
f 2344/1159/6 2346/1161/7 2345/1162/7 2343/1160/6
f 2346/1161/7 2348/1163/8 2347/1164/8 2345/1162/7
f 2348/1163/8 2350/1165/9 2349/1166/9 2347/1164/8
f 2350/1165/9 2352/1167/10 2351/1168/10 2349/1166/9
f 2352/1167/10 2354/1169/11 2353/1170/11 2351/1168/10
f 2354/1169/11 2356/1171/12 2355/1172/12 2353/1170/11
f 2356/1171/12 2358/1173/13 2357/1174/13 2355/1172/12
f 2358/1173/13 2360/1175/14 2359/1176/14 2357/1174/13
f 2360/1175/14 2362/1177/15 2361/1178/15 2359/1176/14
f 2362/1177/15 2364/1179/16 2363/1180/16 2361/1178/15
f 2364/1179/16 2366/1181/17 2365/1182/17 2363/1180/16
f 2366/1181/17 2368/1183/18 2367/1184/18 2365/1182/17
f 2368/1183/18 2370/1185/19 2369/1186/19 2367/1184/18
f 2370/1185/19 2372/1187/20 2371/1188/20 2369/1186/19
f 2372/1187/20 2374/1189/21 2373/1190/21 2371/1188/20
f 2374/1189/21 2376/1191/22 2375/1192/22 2373/1190/21
f 2376/1191/22 2378/1193/23 2377/1194/23 2375/1192/22
f 2378/1193/23 2380/1195/24 2379/1196/24 2377/1194/23
f 2380/1195/24 2382/1197/25 2381/1198/25 2379/1196/24
f 2382/1197/25 2384/1199/26 2383/1200/26 2381/1198/25
f 2384/1199/26 2386/1201/27 2385/1202/27 2383/1200/26
f 2386/1201/27 2388/1203/28 2387/1204/28 2385/1202/27
f 2388/1203/28 2390/1205/29 2389/1206/29 2387/1204/28
f 2390/1205/29 2392/1207/30 2391/1208/30 2389/1206/29
f 2392/1207/30 2394/1209/31 2393/1210/31 2391/1208/30
f 2394/1209/31 2396/1211/32 2395/1212/32 2393/1210/31
f 2396/1211/32 2398/1213/33 2397/1214/33 2395/1212/32
f 2398/1213/33 2400/1215/34 2399/1216/34 2397/1214/33
f 2400/1215/34 2402/1217/35 2401/1218/35 2399/1216/34
f 2402/1217/35 2404/1219/36 2403/1220/36 2401/1218/35
f 2404/1219/36 2406/1221/37 2405/1222/37 2403/1220/36
f 2406/1221/37 2408/1223/38 2407/1224/38 2405/1222/37
f 2408/1223/38 2410/1225/39 2409/1226/39 2407/1224/38
f 2410/1225/39 2412/1227/40 2411/1228/40 2409/1226/39
f 2412/1227/40 2414/1229/41 2413/381/41 2411/1228/40
f 2414/1229/41 2416/1230/42 2415/1231/42 2413/381/41
f 2416/1230/42 2418/1232/43 2417/1233/43 2415/1231/42
f 2418/1232/43 2420/1234/44 2419/1235/44 2417/1233/43
f 2420/1234/44 2422/1236/45 2421/1237/45 2419/1235/44
f 2422/1236/45 2424/1238/46 2423/1239/46 2421/1237/45
f 2424/1238/46 2426/1240/47 2425/1241/47 2423/1239/46
f 2426/1240/47 2428/1242/48 2427/1243/48 2425/1241/47
f 2428/1242/48 2430/1244/49 2429/1245/49 2427/1243/48
f 2430/1244/49 2432/1246/50 2431/1247/50 2429/1245/49
f 2432/1246/50 2434/1248/51 2433/1249/51 2431/1247/50
f 2434/1248/51 2436/1250/52 2435/1251/52 2433/1249/51
f 2436/1250/52 2438/1252/53 2437/1253/53 2435/1251/52
f 2438/1252/53 2440/1254/54 2439/1255/54 2437/1253/53
f 2440/1254/54 2442/1256/55 2441/1257/55 2439/1255/54
f 2442/1256/55 2444/1258/56 2443/1259/56 2441/1257/55
f 2444/1258/56 2446/1260/57 2445/1261/57 2443/1259/56
f 2446/1260/57 2448/1262/58 2447/1263/58 2445/1261/57
f 2448/1262/58 2450/1264/59 2449/1265/59 2447/1263/58
f 2450/1264/59 2452/1266/60 2451/1267/60 2449/1265/59
f 2452/1266/60 2454/1268/61 2453/1269/61 2451/1267/60
f 2454/1268/61 2456/1270/62 2455/1271/62 2453/1269/61
f 2456/1270/62 2458/1272/63 2457/1273/63 2455/1271/62
f 2458/1272/63 2460/1274/64 2459/1275/64 2457/1273/63
f 2460/1274/64 2462/1276/65 2461/1277/65 2459/1275/64
f 2462/1276/65 2464/1278/66 2463/1279/66 2461/1277/65
f 2464/1278/66 2466/1280/67 2465/1281/67 2463/1279/66
f 2466/1280/67 2468/1282/68 2467/1283/68 2465/1281/67
f 2468/1282/68 2470/1284/69 2469/1285/69 2467/1283/68
f 2470/1284/69 2472/1286/70 2471/1287/70 2469/1285/69
f 2472/1286/70 2474/1288/71 2473/1289/71 2471/1287/70
f 2474/1288/71 2476/1290/72 2475/1291/72 2473/1289/71
f 2476/1290/72 2478/1292/73 2477/1293/73 2475/1291/72
f 2478/1292/73 2480/1294/74 2479/1295/74 2477/1293/73
f 2480/1294/74 2482/1296/75 2481/1297/75 2479/1295/74
f 2482/1296/75 2484/1298/76 2483/1299/76 2481/1297/75
f 2484/1298/76 2486/1300/77 2485/1301/77 2483/1299/76
f 2486/1300/77 2488/1302/78 2487/1303/78 2485/1301/77
f 2488/1302/78 2490/1304/79 2489/436/79 2487/1303/78
f 2490/1304/79 2492/1305/80 2491/1306/80 2489/436/79
f 2492/1305/80 2494/1307/81 2493/1308/81 2491/1306/80
f 2494/1307/81 2496/1309/82 2495/1310/82 2493/1308/81
f 2496/1309/82 2498/1311/83 2497/1312/83 2495/1310/82
f 2498/1311/83 2500/1313/84 2499/1314/84 2497/1312/83
f 2500/1313/84 2502/1315/85 2501/1316/85 2499/1314/84
f 2502/1315/85 2504/1317/86 2503/1318/86 2501/1316/85
f 2504/1317/86 2506/1319/87 2505/1320/87 2503/1318/86
f 2506/1319/87 2508/1321/88 2507/1322/88 2505/1320/87
f 2508/1321/88 2510/1323/89 2509/1324/89 2507/1322/88
f 2510/1323/89 2512/1325/90 2511/1326/90 2509/1324/89
f 2512/1325/90 2514/1327/91 2513/1328/91 2511/1326/90
f 2514/1327/91 2516/1329/92 2515/1330/92 2513/1328/91
f 2516/1329/92 2518/1331/93 2517/1332/93 2515/1330/92
f 2518/1331/93 2520/1333/94 2519/1334/94 2517/1332/93
f 2520/1333/94 2522/1335/95 2521/1336/95 2519/1334/94
f 2522/1335/95 2524/1337/96 2523/1338/96 2521/1336/95
f 2524/1337/96 2526/1339/97 2525/1340/97 2523/1338/96
f 2526/1339/97 2528/1341/98 2527/1342/98 2525/1340/97
f 2528/1341/98 2530/1343/99 2529/1344/99 2527/1342/98
f 2530/1343/99 2532/1345/100 2531/1346/100 2529/1344/99
f 2532/1345/100 2534/1347/101 2533/1348/101 2531/1346/100
f 2534/1347/101 2536/1349/102 2535/1350/102 2533/1348/101
f 2536/1349/102 2538/1351/103 2537/1352/103 2535/1350/102
f 2538/1351/103 2540/1353/104 2539/1354/104 2537/1352/103
f 2540/1353/104 2542/1355/105 2541/1356/105 2539/1354/104
f 2542/1355/105 2544/1357/106 2543/1358/106 2541/1356/105
f 2544/1357/106 2546/1359/107 2545/1360/107 2543/1358/106
f 2546/1359/107 2548/1361/108 2547/1362/108 2545/1360/107
f 2548/1361/108 2550/1363/109 2549/1364/109 2547/1362/108
f 2550/1363/109 2552/1365/110 2551/1366/110 2549/1364/109
f 2552/1365/110 2554/1367/111 2553/1368/111 2551/1366/110
f 2554/1367/111 2556/1369/112 2555/1370/112 2553/1368/111
f 2556/1369/112 2558/1371/113 2557/1372/113 2555/1370/112
f 2558/1371/113 2560/1373/114 2559/1374/114 2557/1372/113
f 2560/1373/114 2562/1375/115 2561/1376/115 2559/1374/114
f 2562/1375/115 2564/1377/116 2563/1378/116 2561/1376/115
f 2564/1377/116 2566/1379/117 2565/398/117 2563/1378/116
f 2566/1379/117 2568/1380/118 2567/1381/118 2565/398/117
f 2568/1380/118 2570/1382/119 2569/1383/119 2567/1381/118
f 2570/1382/119 2572/1384/120 2571/1385/120 2569/1383/119
f 2572/1384/120 2574/1386/121 2573/1387/121 2571/1385/120
f 2574/1386/121 2576/1388/122 2575/1389/122 2573/1387/121
f 2576/1388/122 2578/1390/123 2577/1391/123 2575/1389/122
f 2578/1390/123 2580/1392/124 2579/1393/124 2577/1391/123
f 2580/1392/124 2582/1394/125 2581/1395/125 2579/1393/124
f 2582/1394/125 2584/1396/126 2583/1397/126 2581/1395/125
f 2584/1396/126 2586/1398/127 2585/1399/127 2583/1397/126
f 2586/1398/127 2588/1400/128 2587/1401/128 2585/1399/127
f 2588/1400/128 2590/1402/129 2589/1403/129 2587/1401/128
f 2590/1402/129 2592/1404/130 2591/1405/130 2589/1403/129
f 2592/1404/130 2594/1406/131 2593/1407/131 2591/1405/130
f 2594/1406/131 2596/1408/132 2595/1409/132 2593/1407/131
f 2596/1408/132 2598/1410/133 2597/1411/133 2595/1409/132
f 2598/1410/133 2600/1412/134 2599/1413/134 2597/1411/133
f 2600/1412/134 2602/1414/135 2601/1415/135 2599/1413/134
f 2602/1414/135 2604/1416/136 2603/1417/136 2601/1415/135
f 2604/1416/136 2606/1418/137 2605/1419/137 2603/1417/136
f 2606/1418/137 2608/1420/138 2607/1421/138 2605/1419/137
f 2608/1420/138 2610/1422/139 2609/1423/139 2607/1421/138
f 2610/1422/139 2612/1424/140 2611/1425/140 2609/1423/139
f 2612/1424/140 2614/1426/141 2613/1427/141 2611/1425/140
f 2614/1426/141 2616/1428/142 2615/1429/142 2613/1427/141
f 2616/1428/142 2618/1430/143 2617/1431/143 2615/1429/142
f 2618/1430/143 2620/1432/144 2619/1433/144 2617/1431/143
f 2620/1432/144 2622/1434/145 2621/1435/145 2619/1433/144
f 2622/1434/145 2624/1436/146 2623/1437/146 2621/1435/145
f 2624/1436/146 2626/1438/147 2625/1439/147 2623/1437/146
f 2626/1438/147 2628/1440/148 2627/1441/148 2625/1439/147
f 2628/1440/148 2630/1442/149 2629/1443/149 2627/1441/148
f 2630/1442/149 2632/1444/150 2631/1445/150 2629/1443/149
f 2632/1444/150 2634/1446/151 2633/1447/151 2631/1445/150
f 2634/1446/151 2636/1448/152 2635/1449/152 2633/1447/151
f 2636/1448/152 2638/1450/153 2637/1451/153 2635/1449/152
f 2638/1450/153 2640/1452/154 2639/1453/154 2637/1451/153
f 2640/1452/154 2642/1454/155 2641/343/155 2639/1453/154
f 2642/1454/155 2644/1455/156 2643/1456/156 2641/343/155
f 2644/1455/156 2646/1457/157 2645/1458/157 2643/1456/156
f 2646/1457/157 2648/1459/158 2647/1460/158 2645/1458/157
f 2648/1459/158 2650/1461/159 2649/1462/159 2647/1460/158
f 2650/1461/159 2652/1463/160 2651/1464/160 2649/1462/159
f 2652/1463/160 2654/1465/161 2653/1466/161 2651/1464/160
f 2654/1465/161 2656/1467/162 2655/1468/162 2653/1466/161
f 2656/1467/162 2658/1469/163 2657/1470/163 2655/1468/162
f 2658/1469/163 2660/1471/164 2659/1472/164 2657/1470/163
f 2660/1471/164 2662/1473/165 2661/1474/165 2659/1472/164
f 2662/1473/165 2664/1475/166 2663/1476/166 2661/1474/165
f 2664/1475/166 2666/1477/167 2665/1478/167 2663/1476/166
f 2666/1477/167 2668/1479/168 2667/1480/168 2665/1478/167
f 2668/1479/168 2670/1481/169 2669/1482/169 2667/1480/168
f 2670/1481/169 2672/1483/170 2671/1484/170 2669/1482/169
f 2672/1483/170 2674/1485/171 2673/1486/171 2671/1484/170
f 2674/1485/171 2676/1487/172 2675/1488/172 2673/1486/171
f 2676/1487/172 2678/1489/173 2677/1490/173 2675/1488/172
f 2678/1489/173 2680/1491/174 2679/1492/174 2677/1490/173
f 2680/1491/174 2682/1493/175 2681/1494/175 2679/1492/174
f 2682/1493/175 2684/1495/176 2683/1496/176 2681/1494/175
f 2684/1495/176 2686/1497/177 2685/1498/177 2683/1496/176
f 2686/1497/177 2688/1499/178 2687/1500/178 2685/1498/177
f 2688/1499/178 2690/1501/179 2689/1502/179 2687/1500/178
f 2690/1501/179 2692/1503/180 2691/1504/180 2689/1502/179
f 2692/1503/180 2694/1505/181 2693/1506/181 2691/1504/180
f 2694/1505/181 2696/1507/182 2695/1508/182 2693/1506/181
f 2696/1507/182 2698/1509/183 2697/1510/183 2695/1508/182
f 2698/1509/183 2700/1511/184 2699/1512/184 2697/1510/183
f 2700/1511/184 2702/1513/185 2701/1514/185 2699/1512/184
f 2702/1513/185 2704/1515/186 2703/1516/186 2701/1514/185
f 2704/1515/186 2706/1517/187 2705/1518/187 2703/1516/186
f 2706/1517/187 2708/1519/188 2707/1520/188 2705/1518/187
f 2708/1519/188 2710/1521/189 2709/1522/189 2707/1520/188
f 2710/1521/189 2712/1523/190 2711/1524/190 2709/1522/189
f 2712/1523/190 2714/1525/191 2713/1526/191 2711/1524/190
f 2714/1525/191 2716/1527/192 2715/1528/192 2713/1526/191
f 2716/1527/192 2718/1529/193 2717/318/193 2715/1528/192
f 2718/1529/193 2720/1530/194 2719/1531/194 2717/318/193
f 2720/1530/194 2722/1532/195 2721/1533/195 2719/1531/194
f 2722/1532/195 2724/1534/196 2723/1535/196 2721/1533/195
f 2724/1534/196 2726/1536/197 2725/1537/197 2723/1535/196
f 2726/1536/197 2728/1538/198 2727/1539/198 2725/1537/197
f 2728/1538/198 2730/1540/199 2729/1541/199 2727/1539/198
f 2730/1540/199 2732/1542/200 2731/1543/200 2729/1541/199
f 2732/1542/200 2734/1544/201 2733/1545/201 2731/1543/200
f 2734/1544/201 2736/1546/202 2735/1547/202 2733/1545/201
f 2736/1546/202 2738/1548/203 2737/1549/203 2735/1547/202
f 2738/1548/203 2740/1550/204 2739/1551/204 2737/1549/203
f 2740/1550/204 2742/1552/205 2741/1553/205 2739/1551/204
f 2742/1552/205 2744/1554/206 2743/1555/206 2741/1553/205
f 2744/1554/206 2746/1556/207 2745/1557/207 2743/1555/206
f 2746/1556/207 2748/1558/145 2747/1559/145 2745/1557/207
f 2748/1558/145 2750/1560/146 2749/1561/146 2747/1559/145
f 2750/1560/146 2752/1562/147 2751/1563/147 2749/1561/146
f 2752/1562/147 2754/1564/148 2753/1565/148 2751/1563/147
f 2754/1564/148 2756/1566/208 2755/1567/208 2753/1565/148
f 2756/1566/208 2758/1568/209 2757/1569/209 2755/1567/208
f 2758/1568/209 2760/1570/151 2759/1571/151 2757/1569/209
f 2760/1570/151 2762/1572/152 2761/1573/152 2759/1571/151
f 2762/1572/152 2764/1574/153 2763/1575/153 2761/1573/152
f 2764/1574/153 2766/1576/154 2765/1577/154 2763/1575/153
f 2766/1576/154 2768/1578/155 2767/1579/155 2765/1577/154
f 2768/1578/155 2770/1580/156 2769/1581/156 2767/1579/155
f 2770/1580/156 2772/1582/157 2771/1583/157 2769/1581/156
f 2772/1582/157 2774/1584/158 2773/1585/158 2771/1583/157
f 2774/1584/158 2776/1586/159 2775/1587/159 2773/1585/158
f 2776/1586/159 2778/1588/210 2777/1589/210 2775/1587/159
f 2778/1588/210 2780/1590/161 2779/1591/161 2777/1589/210
f 2780/1590/161 2782/1592/162 2781/1593/162 2779/1591/161
f 2782/1592/162 2784/1594/211 2783/1595/211 2781/1593/162
f 2784/1594/211 2786/1596/164 2785/1597/164 2783/1595/211
f 2786/1596/164 2788/1598/212 2787/1599/212 2785/1597/164
f 2788/1598/212 2790/1600/213 2789/1601/213 2787/1599/212
f 2790/1600/213 2792/1602/167 2791/1603/167 2789/1601/213
f 2792/1602/167 2338/1604/3 2337/109/3 2791/1603/167
f 2794/1154/214 2796/1266/215 2795/1267/215 2793/106/214
f 2796/1266/215 2798/1379/216 2797/398/216 2795/1267/215
f 2798/1379/216 2800/1491/217 2799/1492/217 2797/398/216
f 2800/1491/217 2794/1604/214 2793/109/214 2799/1492/217
f 2802/1154/218 2804/1605/219 2803/1606/219 2801/106/218
f 2804/1605/219 2806/1607/219 2805/1608/219 2803/1606/219
f 2806/1607/219 2808/1609/6 2807/1610/6 2805/1608/219
f 2808/1609/6 2810/1611/7 2809/1612/7 2807/1610/6
f 2810/1611/7 2812/1613/8 2811/1614/8 2809/1612/7
f 2812/1613/8 2814/1615/9 2813/1616/9 2811/1614/8
f 2814/1615/9 2816/1617/10 2815/1618/10 2813/1616/9
f 2816/1617/10 2818/1619/11 2817/1620/11 2815/1618/10
f 2818/1619/11 2820/1621/12 2819/1622/12 2817/1620/11
f 2820/1621/12 2822/1623/13 2821/1624/13 2819/1622/12
f 2822/1623/13 2824/1625/14 2823/1626/14 2821/1624/13
f 2824/1625/14 2826/1627/15 2825/1628/15 2823/1626/14
f 2826/1627/15 2828/1629/16 2827/1630/16 2825/1628/15
f 2828/1629/16 2830/1631/17 2829/1632/17 2827/1630/16
f 2830/1631/17 2832/1633/220 2831/1634/220 2829/1632/17
f 2832/1633/220 2834/1635/19 2833/1636/19 2831/1634/220
f 2834/1635/19 2836/1637/221 2835/1638/221 2833/1636/19
f 2836/1637/221 2838/1639/21 2837/1640/21 2835/1638/221
f 2838/1639/21 2840/1641/22 2839/1642/22 2837/1640/21
f 2840/1641/22 2842/1643/222 2841/1644/222 2839/1642/22
f 2842/1643/222 2844/1645/24 2843/1646/24 2841/1644/222
f 2844/1645/24 2846/1647/25 2845/1648/25 2843/1646/24
f 2846/1647/25 2848/1649/26 2847/1650/26 2845/1648/25
f 2848/1649/26 2850/1651/27 2849/1652/27 2847/1650/26
f 2850/1651/27 2852/1653/28 2851/1654/28 2849/1652/27
f 2852/1653/28 2854/1655/29 2853/1656/29 2851/1654/28
f 2854/1655/29 2856/1657/30 2855/1658/30 2853/1656/29
f 2856/1657/30 2858/1659/31 2857/1660/31 2855/1658/30
f 2858/1659/31 2860/1661/32 2859/1662/32 2857/1660/31
f 2860/1661/32 2862/1663/33 2861/1664/33 2859/1662/32
f 2862/1663/33 2864/1665/34 2863/1666/34 2861/1664/33
f 2864/1665/34 2866/1667/35 2865/1668/35 2863/1666/34
f 2866/1667/35 2868/1669/223 2867/1670/223 2865/1668/35
f 2868/1669/223 2870/1671/37 2869/1672/37 2867/1670/223
f 2870/1671/37 2872/1673/38 2871/1674/38 2869/1672/37
f 2872/1673/38 2874/1675/39 2873/1676/39 2871/1674/38
f 2874/1675/39 2876/1677/40 2875/1678/40 2873/1676/39
f 2876/1677/40 2878/1679/41 2877/1680/41 2875/1678/40
f 2878/1679/41 2880/1681/42 2879/1682/42 2877/1680/41
f 2880/1681/42 2882/1683/224 2881/1684/224 2879/1682/42
f 2882/1683/224 2884/1685/44 2883/1686/44 2881/1684/224
f 2884/1685/44 2886/1687/45 2885/1688/45 2883/1686/44
f 2886/1687/45 2888/1689/46 2887/1690/46 2885/1688/45
f 2888/1689/46 2890/1691/47 2889/1692/47 2887/1690/46
f 2890/1691/47 2892/1693/225 2891/1694/225 2889/1692/47
f 2892/1693/225 2894/1695/49 2893/1696/49 2891/1694/225
f 2894/1695/49 2896/1697/50 2895/1698/50 2893/1696/49
f 2896/1697/50 2898/1699/51 2897/1700/51 2895/1698/50
f 2898/1699/51 2900/1701/52 2899/1702/52 2897/1700/51
f 2900/1701/52 2902/1703/53 2901/1704/53 2899/1702/52
f 2902/1703/53 2904/1705/54 2903/1706/54 2901/1704/53
f 2904/1705/54 2906/1707/55 2905/1708/55 2903/1706/54
f 2906/1707/55 2908/1709/56 2907/1710/56 2905/1708/55
f 2908/1709/56 2910/1711/57 2909/1712/57 2907/1710/56
f 2910/1711/57 2912/1713/58 2911/1714/58 2909/1712/57
f 2912/1713/58 2914/1715/59 2913/1716/59 2911/1714/58
f 2914/1715/59 2916/1717/60 2915/1718/60 2913/1716/59
f 2916/1717/60 2918/1719/226 2917/1720/226 2915/1718/60
f 2918/1719/226 2920/1721/62 2919/1722/62 2917/1720/226
f 2920/1721/62 2922/1723/63 2921/1724/63 2919/1722/62
f 2922/1723/63 2924/1725/64 2923/1726/64 2921/1724/63
f 2924/1725/64 2926/1727/65 2925/1728/65 2923/1726/64
f 2926/1727/65 2928/1729/66 2927/1730/66 2925/1728/65
f 2928/1729/66 2930/1731/67 2929/1732/67 2927/1730/66
f 2930/1731/67 2932/1733/68 2931/1734/68 2929/1732/67
f 2932/1733/68 2934/1735/227 2933/1736/227 2931/1734/68
f 2934/1735/227 2936/1737/70 2935/1738/70 2933/1736/227
f 2936/1737/70 2938/1739/71 2937/1740/71 2935/1738/70
f 2938/1739/71 2940/1741/72 2939/1742/72 2937/1740/71
f 2940/1741/72 2942/1743/228 2941/1744/228 2939/1742/72
f 2942/1743/228 2944/1745/74 2943/1746/74 2941/1744/228
f 2944/1745/74 2946/1747/75 2945/1748/75 2943/1746/74
f 2946/1747/75 2948/1749/76 2947/1750/76 2945/1748/75
f 2948/1749/76 2950/1751/229 2949/1752/229 2947/1750/76
f 2950/1751/229 2952/1753/230 2951/1754/230 2949/1752/229
f 2952/1753/230 2954/1755/79 2953/1756/79 2951/1754/230
f 2954/1755/79 2956/1757/80 2955/1758/80 2953/1756/79
f 2956/1757/80 2958/1759/81 2957/1760/81 2955/1758/80
f 2958/1759/81 2960/1761/82 2959/1762/82 2957/1760/81
f 2960/1761/82 2962/1763/83 2961/1764/83 2959/1762/82
f 2962/1763/83 2964/1765/84 2963/1766/84 2961/1764/83
f 2964/1765/84 2966/1767/85 2965/1768/85 2963/1766/84
f 2966/1767/85 2968/1769/86 2967/1770/86 2965/1768/85
f 2968/1769/86 2970/1771/87 2969/1772/87 2967/1770/86
f 2970/1771/87 2972/1773/88 2971/1774/88 2969/1772/87
f 2972/1773/88 2974/1775/231 2973/1776/231 2971/1774/88
f 2974/1775/231 2976/1777/90 2975/1778/90 2973/1776/231
f 2976/1777/90 2978/1779/91 2977/1780/91 2975/1778/90
f 2978/1779/91 2980/1781/232 2979/1782/232 2977/1780/91
f 2980/1781/232 2982/1783/233 2981/1784/233 2979/1782/232
f 2982/1783/233 2984/1785/94 2983/1786/94 2981/1784/233
f 2984/1785/94 2986/1787/95 2985/1788/95 2983/1786/94
f 2986/1787/95 2988/1789/96 2987/1790/96 2985/1788/95
f 2988/1789/96 2990/1791/234 2989/1792/234 2987/1790/96
f 2990/1791/234 2992/1793/98 2991/1794/98 2989/1792/234
f 2992/1793/98 2994/1795/99 2993/1796/99 2991/1794/98
f 2994/1795/99 2996/1797/100 2995/1798/100 2993/1796/99
f 2996/1797/100 2998/1799/101 2997/1800/101 2995/1798/100
f 2998/1799/101 3000/1801/102 2999/1802/102 2997/1800/101
f 3000/1801/102 3002/1803/103 3001/1804/103 2999/1802/102
f 3002/1803/103 3004/1805/235 3003/1806/235 3001/1804/103
f 3004/1805/235 3006/1807/236 3005/1808/236 3003/1806/235
f 3006/1807/236 3008/1809/55 3007/1810/55 3005/1808/236
f 3008/1809/55 3010/1811/237 3009/1812/237 3007/1810/55
f 3010/1811/237 3012/1813/238 3011/1814/238 3009/1812/237
f 3012/1813/238 3014/1815/239 3013/1816/239 3011/1814/238
f 3014/1815/239 3016/1817/240 3015/1818/240 3013/1816/239
f 3016/1817/240 3018/1819/241 3017/1820/241 3015/1818/240
f 3018/1819/241 3020/1821/242 3019/1822/242 3017/1820/241
f 3020/1821/242 3022/1823/243 3021/1824/243 3019/1822/242
f 3022/1823/243 3024/1825/244 3023/1826/244 3021/1824/243
f 3024/1825/244 3026/1827/245 3025/1828/245 3023/1826/244
f 3026/1827/245 3028/1829/246 3027/1830/246 3025/1828/245
f 3028/1829/246 3030/1831/247 3029/1832/247 3027/1830/246
f 3030/1831/247 3032/1833/248 3031/1834/248 3029/1832/247
f 3032/1833/248 3034/1835/249 3033/1836/249 3031/1834/248
f 3034/1835/249 3036/1837/250 3035/1838/250 3033/1836/249
f 3036/1837/250 3038/1839/251 3037/1840/251 3035/1838/250
f 3038/1839/251 3040/1841/252 3039/1842/252 3037/1840/251
f 3040/1841/252 3042/1843/253 3041/1844/253 3039/1842/252
f 3042/1843/253 3044/1845/254 3043/1846/254 3041/1844/253
f 3044/1845/254 3046/1847/255 3045/1848/255 3043/1846/254
f 3046/1847/255 3048/1849/256 3047/1850/256 3045/1848/255
f 3048/1849/256 3050/1851/257 3049/1852/257 3047/1850/256
f 3050/1851/257 3052/1853/258 3051/1854/258 3049/1852/257
f 3052/1853/258 3054/1855/259 3053/1856/259 3051/1854/258
f 3054/1855/259 3056/1857/260 3055/1858/260 3053/1856/259
f 3056/1857/260 3058/1859/261 3057/1860/261 3055/1858/260
f 3058/1859/261 3060/1861/262 3059/1862/262 3057/1860/261
f 3060/1861/262 3062/1863/263 3061/1864/263 3059/1862/262
f 3062/1863/263 3064/1865/264 3063/1866/264 3061/1864/263
f 3064/1865/264 3066/1867/265 3065/1868/265 3063/1866/264
f 3066/1867/265 3068/1869/266 3067/1870/266 3065/1868/265
f 3068/1869/266 3070/1871/267 3069/1872/267 3067/1870/266
f 3070/1871/267 3072/1873/268 3071/1874/268 3069/1872/267
f 3072/1873/268 3074/1875/269 3073/1876/269 3071/1874/268
f 3074/1875/269 3076/1877/270 3075/1878/270 3073/1876/269
f 3076/1877/270 3078/1879/271 3077/1880/271 3075/1878/270
f 3078/1879/271 3080/1881/272 3079/1882/272 3077/1880/271
f 3080/1881/272 3082/1883/273 3081/1884/273 3079/1882/272
f 3082/1883/273 3084/1885/274 3083/1886/274 3081/1884/273
f 3084/1885/274 3086/1887/275 3085/1888/275 3083/1886/274
f 3086/1887/275 3088/1889/276 3087/1890/276 3085/1888/275
f 3088/1889/276 3090/1891/277 3089/1892/277 3087/1890/276
f 3090/1891/277 3092/1893/278 3091/1894/278 3089/1892/277
f 3092/1893/278 3094/1895/279 3093/1896/279 3091/1894/278
f 3094/1895/279 3096/1897/280 3095/1898/280 3093/1896/279
f 3096/1897/280 3098/1899/281 3097/1900/281 3095/1898/280
f 3098/1899/281 3100/1901/282 3099/1902/282 3097/1900/281
f 3100/1901/282 3102/1903/283 3101/1904/283 3099/1902/282
f 3102/1903/283 2802/1604/218 2801/109/218 3101/1904/283
f 3104/1154/284 3106/1905/285 3105/1906/285 3103/106/284
f 3106/1905/285 3108/1907/286 3107/1908/286 3105/1906/285
f 3108/1907/286 3110/1909/287 3109/1910/287 3107/1908/286
f 3110/1909/287 3112/1911/288 3111/1912/288 3109/1910/287
f 3112/1911/288 3114/1913/289 3113/1914/289 3111/1912/288
f 3114/1913/289 3116/1915/290 3115/1916/290 3113/1914/289
f 3116/1915/290 3118/1917/291 3117/1918/291 3115/1916/290
f 3118/1917/291 3120/1919/292 3119/1920/292 3117/1918/291
f 3120/1919/292 3122/1921/293 3121/1922/293 3119/1920/292
f 3122/1921/293 3124/1923/294 3123/1924/294 3121/1922/293
f 3124/1923/294 3126/1925/295 3125/1926/295 3123/1924/294
f 3126/1925/295 3128/1927/296 3127/1928/296 3125/1926/295
f 3128/1927/296 3130/1929/297 3129/1930/297 3127/1928/296
f 3130/1929/297 3132/1931/298 3131/1932/298 3129/1930/297
f 3132/1931/298 3134/1933/299 3133/1934/299 3131/1932/298
f 3134/1933/299 3136/1935/300 3135/1936/300 3133/1934/299
f 3136/1935/300 3138/1937/301 3137/1938/301 3135/1936/300
f 3138/1937/301 3140/1939/302 3139/1940/302 3137/1938/301
f 3140/1939/302 3142/1941/303 3141/1942/303 3139/1940/302
f 3142/1941/303 3144/1943/304 3143/1944/304 3141/1942/303
f 3144/1943/304 3146/1945/305 3145/1946/305 3143/1944/304
f 3146/1945/305 3148/1947/306 3147/1948/306 3145/1946/305
f 3148/1947/306 3150/1949/307 3149/1950/307 3147/1948/306
f 3150/1949/307 3152/1951/308 3151/1952/308 3149/1950/307
f 3152/1951/308 3154/1953/309 3153/1954/309 3151/1952/308
f 3154/1953/309 3156/1955/310 3155/1956/310 3153/1954/309
f 3156/1955/310 3158/1957/311 3157/1958/311 3155/1956/310
f 3158/1957/311 3160/1959/312 3159/1960/312 3157/1958/311
f 3160/1959/312 3162/1961/313 3161/1962/313 3159/1960/312
f 3162/1961/313 3164/1963/314 3163/1964/314 3161/1962/313
f 3164/1963/314 3166/1965/315 3165/1966/315 3163/1964/314
f 3166/1965/315 3168/1967/316 3167/1968/316 3165/1966/315
f 3168/1967/316 3170/1969/317 3169/1970/317 3167/1968/316
f 3170/1969/317 3172/1971/318 3171/1972/318 3169/1970/317
f 3172/1971/318 3174/1973/319 3173/1974/319 3171/1972/318
f 3174/1973/319 3176/1975/320 3175/1976/320 3173/1974/319
f 3176/1975/320 3178/1977/321 3177/1978/321 3175/1976/320
f 3178/1977/321 3180/1979/322 3179/1980/322 3177/1978/321
f 3180/1979/322 3182/1981/323 3181/1982/323 3179/1980/322
f 3182/1981/323 3184/1983/324 3183/1984/324 3181/1982/323
f 3184/1983/324 3186/1985/325 3185/1986/325 3183/1984/324
f 3186/1985/325 3188/1987/326 3187/1988/326 3185/1986/325
f 3188/1987/326 3190/1989/327 3189/1990/327 3187/1988/326
f 3190/1989/327 3192/1991/328 3191/1992/328 3189/1990/327
f 3192/1991/328 3194/1993/329 3193/1994/329 3191/1992/328
f 3194/1993/329 3196/1995/330 3195/1996/330 3193/1994/329
f 3196/1995/330 3198/1997/331 3197/1998/331 3195/1996/330
f 3198/1997/331 3200/1999/332 3199/2000/332 3197/1998/331
f 3200/1999/332 3202/2001/333 3201/2002/333 3199/2000/332
f 3202/2001/333 3204/2003/334 3203/2004/334 3201/2002/333
f 3204/2003/334 3206/2005/335 3205/2006/335 3203/2004/334
f 3206/2005/335 3208/2007/336 3207/2008/336 3205/2006/335
f 3208/2007/336 3210/2009/337 3209/2010/337 3207/2008/336
f 3210/2009/337 3212/2011/338 3211/2012/338 3209/2010/337
f 3212/2011/338 3214/2013/339 3213/2014/339 3211/2012/338
f 3214/2013/339 3216/2015/340 3215/2016/340 3213/2014/339
f 3216/2015/340 3218/2017/341 3217/2018/341 3215/2016/340
f 3218/2017/341 3220/2019/342 3219/2020/342 3217/2018/341
f 3220/2019/342 3222/2021/343 3221/2022/343 3219/2020/342
f 3222/2021/343 3224/2023/344 3223/2024/344 3221/2022/343
f 3224/2023/344 3226/2025/345 3225/2026/345 3223/2024/344
f 3226/2025/345 3228/2027/346 3227/2028/346 3225/2026/345
f 3228/2027/346 3230/2029/347 3229/2030/347 3227/2028/346
f 3230/2029/347 3232/2031/348 3231/2032/348 3229/2030/347
f 3232/2031/348 3234/2033/349 3233/2034/349 3231/2032/348
f 3234/2033/349 3236/2035/350 3235/2036/350 3233/2034/349
f 3236/2035/350 3238/2037/351 3237/2038/351 3235/2036/350
f 3238/2037/351 3240/2039/352 3239/2040/352 3237/2038/351
f 3240/2039/352 3242/2041/353 3241/2042/353 3239/2040/352
f 3242/2041/353 3244/2043/354 3243/2044/354 3241/2042/353
f 3244/2043/354 3246/2045/355 3245/2046/355 3243/2044/354
f 3246/2045/355 3248/2047/356 3247/2048/356 3245/2046/355
f 3248/2047/356 3250/2049/357 3249/2050/357 3247/2048/356
f 3250/2049/357 3252/2051/358 3251/2052/358 3249/2050/357
f 3252/2051/358 3254/2053/359 3253/2054/359 3251/2052/358
f 3254/2053/359 3256/2055/360 3255/2056/360 3253/2054/359
f 3256/2055/360 3258/2057/361 3257/2058/361 3255/2056/360
f 3258/2057/361 3260/2059/362 3259/2060/362 3257/2058/361
f 3260/2059/362 3262/2061/363 3261/2062/363 3259/2060/362
f 3262/2061/363 3264/2063/364 3263/2064/364 3261/2062/363
f 3264/2063/364 3266/2065/365 3265/2066/365 3263/2064/364
f 3266/2065/365 3268/2067/366 3267/2068/366 3265/2066/365
f 3268/2067/366 3270/2069/367 3269/2070/367 3267/2068/366
f 3270/2069/367 3272/2071/368 3271/2072/368 3269/2070/367
f 3272/2071/368 3274/2073/369 3273/2074/369 3271/2072/368
f 3274/2073/369 3276/1266/370 3275/1267/370 3273/2074/369
f 3276/1266/370 3278/2075/371 3277/2076/371 3275/1267/370
f 3278/2075/371 3280/2077/372 3279/2078/372 3277/2076/371
f 3280/2077/372 3282/2079/373 3281/2080/373 3279/2078/372
f 3282/2079/373 3284/2081/374 3283/2082/374 3281/2080/373
f 3284/2081/374 3286/2083/375 3285/2084/375 3283/2082/374
f 3286/2083/375 3288/2085/376 3287/2086/376 3285/2084/375
f 3288/2085/376 3290/2087/377 3289/2088/377 3287/2086/376
f 3290/2087/377 3292/2089/378 3291/2090/378 3289/2088/377
f 3292/2089/378 3294/2091/379 3293/2092/379 3291/2090/378
f 3294/2091/379 3296/2093/380 3295/2094/380 3293/2092/379
f 3296/2093/380 3298/2095/381 3297/2096/381 3295/2094/380
f 3298/2095/381 3300/2097/382 3299/2098/382 3297/2096/381
f 3300/2097/382 3302/2099/383 3301/2100/383 3299/2098/382
f 3302/2099/383 3304/2101/384 3303/2102/384 3301/2100/383
f 3304/2101/384 3306/2103/385 3305/2104/385 3303/2102/384
f 3306/2103/385 3308/2105/386 3307/2106/386 3305/2104/385
f 3308/2105/386 3310/2107/387 3309/2108/387 3307/2106/386
f 3310/2107/387 3312/2109/388 3311/2110/388 3309/2108/387
f 3312/2109/388 3314/2111/389 3313/2112/389 3311/2110/388
f 3314/2111/389 3316/2113/390 3315/2114/390 3313/2112/389
f 3316/2113/390 3318/2115/391 3317/2116/391 3315/2114/390
f 3318/2115/391 3320/2117/392 3319/2118/392 3317/2116/391
f 3320/2117/392 3322/2119/393 3321/2120/393 3319/2118/392
f 3322/2119/393 3324/2121/394 3323/2122/394 3321/2120/393
f 3324/2121/394 3326/2123/395 3325/2124/395 3323/2122/394
f 3326/2123/395 3328/2125/396 3327/2126/396 3325/2124/395
f 3328/2125/396 3330/2127/397 3329/2128/397 3327/2126/396
f 3330/2127/397 3332/2129/398 3331/2130/398 3329/2128/397
f 3332/2129/398 3334/2131/399 3333/2132/399 3331/2130/398
f 3334/2131/399 3336/2133/400 3335/2134/400 3333/2132/399
f 3336/2133/400 3338/2135/401 3337/2136/401 3335/2134/400
f 3338/2135/401 3340/2137/402 3339/2138/402 3337/2136/401
f 3340/2137/402 3342/2139/403 3341/2140/403 3339/2138/402
f 3342/2139/403 3344/2141/404 3343/2142/404 3341/2140/403
f 3344/2141/404 3346/2143/405 3345/2144/405 3343/2142/404
f 3346/2143/405 3348/2145/406 3347/2146/406 3345/2144/405
f 3348/2145/406 3350/2147/407 3349/2148/407 3347/2146/406
f 3350/2147/407 3352/2149/408 3351/2150/408 3349/2148/407
f 3352/2149/408 3354/2151/409 3353/2152/409 3351/2150/408
f 3354/2151/409 3356/2153/410 3355/2154/410 3353/2152/409
f 3356/2153/410 3358/2155/411 3357/2156/411 3355/2154/410
f 3358/2155/411 3360/2157/412 3359/2158/412 3357/2156/411
f 3360/2157/412 3362/2159/413 3361/2160/413 3359/2158/412
f 3362/2159/413 3364/2161/414 3363/2162/414 3361/2160/413
f 3364/2161/414 3366/2163/415 3365/2164/415 3363/2162/414
f 3366/2163/415 3368/2165/416 3367/2166/416 3365/2164/415
f 3368/2165/416 3370/2167/417 3369/2168/417 3367/2166/416
f 3370/2167/417 3372/2169/418 3371/2170/418 3369/2168/417
f 3372/2169/418 3374/2171/419 3373/2172/419 3371/2170/418
f 3374/2171/419 3376/2173/420 3375/2174/420 3373/2172/419
f 3376/2173/420 3378/2175/421 3377/2176/421 3375/2174/420
f 3378/2175/421 3380/2177/422 3379/2178/422 3377/2176/421
f 3380/2177/422 3382/2179/423 3381/2180/423 3379/2178/422
f 3382/2179/423 3384/2181/424 3383/2182/424 3381/2180/423
f 3384/2181/424 3386/2183/425 3385/2184/425 3383/2182/424
f 3386/2183/425 3388/2185/426 3387/2186/426 3385/2184/425
f 3388/2185/426 3390/2187/427 3389/2188/427 3387/2186/426
f 3390/2187/427 3392/2189/428 3391/2190/428 3389/2188/427
f 3392/2189/428 3394/2191/429 3393/2192/429 3391/2190/428
f 3394/2191/429 3396/2193/430 3395/2194/430 3393/2192/429
f 3396/2193/430 3398/2195/431 3397/2196/431 3395/2194/430
f 3398/2195/431 3400/2197/432 3399/2198/432 3397/2196/431
f 3400/2197/432 3402/2199/433 3401/2200/433 3399/2198/432
f 3402/2199/433 3404/2201/434 3403/2202/434 3401/2200/433
f 3404/2201/434 3406/2203/435 3405/2204/435 3403/2202/434
f 3406/2203/435 3408/2205/436 3407/2206/436 3405/2204/435
f 3408/2205/436 3410/2207/437 3409/2208/437 3407/2206/436
f 3410/2207/437 3412/2209/438 3411/2210/438 3409/2208/437
f 3412/2209/438 3414/2211/439 3413/2212/439 3411/2210/438
f 3414/2211/439 3416/2213/440 3415/2214/440 3413/2212/439
f 3416/2213/440 3418/2215/441 3417/2216/441 3415/2214/440
f 3418/2215/441 3420/2217/442 3419/2218/442 3417/2216/441
f 3420/2217/442 3422/2219/443 3421/2220/443 3419/2218/442
f 3422/2219/443 3424/2221/444 3423/2222/444 3421/2220/443
f 3424/2221/444 3426/2223/445 3425/2224/445 3423/2222/444
f 3426/2223/445 3428/2225/446 3427/2226/446 3425/2224/445
f 3428/2225/446 3430/2227/447 3429/2228/447 3427/2226/446
f 3430/2227/447 3432/2229/448 3431/2230/448 3429/2228/447
f 3432/2229/448 3434/2231/449 3433/2232/449 3431/2230/448
f 3434/2231/449 3436/2233/450 3435/2234/450 3433/2232/449
f 3436/2233/450 3438/2235/451 3437/2236/451 3435/2234/450
f 3438/2235/451 3440/2237/452 3439/2238/452 3437/2236/451
f 3440/2237/452 3442/2239/453 3441/2240/453 3439/2238/452
f 3442/2239/453 3444/2241/454 3443/2242/454 3441/2240/453
f 3444/2241/454 3446/2243/455 3445/2244/455 3443/2242/454
f 3446/2243/455 3448/1379/456 3447/398/456 3445/2244/455
f 3448/1379/456 3450/2245/457 3449/2246/457 3447/398/456
f 3450/2245/457 3452/2247/458 3451/2248/458 3449/2246/457
f 3452/2247/458 3454/2249/459 3453/2250/459 3451/2248/458
f 3454/2249/459 3456/2251/460 3455/2252/460 3453/2250/459
f 3456/2251/460 3458/2253/461 3457/2254/461 3455/2252/460
f 3458/2253/461 3460/2255/462 3459/2256/462 3457/2254/461
f 3460/2255/462 3462/2257/463 3461/2258/463 3459/2256/462
f 3462/2257/463 3464/2259/464 3463/2260/464 3461/2258/463
f 3464/2259/464 3466/2261/465 3465/2262/465 3463/2260/464
f 3466/2261/465 3468/2263/466 3467/2264/466 3465/2262/465
f 3468/2263/466 3470/2265/467 3469/2266/467 3467/2264/466
f 3470/2265/467 3472/2267/468 3471/2268/468 3469/2266/467
f 3472/2267/468 3474/2269/469 3473/2270/469 3471/2268/468
f 3474/2269/469 3476/2271/470 3475/2272/470 3473/2270/469
f 3476/2271/470 3478/2273/471 3477/2274/471 3475/2272/470
f 3478/2273/471 3480/2275/472 3479/2276/472 3477/2274/471
f 3480/2275/472 3482/2277/473 3481/2278/473 3479/2276/472
f 3482/2277/473 3484/2279/474 3483/2280/474 3481/2278/473
f 3484/2279/474 3486/2281/475 3485/2282/475 3483/2280/474
f 3486/2281/475 3488/2283/476 3487/2284/476 3485/2282/475
f 3488/2283/476 3490/2285/477 3489/2286/477 3487/2284/476
f 3490/2285/477 3492/2287/478 3491/2288/478 3489/2286/477
f 3492/2287/478 3494/2289/479 3493/2290/479 3491/2288/478
f 3494/2289/479 3496/2291/480 3495/2292/480 3493/2290/479
f 3496/2291/480 3498/2293/481 3497/2294/481 3495/2292/480
f 3498/2293/481 3500/2295/482 3499/2296/482 3497/2294/481
f 3500/2295/482 3502/2297/483 3501/2298/483 3499/2296/482
f 3502/2297/483 3504/2299/484 3503/2300/484 3501/2298/483
f 3504/2299/484 3506/2301/485 3505/2302/485 3503/2300/484
f 3506/2301/485 3508/2303/486 3507/2304/486 3505/2302/485
f 3508/2303/486 3510/2305/487 3509/2306/487 3507/2304/486
f 3510/2305/487 3512/2307/488 3511/2308/488 3509/2306/487
f 3512/2307/488 3514/2309/489 3513/2310/489 3511/2308/488
f 3514/2309/489 3516/2311/490 3515/2312/490 3513/2310/489
f 3516/2311/490 3518/2313/491 3517/2314/491 3515/2312/490
f 3518/2313/491 3520/2315/492 3519/2316/492 3517/2314/491
f 3520/2315/492 3522/2317/493 3521/2318/493 3519/2316/492
f 3522/2317/493 3524/2319/494 3523/2320/494 3521/2318/493
f 3524/2319/494 3526/2321/495 3525/2322/495 3523/2320/494
f 3526/2321/495 3528/2323/496 3527/2324/496 3525/2322/495
f 3528/2323/496 3530/2325/497 3529/2326/497 3527/2324/496
f 3530/2325/497 3532/2327/498 3531/2328/498 3529/2326/497
f 3532/2327/498 3534/2329/499 3533/2330/499 3531/2328/498
f 3534/2329/499 3536/2331/500 3535/2332/500 3533/2330/499
f 3536/2331/500 3538/2333/501 3537/2334/501 3535/2332/500
f 3538/2333/501 3540/2335/502 3539/2336/502 3537/2334/501
f 3540/2335/502 3542/2337/503 3541/2338/503 3539/2336/502
f 3542/2337/503 3544/2339/504 3543/2340/504 3541/2338/503
f 3544/2339/504 3546/2341/505 3545/2342/505 3543/2340/504
f 3546/2341/505 3548/2343/506 3547/2344/506 3545/2342/505
f 3548/2343/506 3550/2345/507 3549/2346/507 3547/2344/506
f 3550/2345/507 3552/2347/508 3551/2348/508 3549/2346/507
f 3552/2347/508 3554/2349/509 3553/2350/509 3551/2348/508
f 3554/2349/509 3556/2351/510 3555/2352/510 3553/2350/509
f 3556/2351/510 3558/2353/511 3557/2354/511 3555/2352/510
f 3558/2353/511 3560/2355/512 3559/2356/512 3557/2354/511
f 3560/2355/512 3562/2357/513 3561/2358/513 3559/2356/512
f 3562/2357/513 3564/2359/514 3563/2360/514 3561/2358/513
f 3564/2359/514 3566/2361/515 3565/2362/515 3563/2360/514
f 3566/2361/515 3568/2363/516 3567/2364/516 3565/2362/515
f 3568/2363/516 3570/2365/517 3569/2366/517 3567/2364/516
f 3570/2365/517 3572/2367/55 3571/2368/55 3569/2366/517
f 3572/2367/55 3574/2369/56 3573/2370/56 3571/2368/55
f 3574/2369/56 3576/2371/57 3575/2372/57 3573/2370/56
f 3576/2371/57 3578/2373/58 3577/2374/58 3575/2372/57
f 3578/2373/58 3580/2375/59 3579/2376/59 3577/2374/58
f 3580/2375/59 3582/2377/60 3581/2378/60 3579/2376/59
f 3582/2377/60 3584/2379/61 3583/2380/61 3581/2378/60
f 3584/2379/61 3586/2381/62 3585/2382/62 3583/2380/61
f 3586/2381/62 3588/2383/518 3587/2384/518 3585/2382/62
f 3588/2383/518 3590/2385/64 3589/2386/64 3587/2384/518
f 3590/2385/64 3592/2387/65 3591/2388/65 3589/2386/64
f 3592/2387/65 3594/2389/66 3593/2390/66 3591/2388/65
f 3594/2389/66 3596/2391/67 3595/2392/67 3593/2390/66
f 3596/2391/67 3598/2393/68 3597/2394/68 3595/2392/67
f 3598/2393/68 3600/2395/227 3599/2396/227 3597/2394/68
f 3600/2395/227 3602/2397/70 3601/2398/70 3599/2396/227
f 3602/2397/70 3604/2399/71 3603/2400/71 3601/2398/70
f 3604/2399/71 3606/2401/72 3605/2402/72 3603/2400/71
f 3606/2401/72 3608/2403/228 3607/2404/228 3605/2402/72
f 3608/2403/228 3610/2405/74 3609/2406/74 3607/2404/228
f 3610/2405/74 3612/2407/75 3611/2408/75 3609/2406/74
f 3612/2407/75 3614/2409/76 3613/2410/76 3611/2408/75
f 3614/2409/76 3616/2411/77 3615/2412/77 3613/2410/76
f 3616/2411/77 3618/2413/78 3617/2414/78 3615/2412/77
f 3618/2413/78 3620/1491/79 3619/1492/79 3617/2414/78
f 3620/1491/79 3622/2415/519 3621/2416/519 3619/1492/79
f 3622/2415/519 3624/2417/520 3623/2418/520 3621/2416/519
f 3624/2417/520 3626/2419/521 3625/2420/521 3623/2418/520
f 3626/2419/521 3628/2421/522 3627/2422/522 3625/2420/521
f 3628/2421/522 3630/2423/523 3629/2424/523 3627/2422/522
f 3630/2423/523 3632/2425/524 3631/2426/524 3629/2424/523
f 3632/2425/524 3634/2427/525 3633/2428/525 3631/2426/524
f 3634/2427/525 3636/2429/526 3635/2430/526 3633/2428/525
f 3636/2429/526 3638/2431/527 3637/2432/527 3635/2430/526
f 3638/2431/527 3640/2433/528 3639/2434/528 3637/2432/527
f 3640/2433/528 3642/2435/529 3641/2436/529 3639/2434/528
f 3642/2435/529 3644/2437/530 3643/2438/530 3641/2436/529
f 3644/2437/530 3646/2439/531 3645/2440/531 3643/2438/530
f 3646/2439/531 3648/2441/532 3647/2442/532 3645/2440/531
f 3648/2441/532 3650/2443/533 3649/2444/533 3647/2442/532
f 3650/2443/533 3652/2445/534 3651/2446/534 3649/2444/533
f 3652/2445/534 3654/2447/535 3653/2448/535 3651/2446/534
f 3654/2447/535 3656/2449/536 3655/2450/536 3653/2448/535
f 3656/2449/536 3658/2451/537 3657/2452/537 3655/2450/536
f 3658/2451/537 3660/2453/538 3659/2454/538 3657/2452/537
f 3660/2453/538 3662/2455/539 3661/2456/539 3659/2454/538
f 3662/2455/539 3664/2457/540 3663/2458/540 3661/2456/539
f 3664/2457/540 3666/2459/541 3665/2460/541 3663/2458/540
f 3666/2459/541 3668/2461/218 3667/2462/218 3665/2460/541
f 3668/2461/218 3670/2463/542 3669/2464/542 3667/2462/218
f 3670/2463/542 3672/2465/543 3671/2466/543 3669/2464/542
f 3672/2465/543 3674/2467/544 3673/2468/544 3671/2466/543
f 3674/2467/544 3676/2469/545 3675/2470/545 3673/2468/544
f 3676/2469/545 3678/2471/546 3677/2472/546 3675/2470/545
f 3678/2471/546 3680/2473/547 3679/2474/547 3677/2472/546
f 3680/2473/547 3682/2475/548 3681/2476/548 3679/2474/547
f 3682/2475/548 3684/2477/549 3683/2478/549 3681/2476/548
f 3684/2477/549 3686/2479/550 3685/2480/550 3683/2478/549
f 3686/2479/550 3688/2481/551 3687/2482/551 3685/2480/550
f 3688/2481/551 3690/2483/552 3689/2484/552 3687/2482/551
f 3690/2483/552 3692/2485/553 3691/2486/553 3689/2484/552
f 3692/2485/553 3694/2487/554 3693/2488/554 3691/2486/553
f 3694/2487/554 3696/2489/555 3695/2490/555 3693/2488/554
f 3696/2489/555 3698/2491/556 3697/2492/556 3695/2490/555
f 3698/2491/556 3700/2493/557 3699/2494/557 3697/2492/556
f 3700/2493/557 3702/2495/558 3701/2496/558 3699/2494/557
f 3702/2495/558 3704/2497/559 3703/2498/559 3701/2496/558
f 3704/2497/559 3706/2499/560 3705/2500/560 3703/2498/559
f 3706/2499/560 3708/2501/561 3707/2502/561 3705/2500/560
f 3708/2501/561 3710/2503/562 3709/2504/562 3707/2502/561
f 3710/2503/562 3712/2505/563 3711/2506/563 3709/2504/562
f 3712/2505/563 3714/2507/564 3713/2508/564 3711/2506/563
f 3714/2507/564 3716/2509/565 3715/2510/565 3713/2508/564
f 3716/2509/565 3718/2511/566 3717/2512/566 3715/2510/565
f 3718/2511/566 3720/2513/567 3719/2514/567 3717/2512/566
f 3720/2513/567 3722/2515/568 3721/2516/568 3719/2514/567
f 3722/2515/568 3724/2517/569 3723/2518/569 3721/2516/568
f 3724/2517/569 3726/2519/570 3725/2520/570 3723/2518/569
f 3726/2519/570 3728/2521/571 3727/2522/571 3725/2520/570
f 3728/2521/571 3730/2523/572 3729/2524/572 3727/2522/571
f 3730/2523/572 3732/2525/573 3731/2526/573 3729/2524/572
f 3732/2525/573 3734/2527/574 3733/2528/574 3731/2526/573
f 3734/2527/574 3736/2529/575 3735/2530/575 3733/2528/574
f 3736/2529/575 3738/2531/576 3737/2532/576 3735/2530/575
f 3738/2531/576 3740/2533/577 3739/2534/577 3737/2532/576
f 3740/2533/577 3742/2535/578 3741/2536/578 3739/2534/577
f 3742/2535/578 3744/2537/579 3743/2538/579 3741/2536/578
f 3744/2537/579 3746/2539/580 3745/2540/580 3743/2538/579
f 3746/2539/580 3748/2541/581 3747/2542/581 3745/2540/580
f 3748/2541/581 3750/2543/582 3749/2544/582 3747/2542/581
f 3750/2543/582 3752/2545/583 3751/2546/583 3749/2544/582
f 3752/2545/583 3754/2547/584 3753/2548/584 3751/2546/583
f 3754/2547/584 3756/2549/585 3755/2550/585 3753/2548/584
f 3756/2549/585 3758/2551/586 3757/2552/586 3755/2550/585
f 3758/2551/586 3760/2553/587 3759/2554/587 3757/2552/586
f 3760/2553/587 3762/2555/588 3761/2556/588 3759/2554/587
f 3762/2555/588 3764/2557/589 3763/2558/589 3761/2556/588
f 3764/2557/589 3766/2559/590 3765/2560/590 3763/2558/589
f 3766/2559/590 3768/2561/591 3767/2562/591 3765/2560/590
f 3768/2561/591 3770/2563/592 3769/2564/592 3767/2562/591
f 3770/2563/592 3772/2565/593 3771/2566/593 3769/2564/592
f 3772/2565/593 3774/2567/594 3773/2568/594 3771/2566/593
f 3774/2567/594 3776/2569/595 3775/2570/595 3773/2568/594
f 3776/2569/595 3778/2571/596 3777/2572/596 3775/2570/595
f 3778/2571/596 3780/2573/597 3779/2574/597 3777/2572/596
f 3780/2573/597 3782/2575/598 3781/2576/598 3779/2574/597
f 3782/2575/598 3784/2577/599 3783/2578/599 3781/2576/598
f 3784/2577/599 3786/2579/600 3785/2580/600 3783/2578/599
f 3786/2579/600 3788/2581/601 3787/2582/601 3785/2580/600
f 3788/2581/601 3790/2583/602 3789/2584/602 3787/2582/601
f 3790/2583/602 3104/1604/284 3103/109/284 3789/2584/602
f 3792/1154/218 3794/1605/5 3793/1606/5 3791/106/218
f 3794/1605/5 3796/1607/5 3795/1608/5 3793/1606/5
f 3796/1607/5 3798/1609/6 3797/1610/6 3795/1608/5
f 3798/1609/6 3800/1611/7 3799/1612/7 3797/1610/6
f 3800/1611/7 3802/1613/8 3801/1614/8 3799/1612/7
f 3802/1613/8 3804/1615/9 3803/1616/9 3801/1614/8
f 3804/1615/9 3806/1617/10 3805/1618/10 3803/1616/9
f 3806/1617/10 3808/1619/11 3807/1620/11 3805/1618/10
f 3808/1619/11 3810/1621/12 3809/1622/12 3807/1620/11
f 3810/1621/12 3812/1623/13 3811/1624/13 3809/1622/12
f 3812/1623/13 3814/1625/14 3813/1626/14 3811/1624/13
f 3814/1625/14 3816/1627/15 3815/1628/15 3813/1626/14
f 3816/1627/15 3818/1629/16 3817/1630/16 3815/1628/15
f 3818/1629/16 3820/1631/17 3819/1632/17 3817/1630/16
f 3820/1631/17 3822/1633/18 3821/1634/18 3819/1632/17
f 3822/1633/18 3824/1635/19 3823/1636/19 3821/1634/18
f 3824/1635/19 3826/1637/603 3825/1638/603 3823/1636/19
f 3826/1637/603 3828/1639/21 3827/1640/21 3825/1638/603
f 3828/1639/21 3830/1641/604 3829/1642/604 3827/1640/21
f 3830/1641/604 3832/1643/23 3831/1644/23 3829/1642/604
f 3832/1643/23 3834/1645/24 3833/1646/24 3831/1644/23
f 3834/1645/24 3836/1647/25 3835/1648/25 3833/1646/24
f 3836/1647/25 3838/1649/26 3837/1650/26 3835/1648/25
f 3838/1649/26 3840/1651/27 3839/1652/27 3837/1650/26
f 3840/1651/27 3842/1653/28 3841/1654/28 3839/1652/27
f 3842/1653/28 3844/1655/605 3843/1656/605 3841/1654/28
f 3844/1655/605 3846/1657/30 3845/1658/30 3843/1656/605
f 3846/1657/30 3848/1659/31 3847/1660/31 3845/1658/30
f 3848/1659/31 3850/1661/32 3849/1662/32 3847/1660/31
f 3850/1661/32 3852/1663/606 3851/1664/606 3849/1662/32
f 3852/1663/606 3854/1665/34 3853/1666/34 3851/1664/606
f 3854/1665/34 3856/1667/35 3855/1668/35 3853/1666/34
f 3856/1667/35 3858/1669/36 3857/1670/36 3855/1668/35
f 3858/1669/36 3860/1671/37 3859/1672/37 3857/1670/36
f 3860/1671/37 3862/1673/38 3861/1674/38 3859/1672/37
f 3862/1673/38 3864/1675/39 3863/1676/39 3861/1674/38
f 3864/1675/39 3866/1677/40 3865/1678/40 3863/1676/39
f 3866/1677/40 3868/1679/41 3867/1680/41 3865/1678/40
f 3868/1679/41 3870/1681/42 3869/1682/42 3867/1680/41
f 3870/1681/42 3872/1683/224 3871/1684/224 3869/1682/42
f 3872/1683/224 3874/1685/44 3873/1686/44 3871/1684/224
f 3874/1685/44 3876/1687/45 3875/1688/45 3873/1686/44
f 3876/1687/45 3878/1689/46 3877/1690/46 3875/1688/45
f 3878/1689/46 3880/1691/47 3879/1692/47 3877/1690/46
f 3880/1691/47 3882/1693/48 3881/1694/48 3879/1692/47
f 3882/1693/48 3884/1695/49 3883/1696/49 3881/1694/48
f 3884/1695/49 3886/1697/50 3885/1698/50 3883/1696/49
f 3886/1697/50 3888/1699/51 3887/1700/51 3885/1698/50
f 3888/1699/51 3890/1701/52 3889/1702/52 3887/1700/51
f 3890/1701/52 3892/1703/53 3891/1704/53 3889/1702/52
f 3892/1703/53 3894/1705/54 3893/1706/54 3891/1704/53
f 3894/1705/54 3896/1707/55 3895/1708/55 3893/1706/54
f 3896/1707/55 3898/1709/56 3897/1710/56 3895/1708/55
f 3898/1709/56 3900/1711/57 3899/1712/57 3897/1710/56
f 3900/1711/57 3902/1713/58 3901/1714/58 3899/1712/57
f 3902/1713/58 3904/1715/59 3903/1716/59 3901/1714/58
f 3904/1715/59 3906/1717/60 3905/1718/60 3903/1716/59
f 3906/1717/60 3908/1719/226 3907/1720/226 3905/1718/60
f 3908/1719/226 3910/1721/62 3909/1722/62 3907/1720/226
f 3910/1721/62 3912/1723/63 3911/1724/63 3909/1722/62
f 3912/1723/63 3914/1725/64 3913/1726/64 3911/1724/63
f 3914/1725/64 3916/1727/65 3915/1728/65 3913/1726/64
f 3916/1727/65 3918/1729/66 3917/1730/66 3915/1728/65
f 3918/1729/66 3920/1731/67 3919/1732/67 3917/1730/66
f 3920/1731/67 3922/1733/68 3921/1734/68 3919/1732/67
f 3922/1733/68 3924/1735/227 3923/1736/227 3921/1734/68
f 3924/1735/227 3926/1737/70 3925/1738/70 3923/1736/227
f 3926/1737/70 3928/1739/71 3927/1740/71 3925/1738/70
f 3928/1739/71 3930/1741/72 3929/1742/72 3927/1740/71
f 3930/1741/72 3932/1743/228 3931/1744/228 3929/1742/72
f 3932/1743/228 3934/1745/74 3933/1746/74 3931/1744/228
f 3934/1745/74 3936/1747/75 3935/1748/75 3933/1746/74
f 3936/1747/75 3938/1749/76 3937/1750/76 3935/1748/75
f 3938/1749/76 3940/1751/77 3939/1752/77 3937/1750/76
f 3940/1751/77 3942/1753/78 3941/1754/78 3939/1752/77
f 3942/1753/78 3944/1755/79 3943/1756/79 3941/1754/78
f 3944/1755/79 3946/1757/80 3945/1758/80 3943/1756/79
f 3946/1757/80 3948/1759/81 3947/1760/81 3945/1758/80
f 3948/1759/81 3950/1761/82 3949/1762/82 3947/1760/81
f 3950/1761/82 3952/1763/83 3951/1764/83 3949/1762/82
f 3952/1763/83 3954/1765/84 3953/1766/84 3951/1764/83
f 3954/1765/84 3956/1767/85 3955/1768/85 3953/1766/84
f 3956/1767/85 3958/1769/86 3957/1770/86 3955/1768/85
f 3958/1769/86 3960/1771/607 3959/1772/607 3957/1770/86
f 3960/1771/607 3962/1773/88 3961/1774/88 3959/1772/607
f 3962/1773/88 3964/1775/231 3963/1776/231 3961/1774/88
f 3964/1775/231 3966/1777/90 3965/1778/90 3963/1776/231
f 3966/1777/90 3968/1779/91 3967/1780/91 3965/1778/90
f 3968/1779/91 3970/1781/608 3969/1782/608 3967/1780/91
f 3970/1781/608 3972/1783/233 3971/1784/233 3969/1782/608
f 3972/1783/233 3974/1785/94 3973/1786/94 3971/1784/233
f 3974/1785/94 3976/1787/95 3975/1788/95 3973/1786/94
f 3976/1787/95 3978/1789/96 3977/1790/96 3975/1788/95
f 3978/1789/96 3980/1791/97 3979/1792/97 3977/1790/96
f 3980/1791/97 3982/1793/98 3981/1794/98 3979/1792/97
f 3982/1793/98 3984/1795/99 3983/1796/99 3981/1794/98
f 3984/1795/99 3986/1797/100 3985/1798/100 3983/1796/99
f 3986/1797/100 3988/1799/101 3987/1800/101 3985/1798/100
f 3988/1799/101 3990/1801/102 3989/1802/102 3987/1800/101
f 3990/1801/102 3992/1803/103 3991/1804/103 3989/1802/102
f 3992/1803/103 3994/1805/104 3993/1806/104 3991/1804/103
f 3994/1805/104 3996/1807/105 3995/1808/105 3993/1806/104
f 3996/1807/105 3998/1809/55 3997/1810/55 3995/1808/105
f 3998/1809/55 4000/1811/56 3999/1812/56 3997/1810/55
f 4000/1811/56 4002/1813/57 4001/1814/57 3999/1812/56
f 4002/1813/57 4004/1815/58 4003/1816/58 4001/1814/57
f 4004/1815/58 4006/1817/59 4005/1818/59 4003/1816/58
f 4006/1817/59 4008/1819/60 4007/1820/60 4005/1818/59
f 4008/1819/60 4010/1821/61 4009/1822/61 4007/1820/60
f 4010/1821/61 4012/1823/62 4011/1824/62 4009/1822/61
f 4012/1823/62 4014/1825/63 4013/1826/63 4011/1824/62
f 4014/1825/63 4016/1827/64 4015/1828/64 4013/1826/63
f 4016/1827/64 4018/1829/65 4017/1830/65 4015/1828/64
f 4018/1829/65 4020/1831/66 4019/1832/66 4017/1830/65
f 4020/1831/66 4022/1833/67 4021/1834/67 4019/1832/66
f 4022/1833/67 4024/1835/68 4023/1836/68 4021/1834/67
f 4024/1835/68 4026/1837/227 4025/1838/227 4023/1836/68
f 4026/1837/227 4028/1839/70 4027/1840/70 4025/1838/227
f 4028/1839/70 4030/1841/71 4029/1842/71 4027/1840/70
f 4030/1841/71 4032/1843/72 4031/1844/72 4029/1842/71
f 4032/1843/72 4034/1845/228 4033/1846/228 4031/1844/72
f 4034/1845/228 4036/1847/74 4035/1848/74 4033/1846/228
f 4036/1847/74 4038/1849/75 4037/1850/75 4035/1848/74
f 4038/1849/75 4040/1851/76 4039/1852/76 4037/1850/75
f 4040/1851/76 4042/1853/77 4041/1854/77 4039/1852/76
f 4042/1853/77 4044/1855/230 4043/1856/230 4041/1854/77
f 4044/1855/230 4046/1857/79 4045/1858/79 4043/1856/230
f 4046/1857/79 4048/1859/519 4047/1860/519 4045/1858/79
f 4048/1859/519 4050/1861/520 4049/1862/520 4047/1860/519
f 4050/1861/520 4052/1863/521 4051/1864/521 4049/1862/520
f 4052/1863/521 4054/1865/522 4053/1866/522 4051/1864/521
f 4054/1865/522 4056/1867/523 4055/1868/523 4053/1866/522
f 4056/1867/523 4058/1869/524 4057/1870/524 4055/1868/523
f 4058/1869/524 4060/1871/525 4059/1872/525 4057/1870/524
f 4060/1871/525 4062/1873/526 4061/1874/526 4059/1872/525
f 4062/1873/526 4064/1875/527 4063/1876/527 4061/1874/526
f 4064/1875/527 4066/1877/528 4065/1878/528 4063/1876/527
f 4066/1877/528 4068/1879/529 4067/1880/529 4065/1878/528
f 4068/1879/529 4070/1881/530 4069/1882/530 4067/1880/529
f 4070/1881/530 4072/1883/531 4071/1884/531 4069/1882/530
f 4072/1883/531 4074/1885/532 4073/1886/532 4071/1884/531
f 4074/1885/532 4076/1887/533 4075/1888/533 4073/1886/532
f 4076/1887/533 4078/1889/534 4077/1890/534 4075/1888/533
f 4078/1889/534 4080/1891/535 4079/1892/535 4077/1890/534
f 4080/1891/535 4082/1893/536 4081/1894/536 4079/1892/535
f 4082/1893/536 4084/1895/537 4083/1896/537 4081/1894/536
f 4084/1895/537 4086/1897/538 4085/1898/538 4083/1896/537
f 4086/1897/538 4088/1899/539 4087/1900/539 4085/1898/538
f 4088/1899/539 4090/1901/540 4089/1902/540 4087/1900/539
f 4090/1901/540 4092/1903/541 4091/1904/541 4089/1902/540
f 4092/1903/541 3792/1604/218 3791/109/218 4091/1904/541
f 4094/1154/609 4096/2585/610 4095/2586/610 4093/106/609
f 4096/2585/610 4098/2587/611 4097/2588/611 4095/2586/610
f 4098/2587/611 4100/2589/612 4099/2590/612 4097/2588/611
f 4100/2589/612 4102/2591/613 4101/2592/613 4099/2590/612
f 4102/2591/613 4104/2593/614 4103/2594/614 4101/2592/613
f 4104/2593/614 4106/2595/615 4105/2596/615 4103/2594/614
f 4106/2595/615 4108/2597/616 4107/2598/616 4105/2596/615
f 4108/2597/616 4110/2599/617 4109/2600/617 4107/2598/616
f 4110/2599/617 4112/2601/618 4111/2602/618 4109/2600/617
f 4112/2601/618 4114/2603/619 4113/2604/619 4111/2602/618
f 4114/2603/619 4116/2605/620 4115/2606/620 4113/2604/619
f 4116/2605/620 4118/2607/621 4117/2608/621 4115/2606/620
f 4118/2607/621 4120/2609/622 4119/2610/622 4117/2608/621
f 4120/2609/622 4122/2611/623 4121/2612/623 4119/2610/622
f 4122/2611/623 4124/2613/624 4123/2614/624 4121/2612/623
f 4124/2613/624 4126/2615/625 4125/2616/625 4123/2614/624
f 4126/2615/625 4128/2617/626 4127/2618/626 4125/2616/625
f 4128/2617/626 4130/2619/627 4129/2620/627 4127/2618/626
f 4130/2619/627 4132/2621/628 4131/2622/628 4129/2620/627
f 4132/2621/628 4134/2623/629 4133/2624/629 4131/2622/628
f 4134/2623/629 4136/2625/630 4135/2626/630 4133/2624/629
f 4136/2625/630 4138/2627/631 4137/2628/631 4135/2626/630
f 4138/2627/631 4140/2629/632 4139/2630/632 4137/2628/631
f 4140/2629/632 4142/2631/633 4141/2632/633 4139/2630/632
f 4142/2631/633 4144/2633/634 4143/2634/634 4141/2632/633
f 4144/2633/634 4146/2635/635 4145/2636/635 4143/2634/634
f 4146/2635/635 4148/2637/636 4147/2638/636 4145/2636/635
f 4148/2637/636 4150/2639/637 4149/2640/637 4147/2638/636
f 4150/2639/637 4152/2641/638 4151/2642/638 4149/2640/637
f 4152/2641/638 4154/2643/639 4153/2644/639 4151/2642/638
f 4154/2643/639 4156/2645/640 4155/2646/640 4153/2644/639
f 4156/2645/640 4158/2647/641 4157/2648/641 4155/2646/640
f 4158/2647/641 4160/2649/642 4159/2650/642 4157/2648/641
f 4160/2649/642 4162/2651/643 4161/2652/643 4159/2650/642
f 4162/2651/643 4164/2653/644 4163/2654/644 4161/2652/643
f 4164/2653/644 4166/2655/645 4165/2656/645 4163/2654/644
f 4166/2655/645 4168/2657/646 4167/2658/646 4165/2656/645
f 4168/2657/646 4170/2659/647 4169/2660/647 4167/2658/646
f 4170/2659/647 4172/2661/648 4171/2662/648 4169/2660/647
f 4172/2661/648 4174/2663/649 4173/2664/649 4171/2662/648
f 4174/2663/649 4176/2665/650 4175/2666/650 4173/2664/649
f 4176/2665/650 4178/2667/651 4177/2668/651 4175/2666/650
f 4178/2667/651 4180/2669/652 4179/2670/652 4177/2668/651
f 4180/2669/652 4182/2671/653 4181/2672/653 4179/2670/652
f 4182/2671/653 4184/2673/379 4183/2674/379 4181/2672/653
f 4184/2673/379 4186/2675/654 4185/2676/654 4183/2674/379
f 4186/2675/654 4188/2677/655 4187/2678/655 4185/2676/654
f 4188/2677/655 4190/2679/656 4189/2680/656 4187/2678/655
f 4190/2679/656 4192/2681/657 4191/2682/657 4189/2680/656
f 4192/2681/657 4194/2683/658 4193/2684/658 4191/2682/657
f 4194/2683/658 4196/2685/659 4195/2686/659 4193/2684/658
f 4196/2685/659 4198/2687/660 4197/2688/660 4195/2686/659
f 4198/2687/660 4200/2689/661 4199/2690/661 4197/2688/660
f 4200/2689/661 4202/2691/662 4201/2692/662 4199/2690/661
f 4202/2691/662 4204/2693/663 4203/2694/663 4201/2692/662
f 4204/2693/663 4206/2695/664 4205/2696/664 4203/2694/663
f 4206/2695/664 4208/2697/665 4207/2698/665 4205/2696/664
f 4208/2697/665 4210/2699/666 4209/2700/666 4207/2698/665
f 4210/2699/666 4212/2701/667 4211/2702/667 4209/2700/666
f 4212/2701/667 4214/2703/668 4213/2704/668 4211/2702/667
f 4214/2703/668 4216/2705/669 4215/2706/669 4213/2704/668
f 4216/2705/669 4218/2707/234 4217/2708/234 4215/2706/669
f 4218/2707/234 4220/2709/670 4219/2710/670 4217/2708/234
f 4220/2709/670 4222/2711/671 4221/2712/671 4219/2710/670
f 4222/2711/671 4224/2713/672 4223/2714/672 4221/2712/671
f 4224/2713/672 4226/2715/673 4225/2716/673 4223/2714/672
f 4226/2715/673 4228/2717/674 4227/2718/674 4225/2716/673
f 4228/2717/674 4230/2719/675 4229/2720/675 4227/2718/674
f 4230/2719/675 4232/2721/676 4231/2722/676 4229/2720/675
f 4232/2721/676 4234/2723/677 4233/2724/677 4231/2722/676
f 4234/2723/677 4236/2725/678 4235/2726/678 4233/2724/677
f 4236/2725/678 4238/2727/679 4237/2728/679 4235/2726/678
f 4238/2727/679 4240/2729/680 4239/2730/680 4237/2728/679
f 4240/2729/680 4242/2731/681 4241/2732/681 4239/2730/680
f 4242/2731/681 4244/2733/682 4243/2734/682 4241/2732/681
f 4244/2733/682 4246/2735/683 4245/2736/683 4243/2734/682
f 4246/2735/683 4248/2737/684 4247/2738/684 4245/2736/683
f 4248/2737/684 4250/2739/685 4249/2740/685 4247/2738/684
f 4250/2739/685 4252/2741/686 4251/2742/686 4249/2740/685
f 4252/2741/686 4254/2743/687 4253/2744/687 4251/2742/686
f 4254/2743/687 4256/2745/688 4255/2746/688 4253/2744/687
f 4256/2745/688 4258/2747/689 4257/2748/689 4255/2746/688
f 4258/2747/689 4260/2749/690 4259/2750/690 4257/2748/689
f 4260/2749/690 4262/2751/691 4261/2752/691 4259/2750/690
f 4262/2751/691 4264/2753/692 4263/2754/692 4261/2752/691
f 4264/2753/692 4266/2755/693 4265/2756/693 4263/2754/692
f 4266/2755/693 4268/2757/694 4267/2758/694 4265/2756/693
f 4268/2757/694 4270/2759/695 4269/2760/695 4267/2758/694
f 4270/2759/695 4272/2761/696 4271/2762/696 4269/2760/695
f 4272/2761/696 4274/2763/697 4273/2764/697 4271/2762/696
f 4274/2763/697 4276/2765/698 4275/2766/698 4273/2764/697
f 4276/2765/698 4278/2767/699 4277/2768/699 4275/2766/698
f 4278/2767/699 4280/2769/700 4279/2770/700 4277/2768/699
f 4280/2769/700 4282/2771/701 4281/2772/701 4279/2770/700
f 4282/2771/701 4284/2773/702 4283/2774/702 4281/2772/701
f 4284/2773/702 4286/2775/703 4285/2776/703 4283/2774/702
f 4286/2775/703 4288/2777/704 4287/2778/704 4285/2776/703
f 4288/2777/704 4290/2779/705 4289/2780/705 4287/2778/704
f 4290/2779/705 4292/2781/706 4291/2782/706 4289/2780/705
f 4292/2781/706 4294/2783/707 4293/2784/707 4291/2782/706
f 4294/2783/707 4296/2785/708 4295/2786/708 4293/2784/707
f 4296/2785/708 4298/2787/709 4297/2788/709 4295/2786/708
f 4298/2787/709 4300/2789/710 4299/2790/710 4297/2788/709
f 4300/2789/710 4302/2791/711 4301/2792/711 4299/2790/710
f 4302/2791/711 4304/2793/712 4303/2794/712 4301/2792/711
f 4304/2793/712 4306/2795/713 4305/2796/713 4303/2794/712
f 4306/2795/713 4308/2797/714 4307/2798/714 4305/2796/713
f 4308/2797/714 4310/2799/715 4309/2800/715 4307/2798/714
f 4310/2799/715 4312/2801/716 4311/2802/716 4309/2800/715
f 4312/2801/716 4314/2803/717 4313/2804/717 4311/2802/716
f 4314/2803/717 4316/2805/718 4315/2806/718 4313/2804/717
f 4316/2805/718 4318/2807/719 4317/2808/719 4315/2806/718
f 4318/2807/719 4320/2809/720 4319/2810/720 4317/2808/719
f 4320/2809/720 4322/2811/721 4321/2812/721 4319/2810/720
f 4322/2811/721 4324/2813/722 4323/2814/722 4321/2812/721
f 4324/2813/722 4326/2815/723 4325/2816/723 4323/2814/722
f 4326/2815/723 4328/2817/724 4327/2818/724 4325/2816/723
f 4328/2817/724 4330/2819/725 4329/2820/725 4327/2818/724
f 4330/2819/725 4332/2821/726 4331/2822/726 4329/2820/725
f 4332/2821/726 4334/2823/727 4333/2824/727 4331/2822/726
f 4334/2823/727 4336/2825/728 4335/2826/728 4333/2824/727
f 4336/2825/728 4338/2827/729 4337/2828/729 4335/2826/728
f 4338/2827/729 4340/2829/730 4339/2830/730 4337/2828/729
f 4340/2829/730 4342/2831/731 4341/2832/731 4339/2830/730
f 4342/2831/731 4344/2833/732 4343/2834/732 4341/2832/731
f 4344/2833/732 4346/2835/733 4345/2836/733 4343/2834/732
f 4346/2835/733 4348/2837/734 4347/2838/734 4345/2836/733
f 4348/2837/734 4350/2839/735 4349/2840/735 4347/2838/734
f 4350/2839/735 4352/2841/736 4351/2842/736 4349/2840/735
f 4352/2841/736 4354/2843/737 4353/2844/737 4351/2842/736
f 4354/2843/737 4356/2845/738 4355/2846/738 4353/2844/737
f 4356/2845/738 4358/2847/739 4357/2848/739 4355/2846/738
f 4358/2847/739 4360/2849/740 4359/2850/740 4357/2848/739
f 4360/2849/740 4362/2851/464 4361/2852/464 4359/2850/740
f 4362/2851/464 4364/2853/741 4363/2854/741 4361/2852/464
f 4364/2853/741 4366/2855/742 4365/2856/742 4363/2854/741
f 4366/2855/742 4368/2857/743 4367/2858/743 4365/2856/742
f 4368/2857/743 4370/2859/744 4369/2860/744 4367/2858/743
f 4370/2859/744 4372/2861/745 4371/2862/745 4369/2860/744
f 4372/2861/745 4374/2863/746 4373/2864/746 4371/2862/745
f 4374/2863/746 4376/2865/747 4375/2866/747 4373/2864/746
f 4376/2865/747 4378/2867/748 4377/2868/748 4375/2866/747
f 4378/2867/748 4380/2869/749 4379/2870/749 4377/2868/748
f 4380/2869/749 4382/2871/750 4381/2872/750 4379/2870/749
f 4382/2871/750 4384/2873/751 4383/2874/751 4381/2872/750
f 4384/2873/751 4386/2875/752 4385/2876/752 4383/2874/751
f 4386/2875/752 4388/2877/753 4387/2878/753 4385/2876/752
f 4388/2877/753 4390/2879/754 4389/2880/754 4387/2878/753
f 4390/2879/754 4392/2881/755 4391/2882/755 4389/2880/754
f 4392/2881/755 4394/2883/756 4393/2884/756 4391/2882/755
f 4394/2883/756 4396/2885/757 4395/2886/757 4393/2884/756
f 4396/2885/757 4398/2887/758 4397/2888/758 4395/2886/757
f 4398/2887/758 4400/2889/759 4399/2890/759 4397/2888/758
f 4400/2889/759 4402/2891/760 4401/2892/760 4399/2890/759
f 4402/2891/760 4404/2893/761 4403/2894/761 4401/2892/760
f 4404/2893/761 4406/2895/762 4405/2896/762 4403/2894/761
f 4406/2895/762 4408/2897/763 4407/2898/763 4405/2896/762
f 4408/2897/763 4410/2899/764 4409/2900/764 4407/2898/763
f 4410/2899/764 4412/2901/765 4411/2902/765 4409/2900/764
f 4412/2901/765 4414/2903/766 4413/2904/766 4411/2902/765
f 4414/2903/766 4416/2905/767 4415/2906/767 4413/2904/766
f 4416/2905/767 4418/2907/768 4417/2908/768 4415/2906/767
f 4418/2907/768 4420/2909/769 4419/2910/769 4417/2908/768
f 4420/2909/769 4422/2911/770 4421/2912/770 4419/2910/769
f 4422/2911/770 4424/2913/771 4423/2914/771 4421/2912/770
f 4424/2913/771 4426/2915/772 4425/2916/772 4423/2914/771
f 4426/2915/772 4428/2917/773 4427/2918/773 4425/2916/772
f 4428/2917/773 4430/2919/774 4429/2920/774 4427/2918/773
f 4430/2919/774 4432/2921/775 4431/2922/775 4429/2920/774
f 4432/2921/775 4434/2923/776 4433/2924/776 4431/2922/775
f 4434/2923/776 4436/2925/777 4435/2926/777 4433/2924/776
f 4436/2925/777 4438/2927/778 4437/2928/778 4435/2926/777
f 4438/2927/778 4440/2929/779 4439/2930/779 4437/2928/778
f 4440/2929/779 4442/2931/780 4441/2932/780 4439/2930/779
f 4442/2931/780 4444/2933/781 4443/2934/781 4441/2932/780
f 4444/2933/781 4446/2935/782 4445/2936/782 4443/2934/781
f 4446/2935/782 4448/2937/783 4447/2938/783 4445/2936/782
f 4448/2937/783 4450/2939/784 4449/2940/784 4447/2938/783
f 4450/2939/784 4452/2941/785 4451/2942/785 4449/2940/784
f 4452/2941/785 4454/2943/786 4453/2944/786 4451/2942/785
f 4454/2943/786 4456/2945/787 4455/2946/787 4453/2944/786
f 4456/2945/787 4458/2947/788 4457/2948/788 4455/2946/787
f 4458/2947/788 4460/2949/789 4459/2950/789 4457/2948/788
f 4460/2949/789 4462/2951/790 4461/2952/790 4459/2950/789
f 4462/2951/790 4464/2953/791 4463/2954/791 4461/2952/790
f 4464/2953/791 4466/2955/792 4465/2956/792 4463/2954/791
f 4466/2955/792 4468/2957/793 4467/2958/793 4465/2956/792
f 4468/2957/793 4470/2959/794 4469/2960/794 4467/2958/793
f 4470/2959/794 4472/2961/795 4471/2962/795 4469/2960/794
f 4472/2961/795 4474/2963/796 4473/2964/796 4471/2962/795
f 4474/2963/796 4476/2965/797 4475/2966/797 4473/2964/796
f 4476/2965/797 4478/2967/798 4477/2968/798 4475/2966/797
f 4478/2967/798 4480/2969/799 4479/2970/799 4477/2968/798
f 4480/2969/799 4482/2971/800 4481/2972/800 4479/2970/799
f 4482/2971/800 4484/2973/801 4483/2974/801 4481/2972/800
f 4484/2973/801 4486/2975/802 4485/2976/802 4483/2974/801
f 4486/2975/802 4488/2977/803 4487/2978/803 4485/2976/802
f 4488/2977/803 4490/2979/804 4489/2980/804 4487/2978/803
f 4490/2979/804 4492/2981/805 4491/2982/805 4489/2980/804
f 4492/2981/805 4494/2983/806 4493/2984/806 4491/2982/805
f 4494/2983/806 4496/2985/807 4495/2986/807 4493/2984/806
f 4496/2985/807 4498/2987/808 4497/2988/808 4495/2986/807
f 4498/2987/808 4500/2989/809 4499/2990/809 4497/2988/808
f 4500/2989/809 4502/2991/810 4501/2992/810 4499/2990/809
f 4502/2991/810 4504/2993/811 4503/2994/811 4501/2992/810
f 4504/2993/811 4506/2995/812 4505/2996/812 4503/2994/811
f 4506/2995/812 4508/2997/813 4507/2998/813 4505/2996/812
f 4508/2997/813 4510/2999/814 4509/3000/814 4507/2998/813
f 4510/2999/814 4512/3001/815 4511/3002/815 4509/3000/814
f 4512/3001/815 4514/3003/816 4513/3004/816 4511/3002/815
f 4514/3003/816 4516/3005/817 4515/3006/817 4513/3004/816
f 4516/3005/817 4518/3007/818 4517/3008/818 4515/3006/817
f 4518/3007/818 4520/3009/819 4519/3010/819 4517/3008/818
f 4520/3009/819 4522/3011/820 4521/3012/820 4519/3010/819
f 4522/3011/820 4524/3013/821 4523/3014/821 4521/3012/820
f 4524/3013/821 4526/3015/822 4525/3016/822 4523/3014/821
f 4526/3015/822 4528/3017/823 4527/3018/823 4525/3016/822
f 4528/3017/823 4530/3019/824 4529/3020/824 4527/3018/823
f 4530/3019/824 4532/3021/825 4531/3022/825 4529/3020/824
f 4532/3021/825 4534/3023/826 4533/3024/826 4531/3022/825
f 4534/3023/826 4536/3025/827 4535/3026/827 4533/3024/826
f 4536/3025/827 4538/3027/828 4537/3028/828 4535/3026/827
f 4538/3027/828 4540/3029/829 4539/3030/829 4537/3028/828
f 4540/3029/829 4542/3031/830 4541/3032/830 4539/3030/829
f 4542/3031/830 4544/3033/831 4543/3034/831 4541/3032/830
f 4544/3033/831 4546/3035/832 4545/3036/832 4543/3034/831
f 4546/3035/832 4548/3037/833 4547/3038/833 4545/3036/832
f 4548/3037/833 4550/3039/834 4549/3040/834 4547/3038/833
f 4550/3039/834 4552/3041/835 4551/3042/835 4549/3040/834
f 4552/3041/835 4554/3043/836 4553/3044/836 4551/3042/835
f 4554/3043/836 4556/3045/837 4555/3046/837 4553/3044/836
f 4556/3045/837 4558/3047/838 4557/3048/838 4555/3046/837
f 4558/3047/838 4560/3049/839 4559/3050/839 4557/3048/838
f 4560/3049/839 4562/3051/840 4561/3052/840 4559/3050/839
f 4562/3051/840 4564/3053/841 4563/3054/841 4561/3052/840
f 4564/3053/841 4566/3055/842 4565/3056/842 4563/3054/841
f 4566/3055/842 4568/3057/843 4567/3058/843 4565/3056/842
f 4568/3057/843 4570/3059/844 4569/3060/844 4567/3058/843
f 4570/3059/844 4572/3061/845 4571/3062/845 4569/3060/844
f 4572/3061/845 4574/3063/846 4573/3064/846 4571/3062/845
f 4574/3063/846 4094/1604/609 4093/109/609 4573/3064/846
f 4576/1154/847 4578/3065/848 4577/510/848 4575/106/847
f 4578/3065/848 4580/3066/849 4579/522/849 4577/510/848
f 4580/3066/849 4582/3067/850 4581/535/850 4579/522/849
f 4582/3067/850 4584/3068/851 4583/548/851 4581/535/850
f 4584/3068/851 4586/3069/852 4585/561/852 4583/548/851
f 4586/3069/852 4588/3070/853 4587/574/853 4585/561/852
f 4588/3070/853 4590/3071/854 4589/586/854 4587/574/853
f 4590/3071/854 4592/3072/855 4591/599/855 4589/586/854
f 4592/3072/855 4594/3073/856 4593/613/856 4591/599/855
f 4594/3073/856 4596/3074/857 4595/624/857 4593/613/856
f 4596/3074/857 4598/3075/858 4597/637/858 4595/624/857
f 4598/3075/858 4600/3076/250 4599/684/250 4597/637/858
f 4600/3076/250 4602/3077/859 4601/720/859 4599/684/250
f 4602/3077/859 4604/3078/860 4603/743/860 4601/720/859
f 4604/3078/860 4606/3079/861 4605/738/861 4603/743/860
f 4606/3079/861 4608/3080/862 4607/718/862 4605/738/861
f 4608/3080/862 4610/3081/863 4609/694/863 4607/718/862
f 4610/3081/863 4612/3082/864 4611/667/864 4609/694/863
f 4612/3082/864 4614/3083/865 4613/652/865 4611/667/864
f 4614/3083/865 4616/3084/866 4615/653/866 4613/652/865
f 4616/3084/866 4618/3085/867 4617/666/867 4615/653/866
f 4618/3085/867 4620/3086/868 4619/681/868 4617/666/867
f 4620/3086/868 4622/3087/869 4621/695/869 4619/681/868
f 4622/3087/869 4624/3088/870 4623/713/870 4621/695/869
f 4624/3088/870 4626/3089/871 4625/736/871 4623/713/870
f 4626/3089/871 4628/3090/872 4627/758/872 4625/736/871
f 4628/3090/872 4630/3091/873 4629/770/873 4627/758/872
f 4630/3091/873 4632/3092/874 4631/781/874 4629/770/873
f 4632/3092/874 4634/3093/875 4633/764/875 4631/781/874
f 4634/3093/875 4636/3094/876 4635/739/876 4633/764/875
f 4636/3094/876 4638/3095/877 4637/670/877 4635/739/876
f 4638/3095/877 4640/3096/878 4639/632/878 4637/670/877
f 4640/3096/878 4642/3097/879 4641/615/879 4639/632/878
f 4642/3097/879 4644/3098/880 4643/600/880 4641/615/879
f 4644/3098/880 4646/3099/881 4645/584/881 4643/600/880
f 4646/3099/881 4648/3100/882 4647/569/882 4645/584/881
f 4648/3100/882 4650/3101/883 4649/554/883 4647/569/882
f 4650/3101/883 4652/3102/884 4651/539/884 4649/554/883
f 4652/3102/884 4654/3103/885 4653/523/885 4651/539/884
f 4654/3103/885 4656/3104/886 4655/506/886 4653/523/885
f 4656/3104/886 4658/3105/887 4657/490/887 4655/506/886
f 4658/3105/887 4660/3106/888 4659/470/888 4657/490/887
f 4660/3106/888 4662/3107/889 4661/455/889 4659/470/888
f 4662/3107/889 4664/3108/890 4663/442/890 4661/455/889
f 4664/3108/890 4666/3109/891 4665/452/891 4663/442/890
f 4666/3109/891 4668/3110/892 4667/465/892 4665/452/891
f 4668/3110/892 4670/3111/893 4669/477/893 4667/465/892
f 4670/3111/893 4672/3112/894 4671/488/894 4669/477/893
f 4672/3112/894 4576/1604/847 4575/109/847 4671/488/894
